Timestamp,Soil_Moisture,Solar_Radiation,Air_Temperature,Relative_Humidity,VPD,Stress
2026-01-01 06:00:00,75.19,0,26.55,76.35,0.82,Low
2026-01-01 06:05:00,75.15,0,27.96,71.23,1.09,Low
2026-01-01 06:10:00,75.11,4394,26.79,71.55,1.0,Low
2026-01-01 06:15:00,75.06,6809,27.82,70.33,1.11,Low
2026-01-01 06:20:00,74.99,5754,28.32,72.71,1.05,Low
2026-01-01 06:25:00,74.94,8819,27.55,75.37,0.91,Low
2026-01-01 06:30:00,74.88,10632,27.23,75.46,0.89,Low
2026-01-01 06:35:00,74.8,16590,28.83,69.91,1.19,Low
2026-01-01 06:40:00,74.74,17677,28.15,73.24,1.02,Low
2026-01-01 06:45:00,74.71,19973,29.28,69.87,1.23,Low
2026-01-01 06:50:00,74.67,20380,28.19,68.65,1.2,Low
2026-01-01 06:55:00,74.62,22436,28.1,72.18,1.06,Low
2026-01-01 07:00:00,74.54,24138,28.81,68.34,1.25,Low
2026-01-01 07:05:00,74.48,28637,29.53,66.1,1.4,Low
2026-01-01 07:10:00,74.42,29347,28.73,72.85,1.07,Low
2026-01-01 07:15:00,74.35,33251,29.69,69.78,1.26,Low
2026-01-01 07:20:00,74.3,31394,29.19,67.75,1.31,Low
2026-01-01 07:25:00,74.26,38901,29.32,70.82,1.19,Low
2026-01-01 07:30:00,74.21,37642,30.37,68.63,1.36,Low
2026-01-01 07:35:00,74.16,38754,29.75,67.94,1.34,Low
2026-01-01 07:40:00,74.11,44648,30.55,65.13,1.53,Low
2026-01-01 07:45:00,74.07,44286,31.53,61.02,1.81,Medium
2026-01-01 07:50:00,74.0,46939,29.91,68.95,1.31,Low
2026-01-01 07:55:00,73.93,47388,29.97,70.03,1.27,Low
2026-01-01 08:00:00,73.84,52164,31.94,59.6,1.91,Medium
2026-01-01 08:05:00,73.76,52099,31.51,62.12,1.75,Medium
2026-01-01 08:10:00,73.66,53338,30.52,65.52,1.51,Low
2026-01-01 08:15:00,73.58,54137,32.2,61.95,1.83,Medium
2026-01-01 08:20:00,73.46,59580,32.41,60.24,1.94,Medium
2026-01-01 08:25:00,73.39,57048,31.95,64.09,1.7,Medium
2026-01-01 08:30:00,73.3,61058,32.43,58.42,2.03,Medium
2026-01-01 08:35:00,73.21,65166,31.05,66.87,1.49,Low
2026-01-01 08:40:00,73.11,61626,31.76,65.23,1.63,Medium
2026-01-01 08:45:00,73.02,65850,31.45,61.09,1.79,Medium
2026-01-01 08:50:00,72.9,65329,32.94,60.1,2.0,Medium
2026-01-01 08:55:00,72.74,71385,32.06,61.8,1.82,Medium
2026-01-01 09:00:00,72.56,72090,32.74,58.92,2.04,Medium
2026-01-01 09:05:00,72.33,73135,33.77,57.96,2.21,Medium
2026-01-01 09:10:00,72.09,72075,32.14,61.11,1.86,Medium
2026-01-01 09:15:00,71.84,73505,32.47,58.73,2.02,Medium
2026-01-01 09:20:00,71.7,79036,32.59,63.21,1.81,Medium
2026-01-01 09:25:00,71.56,79002,32.72,59.04,2.03,Medium
2026-01-01 09:30:00,71.27,79761,34.22,57.13,2.31,Medium
2026-01-01 09:35:00,71.07,78786,34.07,55.23,2.39,Medium
2026-01-01 09:40:00,70.81,81717,33.4,60.55,2.03,Medium
2026-01-01 09:45:00,70.62,80737,34.62,55.79,2.43,Medium
2026-01-01 09:50:00,70.41,82831,34.47,54.86,2.46,Medium
2026-01-01 09:55:00,70.1,84162,33.68,57.03,2.25,Medium
2026-01-01 10:00:00,69.97,88770,33.81,58.53,2.18,High
2026-01-01 10:05:00,69.66,89688,35.01,58.29,2.35,High
2026-01-01 10:10:00,69.49,86698,34.79,55.89,2.45,High
2026-01-01 10:15:00,69.17,87039,33.98,57.13,2.28,High
2026-01-01 10:20:00,68.96,92335,33.78,58.03,2.21,High
2026-01-01 10:25:00,68.7,94503,35.24,55.29,2.55,High
2026-01-01 10:30:00,68.46,91168,33.7,61.3,2.02,High
2026-01-01 10:35:00,68.22,94688,34.54,53.9,2.53,High
2026-01-01 10:40:00,67.9,96085,34.52,54.54,2.49,High
2026-01-01 10:45:00,67.64,92807,33.74,58.98,2.15,High
2026-01-01 10:50:00,67.47,93091,34.1,59.91,2.14,High
2026-01-01 10:55:00,67.23,96721,34.87,55.32,2.49,High
2026-01-01 11:00:00,66.97,99200,34.77,54.25,2.54,High
2026-01-01 11:05:00,66.78,96508,34.25,58.26,2.25,High
2026-01-01 11:10:00,66.57,99140,34.44,54.22,2.5,High
2026-01-01 11:15:00,66.4,100000,35.84,51.0,2.89,High
2026-01-01 11:20:00,66.11,100000,34.41,59.14,2.22,High
2026-01-01 11:25:00,65.84,96782,34.65,58.32,2.3,High
2026-01-01 11:30:00,65.72,100000,35.15,56.07,2.49,High
2026-01-01 11:35:00,65.41,98201,35.59,55.13,2.61,High
2026-01-01 11:40:00,65.17,97312,34.24,54.89,2.43,High
2026-01-01 11:45:00,65.01,100000,34.53,57.89,2.31,High
2026-01-01 11:50:00,64.71,98488,35.26,54.83,2.58,High
2026-01-01 11:55:00,64.53,97529,35.69,53.45,2.72,High
2026-01-01 12:00:00,64.35,100000,34.01,58.61,2.2,High
2026-01-01 12:05:00,64.23,100000,35.48,53.96,2.66,High
2026-01-01 12:10:00,64.0,100000,34.14,59.89,2.15,High
2026-01-01 12:15:00,63.85,100000,35.65,51.89,2.8,High
2026-01-01 12:20:00,63.55,100000,34.59,58.23,2.3,High
2026-01-01 12:25:00,63.41,97666,35.75,52.27,2.8,High
2026-01-01 12:30:00,63.17,100000,35.49,53.81,2.67,High
2026-01-01 12:35:00,62.85,100000,34.22,59.49,2.18,High
2026-01-01 12:40:00,62.58,100000,35.5,51.5,2.8,High
2026-01-01 12:45:00,62.28,100000,34.51,58.44,2.27,High
2026-01-01 12:50:00,62.14,96230,35.43,56.23,2.52,High
2026-01-01 12:55:00,61.85,99285,35.52,52.65,2.74,High
2026-01-01 13:00:00,61.68,95423,34.65,58.08,2.31,High
2026-01-01 13:05:00,61.38,94163,33.73,57.4,2.23,High
2026-01-01 13:10:00,61.18,94046,35.56,55.05,2.61,High
2026-01-01 13:15:00,61.04,94910,35.54,56.9,2.5,High
2026-01-01 13:20:00,60.86,92040,35.46,57.22,2.47,High
2026-01-01 13:25:00,60.68,92808,33.67,59.92,2.09,High
2026-01-01 13:30:00,60.44,92456,34.6,55.72,2.44,High
2026-01-01 13:35:00,60.13,92783,33.83,55.2,2.36,High
2026-01-01 13:40:00,59.87,91947,34.33,58.5,2.25,High
2026-01-01 13:45:00,59.68,87107,33.9,59.01,2.17,High
2026-01-01 13:50:00,59.5,90789,33.72,59.75,2.11,High
2026-01-01 13:55:00,59.32,87123,33.63,58.06,2.19,High
2026-01-01 14:00:00,59.06,86125,33.18,62.32,1.91,Medium
2026-01-01 14:05:00,58.83,86184,34.64,55.12,2.47,High
2026-01-01 14:10:00,58.59,83060,32.75,60.26,1.97,Medium
2026-01-01 14:15:00,58.43,82936,33.96,57.54,2.25,High
2026-01-01 14:20:00,58.27,84322,33.5,60.73,2.03,High
2026-01-01 14:25:00,58.08,80737,32.62,61.77,1.88,Medium
2026-01-01 14:30:00,57.91,80842,33.98,58.87,2.19,High
2026-01-01 14:35:00,57.7,75135,32.64,59.4,2.0,Medium
2026-01-01 14:40:00,57.45,74041,33.83,57.68,2.23,High
2026-01-01 14:45:00,57.28,76362,32.4,61.44,1.88,Medium
2026-01-01 14:50:00,57.0,70761,33.21,61.12,1.98,Medium
2026-01-01 14:55:00,56.79,71787,31.99,60.47,1.88,Medium
2026-01-01 15:00:00,56.65,68011,32.69,59.3,2.01,High
2026-01-01 15:05:00,56.33,70959,32.45,62.38,1.83,Medium
2026-01-01 15:10:00,56.08,70259,32.6,63.38,1.8,Medium
2026-01-01 15:15:00,55.97,65963,32.71,62.74,1.84,Medium
2026-01-01 15:20:00,55.88,65740,32.94,60.09,2.0,Medium
2026-01-01 15:25:00,55.81,63418,31.5,65.14,1.61,Medium
2026-01-01 15:30:00,55.72,59523,32.12,59.58,1.94,Medium
2026-01-01 15:35:00,55.68,58049,31.27,64.31,1.63,Medium
2026-01-01 15:40:00,55.63,58521,31.05,65.82,1.54,Medium
2026-01-01 15:45:00,55.58,55812,31.26,63.6,1.66,Medium
2026-01-01 15:50:00,55.5,56158,31.14,64.89,1.59,Medium
2026-01-01 15:55:00,55.46,53470,31.86,62.0,1.79,Medium
2026-01-01 16:00:00,55.36,51520,30.7,67.5,1.44,Medium
2026-01-01 16:05:00,55.28,49583,30.69,65.7,1.51,Medium
2026-01-01 16:10:00,55.24,44491,30.14,66.3,1.44,Medium
2026-01-01 16:15:00,55.19,45303,30.21,65.94,1.46,Medium
2026-01-01 16:20:00,55.15,40027,30.32,67.01,1.43,Medium
2026-01-01 16:25:00,55.07,40661,30.01,64.14,1.52,Medium
2026-01-01 16:30:00,55.02,38038,29.33,65.84,1.4,Medium
2026-01-01 16:35:00,54.97,35204,29.32,70.12,1.22,Medium
2026-01-01 16:40:00,54.93,36193,30.24,64.96,1.51,Medium
2026-01-01 16:45:00,54.89,32380,28.61,73.2,1.05,Low
2026-01-01 16:50:00,54.82,31757,29.71,68.59,1.31,Medium
2026-01-01 16:55:00,54.78,26179,30.14,63.81,1.55,Medium
2026-01-01 17:00:00,54.74,26898,28.32,71.24,1.11,Low
2026-01-01 17:05:00,54.68,25369,29.3,66.62,1.36,Medium
2026-01-01 17:10:00,54.6,19331,29.23,70.69,1.19,Low
2026-01-01 17:15:00,54.54,16663,27.78,70.98,1.08,Low
2026-01-01 17:20:00,54.5,16744,29.31,69.89,1.23,Medium
2026-01-01 17:25:00,54.44,15975,28.6,67.84,1.26,Medium
2026-01-01 17:30:00,54.36,13655,28.74,67.61,1.28,Medium
2026-01-01 17:35:00,54.31,9969,28.44,70.17,1.16,Low
2026-01-01 17:40:00,54.24,7762,27.71,74.37,0.95,Low
2026-01-01 17:45:00,54.17,9305,26.73,75.32,0.87,Low
2026-01-01 17:50:00,54.09,3974,27.76,73.55,0.99,Low
2026-01-01 17:55:00,54.03,4030,26.71,74.79,0.88,Low
2026-01-01 18:00:00,53.96,1386,26.87,72.81,0.96,Low
2026-01-01 18:05:00,53.92,0,27.49,75.07,0.91,Low
2026-01-01 18:10:00,53.89,661,26.58,74.14,0.9,Low
2026-01-01 18:15:00,53.82,0,27.18,71.76,1.02,Low
2026-01-01 18:20:00,53.77,2281,25.98,77.45,0.76,Low
2026-01-01 18:25:00,53.71,2688,25.15,75.67,0.78,Low
2026-01-01 18:30:00,53.64,1548,25.93,77.5,0.75,Low
2026-01-01 18:35:00,53.6,1757,25.76,74.3,0.85,Low
2026-01-01 18:40:00,53.55,0,25.99,76.7,0.78,Low
2026-01-01 18:45:00,53.5,0,25.5,78.82,0.69,Low
2026-01-01 18:50:00,53.47,0,25.67,75.46,0.81,Low
2026-01-01 18:55:00,53.4,0,24.48,79.9,0.62,Low
2026-01-01 19:00:00,53.33,0,24.3,80.02,0.61,Low
2026-01-01 19:05:00,53.3,147,25.71,75.55,0.81,Low
2026-01-01 19:10:00,53.27,0,23.98,78.92,0.63,Low
2026-01-01 19:15:00,53.21,0,24.5,82.5,0.54,Low
2026-01-01 19:20:00,53.16,0,24.66,81.5,0.57,Low
2026-01-01 19:25:00,53.1,444,24.85,78.67,0.67,Low
2026-01-01 19:30:00,53.05,0,23.31,85.04,0.43,Low
2026-01-01 19:35:00,52.99,0,24.42,77.27,0.7,Low
2026-01-01 19:40:00,52.94,0,22.73,84.11,0.44,Low
2026-01-01 19:45:00,52.88,0,24.45,81.35,0.57,Low
2026-01-01 19:50:00,52.83,0,23.89,81.19,0.56,Low
2026-01-01 19:55:00,52.78,2160,23.04,85.95,0.4,Low
2026-01-01 20:00:00,52.71,657,23.24,83.98,0.46,Low
2026-01-01 20:05:00,52.67,0,22.27,85.75,0.38,Low
2026-01-01 20:10:00,52.62,0,22.05,82.3,0.47,Low
2026-01-01 20:15:00,52.55,0,22.74,82.08,0.5,Low
2026-01-01 20:20:00,52.48,0,22.82,84.64,0.43,Low
2026-01-01 20:25:00,52.4,750,22.85,84.42,0.43,Low
2026-01-01 20:30:00,52.32,267,21.98,86.33,0.36,Medium
2026-01-01 20:35:00,52.28,0,22.65,81.91,0.5,Low
2026-01-01 20:40:00,52.24,415,22.36,83.31,0.45,Low
2026-01-01 20:45:00,52.19,1198,22.1,87.82,0.32,Low
2026-01-01 20:50:00,52.13,0,21.58,83.6,0.42,Medium
2026-01-01 20:55:00,52.06,0,21.11,84.99,0.38,Medium
2026-01-01 21:00:00,51.98,451,22.02,88.07,0.32,Low
2026-01-01 21:05:00,51.91,0,21.57,83.64,0.42,Medium
2026-01-01 21:10:00,51.87,909,21.04,90.1,0.25,Medium
2026-01-01 21:15:00,51.84,808,21.16,87.29,0.32,Medium
2026-01-01 21:20:00,51.76,0,20.57,89.72,0.25,Medium
2026-01-01 21:25:00,51.69,1162,20.42,87.76,0.29,Medium
2026-01-01 21:30:00,51.64,300,21.28,86.78,0.33,Medium
2026-01-01 21:35:00,51.58,2821,20.19,88.98,0.26,Medium
2026-01-01 21:40:00,51.53,945,21.42,86.98,0.33,Medium
2026-01-01 21:45:00,51.47,0,19.72,92.17,0.18,Medium
2026-01-01 21:50:00,51.4,0,20.77,88.52,0.28,Medium
2026-01-01 21:55:00,51.32,1189,20.04,87.64,0.29,Medium
2026-01-01 22:00:00,51.26,0,20.29,87.28,0.3,Medium
2026-01-01 22:05:00,51.18,0,20.09,92.74,0.17,Medium
2026-01-01 22:10:00,51.13,0,19.83,92.39,0.18,Medium
2026-01-01 22:15:00,51.06,53,20.26,88.05,0.28,Medium
2026-01-01 22:20:00,51.01,0,20.71,88.67,0.28,Medium
2026-01-01 22:25:00,50.93,49,20.52,91.08,0.22,Medium
2026-01-01 22:30:00,50.86,1740,19.16,91.42,0.19,Medium
2026-01-01 22:35:00,50.81,1923,19.56,89.71,0.23,Medium
2026-01-01 22:40:00,50.78,2993,19.66,90.73,0.21,Medium
2026-01-01 22:45:00,50.72,0,19.5,91.46,0.19,Medium
2026-01-01 22:50:00,50.65,0,19.28,89.79,0.23,Medium
2026-01-01 22:55:00,50.62,0,19.46,92.89,0.16,Medium
2026-01-01 23:00:00,50.57,1231,19.76,92.42,0.17,Medium
2026-01-01 23:05:00,50.52,1924,19.56,93.9,0.14,Medium
2026-01-01 23:10:00,50.44,13,18.26,94.53,0.11,Medium
2026-01-01 23:15:00,50.39,0,19.9,90.38,0.22,Medium
2026-01-01 23:20:00,50.35,0,19.57,91.93,0.18,Medium
2026-01-01 23:25:00,50.29,2815,19.03,91.26,0.19,Medium
2026-01-01 23:30:00,50.22,2110,19.37,93.57,0.14,Medium
2026-01-01 23:35:00,50.15,0,18.81,94.05,0.13,Medium
2026-01-01 23:40:00,50.09,0,19.78,87.93,0.28,Medium
2026-01-01 23:45:00,50.03,2984,19.86,91.8,0.19,Medium
2026-01-01 23:50:00,49.98,802,18.2,95.0,0.1,Medium
2026-01-01 23:55:00,49.91,2420,19.39,88.68,0.25,Medium
2026-01-02 00:00:00,77.86,186,18.29,94.33,0.12,Low
2026-01-02 00:05:00,77.8,0,18.34,95.0,0.11,Low
2026-01-02 00:10:00,77.75,2476,18.49,91.33,0.18,Low
2026-01-02 00:15:00,77.68,0,18.53,90.45,0.2,Low
2026-01-02 00:20:00,77.63,1065,19.83,88.33,0.27,Low
2026-01-02 00:25:00,77.58,525,18.74,93.73,0.14,Low
2026-01-02 00:30:00,77.53,2071,18.57,91.49,0.18,Low
2026-01-02 00:35:00,77.47,0,19.06,92.59,0.16,Low
2026-01-02 00:40:00,77.41,0,20.11,92.62,0.17,Low
2026-01-02 00:45:00,77.34,395,18.7,94.1,0.13,Low
2026-01-02 00:50:00,77.26,638,18.29,93.92,0.13,Low
2026-01-02 00:55:00,77.22,1793,18.8,93.4,0.14,Low
2026-01-02 01:00:00,77.15,725,19.55,92.11,0.18,Low
2026-01-02 01:05:00,77.07,2030,19.64,91.6,0.19,Low
2026-01-02 01:10:00,77.02,0,19.66,90.42,0.22,Low
2026-01-02 01:15:00,76.95,0,19.89,89.03,0.25,Low
2026-01-02 01:20:00,76.87,0,18.83,92.92,0.15,Low
2026-01-02 01:25:00,76.83,2480,19.61,92.89,0.16,Low
2026-01-02 01:30:00,76.76,0,20.26,91.24,0.21,Low
2026-01-02 01:35:00,76.72,0,19.35,94.26,0.13,Low
2026-01-02 01:40:00,76.64,2160,20.68,89.78,0.25,Low
2026-01-02 01:45:00,76.57,1827,20.76,87.45,0.31,Low
2026-01-02 01:50:00,76.51,219,18.93,92.19,0.17,Low
2026-01-02 01:55:00,76.43,507,20.33,91.17,0.21,Low
2026-01-02 02:00:00,76.36,0,19.29,88.79,0.25,Low
2026-01-02 02:05:00,76.33,2491,20.28,87.68,0.29,Low
2026-01-02 02:10:00,76.28,2456,20.9,86.74,0.33,Low
2026-01-02 02:15:00,76.22,2677,19.63,89.68,0.24,Low
2026-01-02 02:20:00,76.17,2323,19.64,88.64,0.26,Low
2026-01-02 02:25:00,76.12,1458,20.89,90.63,0.23,Low
2026-01-02 02:30:00,76.08,0,21.14,86.87,0.33,Low
2026-01-02 02:35:00,76.05,0,20.74,91.01,0.22,Low
2026-01-02 02:40:00,75.98,0,20.61,91.29,0.21,Low
2026-01-02 02:45:00,75.9,1114,20.18,89.84,0.24,Low
2026-01-02 02:50:00,75.86,0,20.82,86.25,0.34,Low
2026-01-02 02:55:00,75.8,0,21.92,86.57,0.35,Low
2026-01-02 03:00:00,75.76,0,21.54,88.18,0.3,Low
2026-01-02 03:05:00,75.69,387,20.72,85.76,0.35,Low
2026-01-02 03:10:00,75.64,0,21.01,89.9,0.25,Low
2026-01-02 03:15:00,75.57,2403,21.02,84.67,0.38,Low
2026-01-02 03:20:00,75.53,0,21.15,85.87,0.35,Low
2026-01-02 03:25:00,75.46,0,22.31,81.77,0.49,Low
2026-01-02 03:30:00,75.43,0,21.61,84.35,0.4,Low
2026-01-02 03:35:00,75.38,156,22.75,85.14,0.41,Low
2026-01-02 03:40:00,75.32,79,22.97,80.83,0.54,Low
2026-01-02 03:45:00,75.25,0,23.45,83.77,0.47,Low
2026-01-02 03:50:00,75.21,0,22.74,86.47,0.37,Low
2026-01-02 03:55:00,75.16,0,22.81,84.66,0.43,Low
2026-01-02 04:00:00,75.1,0,23.82,78.7,0.63,Low
2026-01-02 04:05:00,75.04,0,22.28,85.55,0.39,Low
2026-01-02 04:10:00,74.99,2967,22.96,83.38,0.47,Low
2026-01-02 04:15:00,74.92,0,23.67,82.76,0.5,Low
2026-01-02 04:20:00,74.88,1613,23.92,82.31,0.53,Low
2026-01-02 04:25:00,74.82,0,23.68,80.57,0.57,Low
2026-01-02 04:30:00,74.76,0,23.77,80.89,0.56,Low
2026-01-02 04:35:00,74.73,0,23.85,83.68,0.48,Low
2026-01-02 04:40:00,74.66,0,24.93,76.25,0.75,Low
2026-01-02 04:45:00,74.6,338,25.05,78.9,0.67,Low
2026-01-02 04:50:00,74.54,0,24.25,79.34,0.63,Low
2026-01-02 04:55:00,74.46,2208,25.26,79.22,0.67,Low
2026-01-02 05:00:00,74.42,0,25.13,78.67,0.68,Low
2026-01-02 05:05:00,74.35,0,25.41,75.2,0.81,Low
2026-01-02 05:10:00,74.28,1575,25.0,78.94,0.67,Low
2026-01-02 05:15:00,74.22,2847,26.13,77.81,0.75,Low
2026-01-02 05:20:00,74.14,0,25.9,79.01,0.7,Low
2026-01-02 05:25:00,74.1,0,25.32,78.99,0.68,Low
2026-01-02 05:30:00,74.04,0,25.64,79.26,0.68,Low
2026-01-02 05:35:00,74.01,0,25.93,77.16,0.76,Low
2026-01-02 05:40:00,73.96,0,26.79,73.89,0.92,Low
2026-01-02 05:45:00,73.9,1329,26.22,77.36,0.77,Low
2026-01-02 05:50:00,73.84,0,25.82,74.56,0.85,Low
2026-01-02 05:55:00,73.79,0,27.17,74.47,0.92,Low
2026-01-02 06:00:00,73.75,0,26.88,75.7,0.86,Low
2026-01-02 06:05:00,73.7,880,27.03,74.89,0.9,Low
2026-01-02 06:10:00,73.64,1634,27.68,71.7,1.05,Low
2026-01-02 06:15:00,73.6,5348,26.54,73.23,0.93,Low
2026-01-02 06:20:00,73.53,7684,27.21,70.47,1.07,Low
2026-01-02 06:25:00,73.48,10167,27.22,74.61,0.92,Low
2026-01-02 06:30:00,73.41,14889,28.71,67.4,1.28,Low
2026-01-02 06:35:00,73.33,12324,27.3,75.73,0.88,Low
2026-01-02 06:40:00,73.28,17805,28.54,71.61,1.11,Low
2026-01-02 06:45:00,73.21,16634,27.79,71.03,1.08,Low
2026-01-02 06:50:00,73.18,23636,28.97,71.89,1.12,Low
2026-01-02 06:55:00,73.12,22228,29.59,68.48,1.31,Low
2026-01-02 07:00:00,73.08,24743,28.86,68.65,1.25,Low
2026-01-02 07:05:00,73.02,28045,28.57,67.96,1.25,Low
2026-01-02 07:10:00,72.95,29166,30.22,67.86,1.38,Low
2026-01-02 07:15:00,72.91,30561,30.2,64.42,1.53,Low
2026-01-02 07:20:00,72.87,35763,29.94,68.07,1.35,Low
2026-01-02 07:25:00,72.8,36208,30.45,67.5,1.41,Low
2026-01-02 07:30:00,72.72,40813,29.96,67.48,1.38,Low
2026-01-02 07:35:00,72.67,42460,30.47,66.68,1.45,Low
2026-01-02 07:40:00,72.62,41915,29.52,66.93,1.36,Low
2026-01-02 07:45:00,72.55,44272,29.65,66.67,1.39,Low
2026-01-02 07:50:00,72.45,48165,29.81,64.9,1.47,Low
2026-01-02 07:55:00,72.38,48788,31.56,63.46,1.69,Medium
2026-01-02 08:00:00,72.32,51750,31.11,66.83,1.5,Low
2026-01-02 08:05:00,72.25,52788,31.77,61.86,1.79,Medium
2026-01-02 08:10:00,72.15,51101,30.6,63.24,1.61,Medium
2026-01-02 08:15:00,72.1,56842,31.13,64.42,1.61,Medium
2026-01-02 08:20:00,72.02,56984,31.08,64.14,1.62,Medium
2026-01-02 08:25:00,71.96,58368,31.05,63.29,1.65,Medium
2026-01-02 08:30:00,71.88,61463,31.55,65.18,1.61,Medium
2026-01-02 08:35:00,71.82,60159,31.14,65.45,1.56,Low
2026-01-02 08:40:00,71.68,65218,32.59,63.48,1.8,Medium
2026-01-02 08:45:00,71.62,66431,31.94,60.38,1.88,Medium
2026-01-02 08:50:00,71.5,68749,33.34,58.67,2.12,Medium
2026-01-02 08:55:00,71.36,68008,33.41,58.42,2.14,Medium
2026-01-02 09:00:00,71.09,71731,33.28,61.42,1.97,Medium
2026-01-02 09:05:00,70.88,72394,33.15,60.63,2.0,Medium
2026-01-02 09:10:00,70.72,72903,32.62,59.05,2.02,Medium
2026-01-02 09:15:00,70.57,75101,33.91,56.37,2.31,Medium
2026-01-02 09:20:00,70.29,78671,32.28,59.36,1.96,Medium
2026-01-02 09:25:00,70.1,80290,33.91,55.24,2.37,Medium
2026-01-02 09:30:00,69.95,77121,33.88,57.34,2.25,High
2026-01-02 09:35:00,69.79,82271,34.11,59.39,2.17,High
2026-01-02 09:40:00,69.62,81380,33.43,60.17,2.05,High
2026-01-02 09:45:00,69.41,81856,33.54,60.35,2.06,High
2026-01-02 09:50:00,69.2,83195,33.82,60.08,2.1,High
2026-01-02 09:55:00,68.87,84698,34.51,59.31,2.23,High
2026-01-02 10:00:00,68.65,85293,33.85,57.43,2.25,High
2026-01-02 10:05:00,68.5,89574,34.95,57.43,2.39,High
2026-01-02 10:10:00,68.26,89548,33.6,60.97,2.03,High
2026-01-02 10:15:00,68.08,91762,33.38,61.33,1.99,Medium
2026-01-02 10:20:00,67.93,89267,34.78,58.45,2.31,High
2026-01-02 10:25:00,67.72,94209,34.2,55.68,2.38,High
2026-01-02 10:30:00,67.5,89547,34.09,54.91,2.41,High
2026-01-02 10:35:00,67.37,96167,33.93,57.22,2.27,High
2026-01-02 10:40:00,67.09,96004,35.38,55.53,2.55,High
2026-01-02 10:45:00,66.82,93414,33.85,60.12,2.1,High
2026-01-02 10:50:00,66.7,96604,33.91,57.7,2.24,High
2026-01-02 10:55:00,66.47,94540,33.84,60.18,2.1,High
2026-01-02 11:00:00,66.29,96759,35.18,52.75,2.68,High
2026-01-02 11:05:00,66.01,94420,34.37,56.46,2.36,High
2026-01-02 11:10:00,65.77,95294,34.72,58.56,2.29,High
2026-01-02 11:15:00,65.61,98170,33.88,56.53,2.3,High
2026-01-02 11:20:00,65.41,99169,34.74,54.55,2.52,High
2026-01-02 11:25:00,65.27,96349,35.24,57.81,2.4,High
2026-01-02 11:30:00,65.04,99188,34.98,58.47,2.33,High
2026-01-02 11:35:00,64.72,99226,34.73,56.93,2.39,High
2026-01-02 11:40:00,64.53,96716,34.48,58.43,2.27,High
2026-01-02 11:45:00,64.26,100000,35.45,56.1,2.53,High
2026-01-02 11:50:00,63.97,97170,34.66,56.56,2.4,High
2026-01-02 11:55:00,63.71,100000,34.35,56.79,2.34,High
2026-01-02 12:00:00,63.43,100000,35.26,52.27,2.72,High
2026-01-02 12:05:00,63.27,98736,34.91,52.96,2.63,High
2026-01-02 12:10:00,62.95,100000,34.08,57.72,2.26,High
2026-01-02 12:15:00,62.79,98305,35.07,56.86,2.43,High
2026-01-02 12:20:00,62.6,100000,34.68,58.42,2.3,High
2026-01-02 12:25:00,62.33,98613,34.2,59.67,2.17,High
2026-01-02 12:30:00,62.1,98464,35.72,56.68,2.53,High
2026-01-02 12:35:00,61.82,100000,34.9,55.84,2.47,High
2026-01-02 12:40:00,61.53,95954,35.33,55.35,2.56,High
2026-01-02 12:45:00,61.28,97005,34.94,53.12,2.63,High
2026-01-02 12:50:00,61.02,98245,34.42,56.38,2.38,High
2026-01-02 12:55:00,60.82,94388,34.47,58.93,2.24,High
2026-01-02 13:00:00,60.51,95239,35.72,56.72,2.53,High
2026-01-02 13:05:00,60.23,96830,33.83,57.37,2.25,High
2026-01-02 13:10:00,59.98,98088,34.99,53.38,2.62,High
2026-01-02 13:15:00,59.7,91901,35.14,52.59,2.69,High
2026-01-02 13:20:00,59.46,93266,34.25,57.63,2.29,High
2026-01-02 13:25:00,59.18,95893,34.81,55.16,2.5,High
2026-01-02 13:30:00,58.93,92564,34.54,55.95,2.41,High
2026-01-02 13:35:00,58.71,89211,33.82,59.62,2.13,High
2026-01-02 13:40:00,58.53,91000,34.02,56.31,2.33,High
2026-01-02 13:45:00,58.23,92665,34.07,56.36,2.33,High
2026-01-02 13:50:00,58.01,86436,34.08,59.74,2.15,High
2026-01-02 13:55:00,57.75,87343,34.81,53.46,2.59,High
2026-01-02 14:00:00,57.62,85520,34.62,55.46,2.45,High
2026-01-02 14:05:00,57.35,87839,33.92,60.08,2.11,High
2026-01-02 14:10:00,57.13,85165,34.6,58.18,2.3,High
2026-01-02 14:15:00,56.85,81352,32.89,58.18,2.09,High
2026-01-02 14:20:00,56.56,82239,32.61,60.22,1.96,Medium
2026-01-02 14:25:00,56.38,81316,33.55,56.34,2.27,High
2026-01-02 14:30:00,56.1,80648,34.35,57.16,2.32,High
2026-01-02 14:35:00,55.85,75430,33.89,60.9,2.07,Medium
2026-01-02 14:40:00,55.55,77685,33.03,59.1,2.06,High
2026-01-02 14:45:00,55.23,76022,33.58,56.87,2.24,High
2026-01-02 14:50:00,55.09,76192,32.76,57.98,2.09,High
2026-01-02 14:55:00,54.82,70224,32.08,61.14,1.86,Medium
2026-01-02 15:00:00,54.53,73356,32.35,63.97,1.75,Medium
2026-01-02 15:05:00,54.46,69961,32.03,62.63,1.78,Medium
2026-01-02 15:10:00,54.38,67759,32.01,62.39,1.79,Medium
2026-01-02 15:15:00,54.25,63859,33.16,60.69,1.99,Medium
2026-01-02 15:20:00,54.11,66333,32.35,61.97,1.84,Medium
2026-01-02 15:25:00,54.04,59865,31.06,65.4,1.56,Medium
2026-01-02 15:30:00,53.92,62477,32.17,61.5,1.85,Medium
2026-01-02 15:35:00,53.82,59893,31.73,61.77,1.79,Medium
2026-01-02 15:40:00,53.76,59185,31.55,64.53,1.64,Medium
2026-01-02 15:45:00,53.69,52916,30.59,65.28,1.52,Medium
2026-01-02 15:50:00,53.6,54369,30.71,64.25,1.58,Medium
2026-01-02 15:55:00,53.55,54041,31.62,66.13,1.58,Medium
2026-01-02 16:00:00,53.48,50369,30.74,64.21,1.58,Medium
2026-01-02 16:05:00,53.43,46586,30.38,63.7,1.57,Medium
2026-01-02 16:10:00,53.33,46867,30.46,64.43,1.55,Medium
2026-01-02 16:15:00,53.27,43193,29.86,67.79,1.36,Medium
2026-01-02 16:20:00,53.2,42251,30.91,65.0,1.56,Medium
2026-01-02 16:25:00,53.15,37413,29.84,70.04,1.26,Medium
2026-01-02 16:30:00,53.11,36559,30.99,63.83,1.62,Medium
2026-01-02 16:35:00,53.06,38537,29.89,68.18,1.34,Medium
2026-01-02 16:40:00,52.99,36285,29.81,67.02,1.38,Medium
2026-01-02 16:45:00,52.94,33727,30.03,66.13,1.44,Medium
2026-01-02 16:50:00,52.9,28238,29.55,68.36,1.31,Medium
2026-01-02 16:55:00,52.82,29569,29.25,67.41,1.32,Medium
2026-01-02 17:00:00,52.77,23594,29.43,71.16,1.18,Low
2026-01-02 17:05:00,52.7,22803,29.49,70.8,1.2,Low
2026-01-02 17:10:00,52.67,21698,28.13,71.3,1.09,Low
2026-01-02 17:15:00,52.62,18507,27.83,71.82,1.05,Low
2026-01-02 17:20:00,52.56,17457,28.6,69.18,1.21,Medium
2026-01-02 17:25:00,52.51,18156,27.54,74.09,0.95,Low
2026-01-02 17:30:00,52.45,15022,27.72,72.45,1.02,Low
2026-01-02 17:35:00,52.38,12781,27.47,72.03,1.03,Low
2026-01-02 17:40:00,52.32,9217,28.66,71.87,1.1,Low
2026-01-02 17:45:00,52.24,3700,27.9,71.68,1.06,Low
2026-01-02 17:50:00,52.17,6018,27.91,72.26,1.04,Low
2026-01-02 17:55:00,52.11,204,27.34,73.89,0.95,Low
2026-01-02 18:00:00,52.08,0,27.68,73.41,0.99,Low
2026-01-02 18:05:00,52.04,0,27.72,69.35,1.14,Low
2026-01-02 18:10:00,51.97,1143,25.95,75.77,0.81,Low
2026-01-02 18:15:00,51.93,2236,27.32,74.58,0.92,Low
2026-01-02 18:20:00,51.87,0,25.58,76.12,0.78,Low
2026-01-02 18:25:00,51.8,0,26.18,73.83,0.89,Low
2026-01-02 18:30:00,51.73,0,25.64,78.66,0.7,Low
2026-01-02 18:35:00,51.69,1159,26.07,76.7,0.79,Low
2026-01-02 18:40:00,51.61,348,25.1,76.61,0.75,Low
2026-01-02 18:45:00,51.55,0,25.03,76.66,0.74,Low
2026-01-02 18:50:00,51.48,0,24.9,81.33,0.59,Low
2026-01-02 18:55:00,51.43,0,24.65,80.38,0.61,Low
2026-01-02 19:00:00,51.36,1910,25.89,79.18,0.7,Low
2026-01-02 19:05:00,51.31,0,24.34,81.3,0.57,Low
2026-01-02 19:10:00,51.27,0,24.48,79.57,0.63,Low
2026-01-02 19:15:00,51.23,2598,24.51,80.81,0.59,Low
2026-01-02 19:20:00,51.17,520,24.5,78.12,0.67,Low
2026-01-02 19:25:00,51.12,827,24.16,77.74,0.67,Low
2026-01-02 19:30:00,51.09,0,24.37,81.57,0.56,Low
2026-01-02 19:35:00,51.01,2574,23.88,80.52,0.58,Low
2026-01-02 19:40:00,50.93,0,24.38,78.13,0.67,Low
2026-01-02 19:45:00,50.9,875,23.1,85.31,0.42,Low
2026-01-02 19:50:00,50.82,210,23.45,83.39,0.48,Low
2026-01-02 19:55:00,50.78,0,23.98,83.14,0.5,Low
2026-01-02 20:00:00,50.73,2983,23.84,80.55,0.57,Low
2026-01-02 20:05:00,50.65,2772,23.72,83.99,0.47,Low
2026-01-02 20:10:00,50.58,407,21.72,83.69,0.42,Medium
2026-01-02 20:15:00,50.52,2934,22.12,85.37,0.39,Low
2026-01-02 20:20:00,50.48,2106,23.29,82.24,0.51,Low
2026-01-02 20:25:00,50.44,0,21.49,86.32,0.35,Medium
2026-01-02 20:30:00,50.38,1419,21.5,88.29,0.3,Medium
2026-01-02 20:35:00,50.3,0,22.51,86.37,0.37,Low
2026-01-02 20:40:00,50.24,91,22.51,81.74,0.5,Low
2026-01-02 20:45:00,50.2,0,21.09,86.42,0.34,Medium
2026-01-02 20:50:00,50.12,0,21.12,88.95,0.28,Medium
2026-01-02 20:55:00,50.06,1337,21.07,84.6,0.38,Medium
2026-01-02 21:00:00,50.01,0,21.73,83.73,0.42,Medium
2026-01-02 21:05:00,49.95,15,21.03,90.0,0.25,Medium
2026-01-02 21:10:00,49.9,0,20.72,90.83,0.22,Medium
2026-01-02 21:15:00,49.87,0,21.21,85.01,0.38,Medium
2026-01-02 21:20:00,49.81,634,21.37,86.35,0.35,Medium
2026-01-02 21:25:00,49.77,225,20.7,89.37,0.26,Medium
2026-01-02 21:30:00,49.73,1528,20.15,91.9,0.19,Medium
2026-01-02 21:35:00,49.67,1222,20.44,86.45,0.33,Medium
2026-01-02 21:40:00,49.62,285,19.57,91.02,0.2,Medium
2026-01-02 21:45:00,49.58,0,19.65,90.93,0.21,Medium
2026-01-02 21:50:00,49.53,498,19.66,88.32,0.27,Medium
2026-01-02 21:55:00,49.47,0,20.78,88.29,0.29,Medium
2026-01-02 22:00:00,49.41,0,19.19,93.71,0.14,Medium
2026-01-02 22:05:00,49.35,1898,19.78,91.99,0.18,Medium
2026-01-02 22:10:00,49.27,0,18.99,89.7,0.23,Medium
2026-01-02 22:15:00,49.24,0,20.69,91.01,0.22,Medium
2026-01-02 22:20:00,49.16,1613,19.57,92.59,0.17,Medium
2026-01-02 22:25:00,49.11,0,19.97,93.03,0.16,Medium
2026-01-02 22:30:00,49.04,2440,20.35,88.45,0.28,Medium
2026-01-02 22:35:00,49.0,235,19.87,91.23,0.2,Medium
2026-01-02 22:40:00,48.93,223,18.84,92.84,0.16,Medium
2026-01-02 22:45:00,48.88,0,18.87,89.74,0.22,Medium
2026-01-02 22:50:00,48.81,266,19.72,90.84,0.21,Medium
2026-01-02 22:55:00,48.74,0,18.81,91.38,0.19,Medium
2026-01-02 23:00:00,48.69,0,19.72,92.49,0.17,Medium
2026-01-02 23:05:00,48.65,2302,19.76,87.64,0.28,Medium
2026-01-02 23:10:00,48.58,0,18.39,94.29,0.12,Medium
2026-01-02 23:15:00,48.54,1443,18.25,93.44,0.14,Medium
2026-01-02 23:20:00,48.48,2182,18.56,90.66,0.2,Medium
2026-01-02 23:25:00,48.44,1894,18.67,94.44,0.12,Medium
2026-01-02 23:30:00,48.39,1035,19.26,90.62,0.21,Medium
2026-01-02 23:35:00,48.35,961,18.33,92.16,0.17,Medium
2026-01-02 23:40:00,48.27,2691,18.15,95.0,0.1,Medium
2026-01-02 23:45:00,48.19,0,19.27,91.65,0.19,Medium
2026-01-02 23:50:00,48.15,1028,19.89,91.97,0.19,Medium
2026-01-02 23:55:00,48.08,0,18.83,91.94,0.18,Medium
2026-01-03 00:00:00,79.66,1245,20.6,82.45,0.43,Low
2026-01-03 00:05:00,79.62,2806,21.13,79.75,0.51,Low
2026-01-03 00:10:00,79.55,0,20.49,81.75,0.44,Low
2026-01-03 00:15:00,79.51,0,21.71,79.41,0.53,Low
2026-01-03 00:20:00,79.43,1042,20.57,81.31,0.45,Low
2026-01-03 00:25:00,79.38,1570,20.42,82.37,0.42,Low
2026-01-03 00:30:00,79.3,2216,21.03,78.64,0.53,Low
2026-01-03 00:35:00,79.26,2622,20.12,84.49,0.37,Low
2026-01-03 00:40:00,79.2,0,22.12,75.58,0.65,Low
2026-01-03 00:45:00,79.13,2490,20.56,81.02,0.46,Low
2026-01-03 00:50:00,79.09,201,20.95,78.97,0.52,Low
2026-01-03 00:55:00,79.01,0,21.25,76.71,0.59,Low
2026-01-03 01:00:00,78.96,2038,21.21,81.7,0.46,Low
2026-01-03 01:05:00,78.92,375,21.15,77.69,0.56,Low
2026-01-03 01:10:00,78.87,2608,20.89,80.42,0.48,Low
2026-01-03 01:15:00,78.8,0,20.73,79.6,0.5,Low
2026-01-03 01:20:00,78.76,927,21.48,79.7,0.52,Low
2026-01-03 01:25:00,78.7,2799,22.19,77.82,0.59,Low
2026-01-03 01:30:00,78.64,1769,20.95,77.84,0.55,Low
2026-01-03 01:35:00,78.58,2501,21.65,78.45,0.56,Low
2026-01-03 01:40:00,78.5,0,20.87,82.09,0.44,Low
2026-01-03 01:45:00,78.43,1586,22.16,76.5,0.63,Low
2026-01-03 01:50:00,78.37,1243,21.37,75.91,0.61,Low
2026-01-03 01:55:00,78.31,707,21.73,79.02,0.55,Low
2026-01-03 02:00:00,78.25,0,22.04,74.35,0.68,Low
2026-01-03 02:05:00,78.17,176,21.18,77.92,0.56,Low
2026-01-03 02:10:00,78.1,1878,21.29,80.08,0.5,Low
2026-01-03 02:15:00,78.07,0,23.17,72.29,0.79,Low
2026-01-03 02:20:00,78.02,158,21.83,79.68,0.53,Low
2026-01-03 02:25:00,77.97,0,22.34,76.05,0.65,Low
2026-01-03 02:30:00,77.89,0,23.63,74.75,0.74,Low
2026-01-03 02:35:00,77.86,2149,23.07,76.5,0.66,Low
2026-01-03 02:40:00,77.83,316,22.63,73.29,0.73,Low
2026-01-03 02:45:00,77.76,0,22.33,76.25,0.64,Low
2026-01-03 02:50:00,77.7,2147,23.23,72.14,0.79,Low
2026-01-03 02:55:00,77.63,0,22.31,78.9,0.57,Low
2026-01-03 03:00:00,77.55,0,23.29,71.87,0.8,Low
2026-01-03 03:05:00,77.48,381,24.27,69.38,0.93,Low
2026-01-03 03:10:00,77.41,2768,23.22,75.11,0.71,Low
2026-01-03 03:15:00,77.37,0,24.15,69.92,0.91,Low
2026-01-03 03:20:00,77.29,2007,23.34,73.66,0.76,Low
2026-01-03 03:25:00,77.22,1533,23.66,71.43,0.84,Low
2026-01-03 03:30:00,77.18,4,24.58,74.32,0.79,Low
2026-01-03 03:35:00,77.11,2032,24.14,71.51,0.86,Low
2026-01-03 03:40:00,77.08,0,25.32,71.4,0.92,Low
2026-01-03 03:45:00,77.03,2955,24.1,72.51,0.83,Low
2026-01-03 03:50:00,76.97,0,25.58,70.24,0.98,Low
2026-01-03 03:55:00,76.91,711,24.02,74.54,0.76,Low
2026-01-03 04:00:00,76.84,0,24.16,73.69,0.79,Low
2026-01-03 04:05:00,76.81,0,25.63,66.69,1.1,Low
2026-01-03 04:10:00,76.78,0,24.92,69.3,0.97,Low
2026-01-03 04:15:00,76.73,0,24.84,71.2,0.9,Low
2026-01-03 04:20:00,76.67,0,24.67,68.81,0.97,Low
2026-01-03 04:25:00,76.62,0,25.43,68.27,1.03,Low
2026-01-03 04:30:00,76.54,2406,25.11,72.68,0.87,Low
2026-01-03 04:35:00,76.5,0,26.24,66.92,1.13,Low
2026-01-03 04:40:00,76.45,0,25.87,65.89,1.14,Low
2026-01-03 04:45:00,76.41,0,26.27,65.04,1.19,Low
2026-01-03 04:50:00,76.37,750,26.09,68.56,1.06,Low
2026-01-03 04:55:00,76.32,0,25.98,70.95,0.98,Low
2026-01-03 05:00:00,76.27,1824,27.17,64.49,1.28,Low
2026-01-03 05:05:00,76.24,2157,27.73,67.07,1.23,Low
2026-01-03 05:10:00,76.19,2683,26.91,64.31,1.27,Low
2026-01-03 05:15:00,76.13,2812,28.37,61.5,1.49,Low
2026-01-03 05:20:00,76.08,455,27.59,62.99,1.37,Low
2026-01-03 05:25:00,76.02,0,28.42,60.33,1.54,Low
2026-01-03 05:30:00,75.96,273,28.14,64.37,1.36,Low
2026-01-03 05:35:00,75.91,0,29.04,62.47,1.51,Low
2026-01-03 05:40:00,75.84,1157,27.89,65.78,1.28,Low
2026-01-03 05:45:00,75.8,0,28.3,63.72,1.4,Low
2026-01-03 05:50:00,75.77,1291,28.97,63.11,1.48,Low
2026-01-03 05:55:00,75.71,0,29.81,58.85,1.73,Medium
2026-01-03 06:00:00,75.64,1150,29.84,59.63,1.7,Medium
2026-01-03 06:05:00,75.58,4881,28.89,61.77,1.52,Low
2026-01-03 06:10:00,75.53,6629,28.52,63.35,1.43,Low
2026-01-03 06:15:00,75.47,4787,29.82,62.32,1.58,Low
2026-01-03 06:20:00,75.42,11539,29.5,62.95,1.53,Low
2026-01-03 06:25:00,75.36,11072,28.89,61.61,1.53,Low
2026-01-03 06:30:00,75.31,15461,30.21,58.2,1.79,Medium
2026-01-03 06:35:00,75.26,18025,30.76,57.25,1.89,Medium
2026-01-03 06:40:00,75.18,17596,29.44,59.79,1.65,Medium
2026-01-03 06:45:00,75.14,25079,29.79,57.33,1.79,Medium
2026-01-03 06:50:00,75.09,23131,30.64,57.42,1.87,Medium
2026-01-03 06:55:00,75.04,28514,30.78,56.12,1.95,Medium
2026-01-03 07:00:00,74.98,27454,31.69,57.21,2.0,Medium
2026-01-03 07:05:00,74.94,30166,31.59,58.24,1.94,Medium
2026-01-03 07:10:00,74.86,32541,30.75,57.62,1.88,Medium
2026-01-03 07:15:00,74.8,36395,31.04,54.73,2.04,Medium
2026-01-03 07:20:00,74.76,36507,31.6,56.0,2.05,Medium
2026-01-03 07:25:00,74.68,41013,32.08,55.44,2.13,Medium
2026-01-03 07:30:00,74.61,45860,32.57,50.47,2.43,Medium
2026-01-03 07:35:00,74.51,44437,32.97,51.13,2.45,Medium
2026-01-03 07:40:00,74.43,50776,31.91,54.78,2.14,Medium
2026-01-03 07:45:00,74.33,51531,32.73,53.24,2.32,Medium
2026-01-03 07:50:00,74.21,53805,33.39,53.1,2.41,Medium
2026-01-03 07:55:00,74.13,56000,32.44,50.89,2.39,Medium
2026-01-03 08:00:00,74.01,56332,32.24,51.96,2.31,Medium
2026-01-03 08:05:00,73.91,59168,33.17,49.53,2.56,Medium
2026-01-03 08:10:00,73.79,62602,32.67,54.02,2.27,Medium
2026-01-03 08:15:00,73.72,64220,34.44,48.72,2.8,Medium
2026-01-03 08:20:00,73.62,65667,33.22,48.92,2.6,Medium
2026-01-03 08:25:00,73.47,65819,32.75,54.57,2.25,Medium
2026-01-03 08:30:00,73.37,69977,33.88,51.18,2.58,Medium
2026-01-03 08:35:00,73.25,71913,34.69,45.72,3.0,Medium
2026-01-03 08:40:00,73.01,72673,34.66,46.92,2.93,Medium
2026-01-03 08:45:00,72.74,75568,33.61,52.15,2.49,Medium
2026-01-03 08:50:00,72.46,75372,34.5,46.33,2.94,Medium
2026-01-03 08:55:00,72.33,78725,35.18,49.02,2.89,Medium
2026-01-03 09:00:00,72.19,81595,35.09,50.22,2.81,Medium
2026-01-03 09:05:00,71.86,84579,35.44,45.28,3.15,Medium
2026-01-03 09:10:00,71.65,83878,34.8,49.87,2.79,Medium
2026-01-03 09:15:00,71.37,88115,36.0,43.62,3.35,High
2026-01-03 09:20:00,71.12,87198,35.3,48.06,2.97,Medium
2026-01-03 09:25:00,70.95,87522,34.57,46.73,2.93,Medium
2026-01-03 09:30:00,70.72,90340,34.47,47.42,2.87,Medium
2026-01-03 09:35:00,70.55,93965,35.1,46.01,3.05,Medium
2026-01-03 09:40:00,70.41,97115,36.27,45.66,3.28,High
2026-01-03 09:45:00,70.09,97333,36.58,46.38,3.29,High
2026-01-03 09:50:00,69.91,94751,36.48,46.29,3.28,High
2026-01-03 09:55:00,69.65,100000,36.26,46.17,3.24,High
2026-01-03 10:00:00,69.45,100000,35.91,44.03,3.31,High
2026-01-03 10:05:00,69.31,100000,35.92,47.67,3.09,High
2026-01-03 10:10:00,69.11,100000,36.13,47.53,3.14,High
2026-01-03 10:15:00,68.75,100000,37.08,39.74,3.5,High
2026-01-03 10:20:00,68.5,100000,36.72,43.3,3.5,High
2026-01-03 10:25:00,68.33,100000,36.04,45.32,3.26,High
2026-01-03 10:30:00,68.04,100000,36.25,43.24,3.42,High
2026-01-03 10:35:00,67.82,100000,36.13,45.29,3.27,High
2026-01-03 10:40:00,67.68,100000,36.21,42.02,3.48,High
2026-01-03 10:45:00,67.38,100000,37.14,40.32,3.5,High
2026-01-03 10:50:00,67.22,100000,36.51,46.77,3.25,High
2026-01-03 10:55:00,67.07,100000,37.06,43.67,3.5,High
2026-01-03 11:00:00,66.9,100000,37.59,42.46,3.5,High
2026-01-03 11:05:00,66.69,100000,36.51,42.01,3.5,High
2026-01-03 11:10:00,66.44,100000,36.42,42.64,3.49,High
2026-01-03 11:15:00,66.29,100000,37.25,42.18,3.5,High
2026-01-03 11:20:00,66.03,100000,36.33,41.49,3.5,High
2026-01-03 11:25:00,65.88,100000,37.54,41.19,3.5,High
2026-01-03 11:30:00,65.74,100000,36.07,46.42,3.2,High
2026-01-03 11:35:00,65.46,100000,36.58,41.69,3.5,High
2026-01-03 11:40:00,65.31,100000,37.48,44.76,3.5,High
2026-01-03 11:45:00,65.1,100000,37.04,43.7,3.5,High
2026-01-03 11:50:00,64.83,100000,37.44,39.8,3.5,High
2026-01-03 11:55:00,64.65,100000,37.37,39.57,3.5,High
2026-01-03 12:00:00,64.33,100000,37.5,41.04,3.5,High
2026-01-03 12:05:00,64.19,100000,36.63,42.42,3.5,High
2026-01-03 12:10:00,63.91,100000,37.1,43.32,3.5,High
2026-01-03 12:15:00,63.73,100000,37.36,43.01,3.5,High
2026-01-03 12:20:00,63.55,100000,37.01,44.38,3.49,High
2026-01-03 12:25:00,63.33,100000,36.06,47.79,3.11,High
2026-01-03 12:30:00,63.1,100000,36.16,45.4,3.27,High
2026-01-03 12:35:00,62.95,100000,37.86,43.52,3.5,High
2026-01-03 12:40:00,62.69,100000,37.6,40.71,3.5,High
2026-01-03 12:45:00,62.57,100000,37.37,43.67,3.5,High
2026-01-03 12:50:00,62.43,100000,35.95,42.56,3.4,High
2026-01-03 12:55:00,62.21,100000,37.35,42.87,3.5,High
2026-01-03 13:00:00,61.98,100000,36.56,41.41,3.5,High
2026-01-03 13:05:00,61.75,100000,36.91,41.96,3.5,High
2026-01-03 13:10:00,61.55,100000,36.04,45.34,3.25,High
2026-01-03 13:15:00,61.42,100000,36.84,44.35,3.46,High
2026-01-03 13:20:00,61.29,100000,36.91,45.17,3.42,High
2026-01-03 13:25:00,61.04,100000,35.63,45.77,3.16,High
2026-01-03 13:30:00,60.9,100000,36.01,46.62,3.17,High
2026-01-03 13:35:00,60.58,100000,36.74,41.48,3.5,High
2026-01-03 13:40:00,60.43,100000,36.3,45.84,3.27,High
2026-01-03 13:45:00,60.12,100000,35.43,45.13,3.16,High
2026-01-03 13:50:00,59.95,99182,36.64,45.57,3.35,High
2026-01-03 13:55:00,59.81,100000,35.14,47.63,2.97,High
2026-01-03 14:00:00,59.57,98753,35.84,45.57,3.21,High
2026-01-03 14:05:00,59.34,96845,35.57,43.8,3.26,High
2026-01-03 14:10:00,59.21,95360,36.19,44.81,3.31,High
2026-01-03 14:15:00,59.01,94086,36.38,44.16,3.39,High
2026-01-03 14:20:00,58.77,96789,34.85,49.98,2.79,High
2026-01-03 14:25:00,58.59,94185,36.28,44.07,3.37,High
2026-01-03 14:30:00,58.45,92557,35.18,45.72,3.08,High
2026-01-03 14:35:00,58.29,89698,34.98,49.95,2.81,High
2026-01-03 14:40:00,58.16,90983,35.74,48.53,3.01,High
2026-01-03 14:45:00,57.97,85155,34.94,49.7,2.82,High
2026-01-03 14:50:00,57.73,81834,35.0,45.69,3.05,High
2026-01-03 14:55:00,57.49,83808,34.39,48.69,2.79,High
2026-01-03 15:00:00,57.19,82952,34.64,46.49,2.95,High
2026-01-03 15:05:00,56.98,77994,35.05,44.42,3.13,High
2026-01-03 15:10:00,56.68,76771,33.87,52.13,2.53,High
2026-01-03 15:15:00,56.39,72833,35.18,48.04,2.95,High
2026-01-03 15:20:00,56.22,71544,34.6,48.61,2.83,High
2026-01-03 15:25:00,56.09,69340,33.99,52.8,2.51,High
2026-01-03 15:30:00,55.87,72535,33.06,54.35,2.3,High
2026-01-03 15:35:00,55.8,67235,34.13,52.34,2.55,High
2026-01-03 15:40:00,55.73,63762,32.78,54.53,2.26,High
2026-01-03 15:45:00,55.65,63500,33.58,53.55,2.41,High
2026-01-03 15:50:00,55.53,60679,32.82,54.32,2.27,High
2026-01-03 15:55:00,55.46,58567,33.62,49.3,2.64,High
2026-01-03 16:00:00,55.39,59179,32.41,53.98,2.24,High
2026-01-03 16:05:00,55.28,55110,32.18,53.43,2.24,High
2026-01-03 16:10:00,55.19,51346,33.62,49.52,2.63,High
2026-01-03 16:15:00,55.1,48808,31.78,56.03,2.06,Medium
2026-01-03 16:20:00,55.01,45843,32.77,54.63,2.25,High
2026-01-03 16:25:00,54.94,44805,31.4,54.9,2.07,Medium
2026-01-03 16:30:00,54.87,42569,32.42,56.39,2.12,High
2026-01-03 16:35:00,54.82,41393,31.71,56.56,2.03,Medium
2026-01-03 16:40:00,54.78,41155,31.66,53.02,2.19,Medium
2026-01-03 16:45:00,54.67,39860,32.23,51.65,2.33,High
2026-01-03 16:50:00,54.61,35362,31.15,57.22,1.94,Medium
2026-01-03 16:55:00,54.58,34056,30.76,54.39,2.02,Medium
2026-01-03 17:00:00,54.5,29424,31.88,52.46,2.24,Medium
2026-01-03 17:05:00,54.45,26323,31.56,52.67,2.2,Medium
2026-01-03 17:10:00,54.4,25333,30.07,60.77,1.67,Medium
2026-01-03 17:15:00,54.36,23534,29.62,57.91,1.75,Medium
2026-01-03 17:20:00,54.33,18648,29.76,61.84,1.6,Medium
2026-01-03 17:25:00,54.28,15968,30.46,56.72,1.88,Medium
2026-01-03 17:30:00,54.24,12376,30.15,57.34,1.83,Medium
2026-01-03 17:35:00,54.18,14827,29.27,60.83,1.59,Medium
2026-01-03 17:40:00,54.11,11791,30.3,61.24,1.67,Medium
2026-01-03 17:45:00,54.04,7788,29.24,60.65,1.6,Medium
2026-01-03 17:50:00,53.99,4346,29.35,58.57,1.69,Medium
2026-01-03 17:55:00,53.96,4883,28.61,63.86,1.42,Medium
2026-01-03 18:00:00,53.88,176,29.98,60.64,1.67,Medium
2026-01-03 18:05:00,53.83,0,29.77,60.46,1.66,Medium
2026-01-03 18:10:00,53.75,2503,29.28,57.98,1.71,Medium
2026-01-03 18:15:00,53.71,2079,27.92,65.58,1.29,Low
2026-01-03 18:20:00,53.65,2071,28.98,59.4,1.62,Medium
2026-01-03 18:25:00,53.62,1185,28.74,64.38,1.41,Medium
2026-01-03 18:30:00,53.56,2685,28.36,63.16,1.42,Medium
2026-01-03 18:35:00,53.5,2928,27.16,67.82,1.16,Low
2026-01-03 18:40:00,53.46,0,27.23,62.92,1.34,Low
2026-01-03 18:45:00,53.38,158,26.88,63.19,1.3,Low
2026-01-03 18:50:00,53.31,0,26.67,67.96,1.12,Low
2026-01-03 18:55:00,53.25,0,27.79,61.22,1.45,Low
2026-01-03 19:00:00,53.18,1646,27.76,66.22,1.26,Low
2026-01-03 19:05:00,53.13,0,27.68,66.98,1.23,Low
2026-01-03 19:10:00,53.09,0,25.8,66.49,1.11,Low
2026-01-03 19:15:00,53.03,1751,27.33,67.91,1.17,Low
2026-01-03 19:20:00,52.95,2812,25.61,70.25,0.98,Low
2026-01-03 19:25:00,52.91,0,26.67,67.18,1.15,Low
2026-01-03 19:30:00,52.84,1130,25.55,66.99,1.08,Low
2026-01-03 19:35:00,52.77,2692,26.68,66.0,1.19,Low
2026-01-03 19:40:00,52.69,0,26.55,67.55,1.13,Low
2026-01-03 19:45:00,52.61,0,26.4,67.68,1.11,Low
2026-01-03 19:50:00,52.53,1472,24.59,69.88,0.93,Low
2026-01-03 19:55:00,52.47,2311,24.49,69.21,0.95,Low
2026-01-03 20:00:00,52.42,2319,25.28,69.54,0.98,Low
2026-01-03 20:05:00,52.39,0,24.35,70.54,0.9,Low
2026-01-03 20:10:00,52.31,0,23.7,74.88,0.74,Low
2026-01-03 20:15:00,52.25,0,25.32,69.03,1.0,Low
2026-01-03 20:20:00,52.19,0,23.61,75.87,0.7,Low
2026-01-03 20:25:00,52.12,0,24.64,68.76,0.97,Low
2026-01-03 20:30:00,52.08,0,23.72,76.15,0.7,Low
2026-01-03 20:35:00,52.03,0,23.33,75.73,0.7,Low
2026-01-03 20:40:00,51.97,0,24.65,71.86,0.87,Low
2026-01-03 20:45:00,51.93,0,23.69,76.17,0.7,Low
2026-01-03 20:50:00,51.89,0,24.37,69.55,0.93,Low
2026-01-03 20:55:00,51.82,1183,22.85,76.78,0.65,Low
2026-01-03 21:00:00,51.79,0,22.87,73.82,0.73,Low
2026-01-03 21:05:00,51.74,2039,23.36,72.18,0.8,Low
2026-01-03 21:10:00,51.68,0,22.96,76.17,0.67,Low
2026-01-03 21:15:00,51.64,0,22.38,74.54,0.69,Low
2026-01-03 21:20:00,51.59,2062,22.04,76.17,0.63,Low
2026-01-03 21:25:00,51.53,966,22.74,73.25,0.74,Low
2026-01-03 21:30:00,51.48,2312,22.02,76.56,0.62,Low
2026-01-03 21:35:00,51.43,0,22.08,75.58,0.65,Low
2026-01-03 21:40:00,51.4,1513,21.57,79.39,0.53,Medium
2026-01-03 21:45:00,51.34,248,22.04,80.14,0.53,Low
2026-01-03 21:50:00,51.29,2044,22.36,78.48,0.58,Low
2026-01-03 21:55:00,51.21,2201,22.23,76.72,0.62,Low
2026-01-03 22:00:00,51.15,0,22.02,79.76,0.54,Low
2026-01-03 22:05:00,51.09,2402,21.99,79.22,0.55,Medium
2026-01-03 22:10:00,51.05,0,22.14,78.61,0.57,Low
2026-01-03 22:15:00,51.01,2832,22.79,77.43,0.63,Low
2026-01-03 22:20:00,50.93,2929,21.6,77.94,0.57,Medium
2026-01-03 22:25:00,50.85,2004,21.93,76.1,0.63,Medium
2026-01-03 22:30:00,50.81,0,22.44,75.72,0.66,Low
2026-01-03 22:35:00,50.73,0,21.2,79.0,0.53,Medium
2026-01-03 22:40:00,50.68,738,22.06,77.41,0.6,Low
2026-01-03 22:45:00,50.61,0,21.25,79.64,0.51,Medium
2026-01-03 22:50:00,50.58,2549,22.25,77.2,0.61,Low
2026-01-03 22:55:00,50.53,213,20.89,79.01,0.52,Medium
2026-01-03 23:00:00,50.5,0,21.04,80.26,0.49,Medium
2026-01-03 23:05:00,50.43,0,20.78,80.86,0.47,Medium
2026-01-03 23:10:00,50.39,2337,20.27,80.37,0.47,Medium
2026-01-03 23:15:00,50.36,2525,21.65,80.6,0.5,Medium
2026-01-03 23:20:00,50.3,0,21.76,76.64,0.61,Medium
2026-01-03 23:25:00,50.27,0,21.49,80.8,0.49,Medium
2026-01-03 23:30:00,50.22,0,22.02,79.32,0.55,Low
2026-01-03 23:35:00,50.18,873,20.88,78.1,0.54,Medium
2026-01-03 23:40:00,50.11,1445,21.68,79.7,0.53,Medium
2026-01-03 23:45:00,50.06,91,21.66,76.14,0.62,Medium
2026-01-03 23:50:00,49.99,0,21.02,81.76,0.45,Medium
2026-01-03 23:55:00,49.92,0,20.06,83.86,0.38,Medium
2026-01-04 00:00:00,77.42,1227,19.84,89.02,0.25,Low
2026-01-04 00:05:00,77.39,812,19.01,90.02,0.22,Low
2026-01-04 00:10:00,77.32,564,18.75,90.93,0.2,Low
2026-01-04 00:15:00,77.24,0,19.19,89.84,0.23,Low
2026-01-04 00:20:00,77.19,1133,19.53,89.8,0.23,Low
2026-01-04 00:25:00,77.12,433,18.37,95.0,0.11,Low
2026-01-04 00:30:00,77.07,1066,19.36,90.08,0.22,Low
2026-01-04 00:35:00,77.04,1681,18.13,95.0,0.1,Low
2026-01-04 00:40:00,77.01,884,19.94,90.73,0.22,Low
2026-01-04 00:45:00,76.93,1830,18.66,91.92,0.17,Low
2026-01-04 00:50:00,76.88,0,19.48,90.47,0.22,Low
2026-01-04 00:55:00,76.81,0,18.73,93.98,0.13,Low
2026-01-04 01:00:00,76.75,0,19.07,92.22,0.17,Low
2026-01-04 01:05:00,76.69,0,20.01,90.87,0.21,Low
2026-01-04 01:10:00,76.61,0,18.97,89.76,0.22,Low
2026-01-04 01:15:00,76.54,2168,19.71,89.24,0.25,Low
2026-01-04 01:20:00,76.48,0,20.27,87.29,0.3,Low
2026-01-04 01:25:00,76.42,1832,20.34,91.02,0.21,Low
2026-01-04 01:30:00,76.35,1084,19.93,91.49,0.2,Low
2026-01-04 01:35:00,76.3,0,20.67,87.96,0.29,Low
2026-01-04 01:40:00,76.26,1248,18.82,93.15,0.15,Low
2026-01-04 01:45:00,76.2,0,20.28,89.57,0.25,Low
2026-01-04 01:50:00,76.12,1031,20.72,88.39,0.28,Low
2026-01-04 01:55:00,76.09,2258,20.67,86.55,0.33,Low
2026-01-04 02:00:00,76.02,0,19.33,93.4,0.15,Low
2026-01-04 02:05:00,75.99,1078,19.53,90.1,0.22,Low
2026-01-04 02:10:00,75.92,1465,19.96,88.93,0.26,Low
2026-01-04 02:15:00,75.84,0,20.01,88.74,0.26,Low
2026-01-04 02:20:00,75.77,2198,20.39,89.61,0.25,Low
2026-01-04 02:25:00,75.69,2336,19.69,90.71,0.21,Low
2026-01-04 02:30:00,75.62,0,20.42,86.37,0.33,Low
2026-01-04 02:35:00,75.56,0,20.04,89.37,0.25,Low
2026-01-04 02:40:00,75.5,0,21.68,85.02,0.39,Low
2026-01-04 02:45:00,75.46,0,21.54,87.24,0.33,Low
2026-01-04 02:50:00,75.39,0,21.37,85.49,0.37,Low
2026-01-04 02:55:00,75.32,1586,20.56,88.65,0.27,Low
2026-01-04 03:00:00,75.27,686,20.52,89.61,0.25,Low
2026-01-04 03:05:00,75.23,0,22.4,81.71,0.5,Low
2026-01-04 03:10:00,75.16,0,21.34,85.85,0.36,Low
2026-01-04 03:15:00,75.12,1060,21.11,88.22,0.3,Low
2026-01-04 03:20:00,75.07,0,22.24,82.61,0.47,Low
2026-01-04 03:25:00,75.02,0,22.17,86.95,0.35,Low
2026-01-04 03:30:00,74.98,1366,21.71,86.64,0.35,Low
2026-01-04 03:35:00,74.9,2972,23.05,82.05,0.51,Low
2026-01-04 03:40:00,74.83,0,22.13,87.79,0.33,Low
2026-01-04 03:45:00,74.79,0,22.36,85.93,0.38,Low
2026-01-04 03:50:00,74.74,538,23.17,80.72,0.55,Low
2026-01-04 03:55:00,74.7,0,23.15,85.01,0.42,Low
2026-01-04 04:00:00,74.63,0,23.07,85.91,0.4,Low
2026-01-04 04:05:00,74.58,0,23.46,83.18,0.49,Low
2026-01-04 04:10:00,74.55,283,23.07,82.79,0.49,Low
2026-01-04 04:15:00,74.48,781,23.85,79.95,0.59,Low
2026-01-04 04:20:00,74.45,0,23.94,81.56,0.55,Low
2026-01-04 04:25:00,74.41,0,24.44,81.1,0.58,Low
2026-01-04 04:30:00,74.37,0,23.17,80.91,0.54,Low
2026-01-04 04:35:00,74.3,138,23.63,79.87,0.59,Low
2026-01-04 04:40:00,74.26,0,23.85,81.11,0.56,Low
2026-01-04 04:45:00,74.2,0,25.29,74.84,0.81,Low
2026-01-04 04:50:00,74.16,2011,25.41,78.58,0.7,Low
2026-01-04 04:55:00,74.13,70,23.94,82.28,0.53,Low
2026-01-04 05:00:00,74.08,0,24.44,82.72,0.53,Low
2026-01-04 05:05:00,74.05,0,25.03,76.49,0.75,Low
2026-01-04 05:10:00,73.98,1809,24.85,77.72,0.7,Low
2026-01-04 05:15:00,73.91,1549,24.63,76.63,0.72,Low
2026-01-04 05:20:00,73.86,0,25.94,75.49,0.82,Low
2026-01-04 05:25:00,73.79,2270,26.03,73.7,0.89,Low
2026-01-04 05:30:00,73.75,0,25.32,80.53,0.63,Low
2026-01-04 05:35:00,73.68,2104,25.9,78.23,0.73,Low
2026-01-04 05:40:00,73.65,0,26.9,75.31,0.87,Low
2026-01-04 05:45:00,73.59,0,27.36,72.56,1.0,Low
2026-01-04 05:50:00,73.54,1070,27.26,71.4,1.04,Low
2026-01-04 05:55:00,73.47,0,26.54,76.06,0.83,Low
2026-01-04 06:00:00,73.43,0,27.95,74.24,0.97,Low
2026-01-04 06:05:00,73.39,0,27.0,72.48,0.98,Low
2026-01-04 06:10:00,73.33,5429,27.76,73.76,0.98,Low
2026-01-04 06:15:00,73.28,9407,27.65,73.42,0.98,Low
2026-01-04 06:20:00,73.22,9919,27.74,69.76,1.13,Low
2026-01-04 06:25:00,73.17,9961,27.37,74.11,0.94,Low
2026-01-04 06:30:00,73.14,13402,28.72,72.87,1.07,Low
2026-01-04 06:35:00,73.07,13153,28.5,72.53,1.07,Low
2026-01-04 06:40:00,73.02,14814,29.13,68.96,1.25,Low
2026-01-04 06:45:00,72.96,16811,29.5,66.48,1.38,Low
2026-01-04 06:50:00,72.89,20053,28.54,70.12,1.17,Low
2026-01-04 06:55:00,72.86,25908,28.8,69.45,1.21,Low
2026-01-04 07:00:00,72.8,26802,29.07,66.77,1.34,Low
2026-01-04 07:05:00,72.74,24983,29.35,66.03,1.39,Low
2026-01-04 07:10:00,72.7,28898,29.64,67.87,1.34,Low
2026-01-04 07:15:00,72.67,34846,29.91,66.38,1.42,Low
2026-01-04 07:20:00,72.61,33928,29.18,69.24,1.25,Low
2026-01-04 07:25:00,72.57,37186,29.85,68.65,1.32,Low
2026-01-04 07:30:00,72.5,36598,30.58,64.71,1.55,Low
2026-01-04 07:35:00,72.44,39026,31.15,64.48,1.61,Medium
2026-01-04 07:40:00,72.35,40246,29.47,66.06,1.4,Low
2026-01-04 07:45:00,72.3,41870,30.98,65.41,1.55,Low
2026-01-04 07:50:00,72.21,45532,31.55,63.17,1.71,Medium
2026-01-04 07:55:00,72.11,45745,31.28,63.54,1.66,Medium
2026-01-04 08:00:00,72.04,50532,31.67,64.78,1.64,Medium
2026-01-04 08:05:00,71.97,54614,31.47,61.43,1.78,Medium
2026-01-04 08:10:00,71.88,51021,31.36,66.49,1.54,Low
2026-01-04 08:15:00,71.83,55607,31.41,66.28,1.55,Low
2026-01-04 08:20:00,71.76,58740,31.75,60.76,1.84,Medium
2026-01-04 08:25:00,71.7,61427,31.93,62.58,1.77,Medium
2026-01-04 08:30:00,71.61,63371,32.83,62.07,1.89,Medium
2026-01-04 08:35:00,71.54,65415,32.93,59.97,2.01,Medium
2026-01-04 08:40:00,71.49,65478,31.97,63.96,1.71,Medium
2026-01-04 08:45:00,71.34,68098,32.68,62.11,1.87,Medium
2026-01-04 08:50:00,71.25,65764,32.67,61.6,1.9,Medium
2026-01-04 08:55:00,71.0,70185,32.22,64.78,1.7,Medium
2026-01-04 09:00:00,70.81,70734,33.57,59.95,2.08,Medium
2026-01-04 09:05:00,70.57,71349,32.01,62.26,1.8,Medium
2026-01-04 09:10:00,70.28,73232,33.23,61.05,1.98,Medium
2026-01-04 09:15:00,70.05,77267,32.59,62.9,1.82,Medium
2026-01-04 09:20:00,69.89,74476,32.18,63.01,1.78,Medium
2026-01-04 09:25:00,69.72,75954,33.74,57.12,2.25,High
2026-01-04 09:30:00,69.44,80478,34.03,56.51,2.32,High
2026-01-04 09:35:00,69.15,82528,32.52,58.83,2.02,High
2026-01-04 09:40:00,68.91,84104,34.03,59.18,2.18,High
2026-01-04 09:45:00,68.73,84852,33.13,61.6,1.95,Medium
2026-01-04 09:50:00,68.42,86898,34.08,56.95,2.3,High
2026-01-04 09:55:00,68.29,84367,34.79,56.29,2.43,High
2026-01-04 10:00:00,67.99,87325,33.43,60.79,2.02,High
2026-01-04 10:05:00,67.74,90141,34.67,57.48,2.35,High
2026-01-04 10:10:00,67.46,88980,34.61,57.03,2.36,High
2026-01-04 10:15:00,67.2,88452,35.1,53.33,2.64,High
2026-01-04 10:20:00,67.01,88673,33.62,58.75,2.15,High
2026-01-04 10:25:00,66.77,91870,34.18,55.17,2.41,High
2026-01-04 10:30:00,66.61,91371,33.9,59.29,2.15,High
2026-01-04 10:35:00,66.3,92136,33.76,55.65,2.33,High
2026-01-04 10:40:00,66.07,94940,34.75,56.02,2.44,High
2026-01-04 10:45:00,65.9,96397,34.29,56.04,2.38,High
2026-01-04 10:50:00,65.69,92780,34.0,57.84,2.24,High
2026-01-04 10:55:00,65.53,93556,34.75,54.39,2.53,High
2026-01-04 11:00:00,65.26,95757,34.39,55.21,2.43,High
2026-01-04 11:05:00,64.93,100000,34.83,57.83,2.35,High
2026-01-04 11:10:00,64.63,98643,33.83,57.87,2.22,High
2026-01-04 11:15:00,64.37,98805,35.07,58.08,2.37,High
2026-01-04 11:20:00,64.17,100000,34.52,59.27,2.23,High
2026-01-04 11:25:00,63.88,97533,34.99,58.0,2.36,High
2026-01-04 11:30:00,63.75,100000,34.68,55.91,2.44,High
2026-01-04 11:35:00,63.44,97560,35.75,53.86,2.7,High
2026-01-04 11:40:00,63.32,100000,34.3,57.33,2.31,High
2026-01-04 11:45:00,63.02,100000,34.11,59.18,2.19,High
2026-01-04 11:50:00,62.76,97528,34.84,56.09,2.45,High
2026-01-04 11:55:00,62.44,100000,35.95,54.19,2.71,High
2026-01-04 12:00:00,62.26,97922,35.49,54.12,2.65,High
2026-01-04 12:05:00,62.02,97301,34.17,59.17,2.19,High
2026-01-04 12:10:00,61.82,98270,35.14,53.72,2.62,High
2026-01-04 12:15:00,61.56,99384,35.24,52.04,2.73,High
2026-01-04 12:20:00,61.29,100000,35.04,56.12,2.47,High
2026-01-04 12:25:00,60.98,100000,35.12,52.65,2.68,High
2026-01-04 12:30:00,60.84,100000,34.14,56.28,2.34,High
2026-01-04 12:35:00,60.58,98462,35.44,53.86,2.66,High
2026-01-04 12:40:00,60.38,98681,34.83,53.72,2.58,High
2026-01-04 12:45:00,60.23,98352,35.44,57.25,2.46,High
2026-01-04 12:50:00,59.96,100000,35.16,56.89,2.45,High
2026-01-04 12:55:00,59.73,99830,34.52,56.93,2.36,High
2026-01-04 13:00:00,59.5,93622,33.97,58.44,2.21,High
2026-01-04 13:05:00,59.2,94833,35.57,55.67,2.57,High
2026-01-04 13:10:00,58.97,94847,34.32,57.95,2.28,High
2026-01-04 13:15:00,58.81,93017,33.9,60.04,2.11,High
2026-01-04 13:20:00,58.52,95767,33.88,60.19,2.1,High
2026-01-04 13:25:00,58.28,96166,35.32,54.53,2.6,High
2026-01-04 13:30:00,58.01,89792,33.97,55.45,2.37,High
2026-01-04 13:35:00,57.76,90516,34.3,54.89,2.44,High
2026-01-04 13:40:00,57.57,91347,33.45,61.46,1.99,Medium
2026-01-04 13:45:00,57.33,90385,34.08,56.46,2.33,High
2026-01-04 13:50:00,57.13,87888,34.23,56.18,2.36,High
2026-01-04 13:55:00,56.85,86149,33.02,58.38,2.1,High
2026-01-04 14:00:00,56.58,88643,33.8,56.06,2.31,High
2026-01-04 14:05:00,56.4,85268,34.6,55.58,2.44,High
2026-01-04 14:10:00,56.11,82393,33.85,58.78,2.17,High
2026-01-04 14:15:00,55.93,80986,34.37,57.18,2.32,High
2026-01-04 14:20:00,55.81,79373,34.33,54.5,2.46,High
2026-01-04 14:25:00,55.61,77831,33.47,59.52,2.09,High
2026-01-04 14:30:00,55.37,81773,33.53,59.2,2.11,High
2026-01-04 14:35:00,55.18,77821,34.24,58.91,2.21,High
2026-01-04 14:40:00,55.0,78237,32.57,62.48,1.84,Medium
2026-01-04 14:45:00,54.77,75246,32.94,59.61,2.03,High
2026-01-04 14:50:00,54.53,75815,33.22,61.43,1.96,Medium
2026-01-04 14:55:00,54.37,72321,32.11,61.82,1.83,Medium
2026-01-04 15:00:00,54.1,71667,33.55,61.63,1.99,Medium
2026-01-04 15:05:00,53.99,68304,32.5,59.56,1.98,Medium
2026-01-04 15:10:00,53.94,66775,31.53,60.74,1.82,Medium
2026-01-04 15:15:00,53.84,65102,33.09,59.71,2.04,High
2026-01-04 15:20:00,53.75,67162,31.24,63.1,1.68,Medium
2026-01-04 15:25:00,53.67,64570,32.05,64.29,1.7,Medium
2026-01-04 15:30:00,53.61,58919,31.96,63.42,1.74,Medium
2026-01-04 15:35:00,53.51,61143,32.04,62.41,1.79,Medium
2026-01-04 15:40:00,53.37,57455,32.4,60.59,1.92,Medium
2026-01-04 15:45:00,53.3,55449,31.42,64.36,1.64,Medium
2026-01-04 15:50:00,53.22,51723,30.58,63.14,1.62,Medium
2026-01-04 15:55:00,53.13,49998,30.57,64.85,1.54,Medium
2026-01-04 16:00:00,53.05,48382,30.24,68.32,1.36,Medium
2026-01-04 16:05:00,53.0,47971,30.81,63.4,1.63,Medium
2026-01-04 16:10:00,52.92,43309,31.36,61.13,1.78,Medium
2026-01-04 16:15:00,52.84,45006,29.86,64.56,1.49,Medium
2026-01-04 16:20:00,52.74,40811,29.49,66.25,1.39,Medium
2026-01-04 16:25:00,52.66,40656,30.42,63.14,1.6,Medium
2026-01-04 16:30:00,52.6,36969,30.38,63.63,1.58,Medium
2026-01-04 16:35:00,52.53,38447,30.89,62.99,1.65,Medium
2026-01-04 16:40:00,52.49,35969,29.94,69.07,1.31,Medium
2026-01-04 16:45:00,52.45,30731,29.89,68.6,1.32,Medium
2026-01-04 16:50:00,52.4,30614,29.31,66.96,1.35,Medium
2026-01-04 16:55:00,52.34,26196,28.46,72.71,1.06,Low
2026-01-04 17:00:00,52.29,23779,28.91,67.08,1.31,Medium
2026-01-04 17:05:00,52.23,21002,29.13,70.7,1.18,Low
2026-01-04 17:10:00,52.17,21537,27.97,69.46,1.15,Low
2026-01-04 17:15:00,52.11,21890,29.22,70.45,1.2,Low
2026-01-04 17:20:00,52.05,16587,28.43,67.86,1.25,Medium
2026-01-04 17:25:00,52.0,17026,27.68,74.08,0.96,Low
2026-01-04 17:30:00,51.94,14500,28.22,72.66,1.05,Low
2026-01-04 17:35:00,51.9,8689,27.07,73.61,0.94,Low
2026-01-04 17:40:00,51.85,7415,28.42,72.91,1.05,Low
2026-01-04 17:45:00,51.79,7795,26.9,75.86,0.86,Low
2026-01-04 17:50:00,51.72,1405,26.58,75.78,0.84,Low
2026-01-04 17:55:00,51.66,1355,26.81,72.27,0.98,Low
2026-01-04 18:00:00,51.61,2129,26.51,74.57,0.88,Low
2026-01-04 18:05:00,51.56,1083,26.38,76.86,0.8,Low
2026-01-04 18:10:00,51.51,0,27.22,72.62,0.99,Low
2026-01-04 18:15:00,51.44,0,25.98,75.3,0.83,Low
2026-01-04 18:20:00,51.37,2129,26.77,75.37,0.87,Low
2026-01-04 18:25:00,51.33,1195,26.02,74.12,0.87,Low
2026-01-04 18:30:00,51.27,0,25.76,77.06,0.76,Low
2026-01-04 18:35:00,51.24,0,26.2,78.54,0.73,Low
2026-01-04 18:40:00,51.18,0,24.79,81.53,0.58,Low
2026-01-04 18:45:00,51.15,0,24.57,76.98,0.71,Low
2026-01-04 18:50:00,51.1,2906,25.04,79.1,0.66,Low
2026-01-04 18:55:00,51.03,584,25.52,79.97,0.65,Low
2026-01-04 19:00:00,50.96,0,25.21,76.23,0.76,Low
2026-01-04 19:05:00,50.9,0,25.37,74.85,0.81,Low
2026-01-04 19:10:00,50.87,0,24.63,77.38,0.7,Low
2026-01-04 19:15:00,50.79,0,23.91,78.96,0.62,Low
2026-01-04 19:20:00,50.73,0,24.82,78.28,0.68,Low
2026-01-04 19:25:00,50.7,1421,24.14,77.9,0.66,Low
2026-01-04 19:30:00,50.65,1978,23.51,84.42,0.45,Low
2026-01-04 19:35:00,50.61,0,24.7,79.82,0.63,Low
2026-01-04 19:40:00,50.56,449,24.48,78.27,0.67,Low
2026-01-04 19:45:00,50.48,0,22.67,82.61,0.48,Low
2026-01-04 19:50:00,50.41,2740,23.91,83.26,0.5,Low
2026-01-04 19:55:00,50.35,1165,23.3,85.2,0.42,Low
2026-01-04 20:00:00,50.3,1544,23.54,84.63,0.45,Low
2026-01-04 20:05:00,50.27,520,22.77,80.79,0.53,Low
2026-01-04 20:10:00,50.2,801,21.84,88.74,0.29,Medium
2026-01-04 20:15:00,50.15,0,22.02,88.1,0.31,Low
2026-01-04 20:20:00,50.11,1993,21.43,85.2,0.38,Medium
2026-01-04 20:25:00,50.03,1926,22.62,81.44,0.51,Low
2026-01-04 20:30:00,49.99,0,22.08,87.57,0.33,Medium
2026-01-04 20:35:00,49.94,1098,22.89,85.82,0.4,Medium
2026-01-04 20:40:00,49.9,1412,21.26,89.35,0.27,Medium
2026-01-04 20:45:00,49.86,0,21.13,88.11,0.3,Medium
2026-01-04 20:50:00,49.79,2521,20.81,89.19,0.27,Medium
2026-01-04 20:55:00,49.76,1585,21.7,86.35,0.35,Medium
2026-01-04 21:00:00,49.68,724,21.31,86.95,0.33,Medium
2026-01-04 21:05:00,49.6,2212,22.02,85.31,0.39,Medium
2026-01-04 21:10:00,49.55,0,21.93,83.88,0.42,Medium
2026-01-04 21:15:00,49.49,1795,20.09,89.65,0.24,Medium
2026-01-04 21:20:00,49.45,0,20.88,89.1,0.27,Medium
2026-01-04 21:25:00,49.38,1189,21.71,85.82,0.37,Medium
2026-01-04 21:30:00,49.34,0,19.68,91.23,0.2,Medium
2026-01-04 21:35:00,49.3,0,20.77,88.51,0.28,Medium
2026-01-04 21:40:00,49.24,678,20.39,88.3,0.28,Medium
2026-01-04 21:45:00,49.17,1204,19.77,89.76,0.24,Medium
2026-01-04 21:50:00,49.11,0,19.81,88.22,0.27,Medium
2026-01-04 21:55:00,49.07,0,19.62,89.5,0.24,Medium
2026-01-04 22:00:00,48.99,0,19.94,88.02,0.28,Medium
2026-01-04 22:05:00,48.94,1834,19.29,89.7,0.23,Medium
2026-01-04 22:10:00,48.87,2096,20.9,88.04,0.3,Medium
2026-01-04 22:15:00,48.81,0,20.4,89.46,0.25,Medium
2026-01-04 22:20:00,48.74,1143,19.55,88.4,0.26,Medium
2026-01-04 22:25:00,48.69,779,19.63,90.55,0.22,Medium
2026-01-04 22:30:00,48.65,362,19.33,94.13,0.13,Medium
2026-01-04 22:35:00,48.57,0,18.58,95.0,0.11,Medium
2026-01-04 22:40:00,48.53,455,18.88,93.47,0.14,Medium
2026-01-04 22:45:00,48.48,0,19.99,91.07,0.21,Medium
2026-01-04 22:50:00,48.44,2337,19.84,89.65,0.24,Medium
2026-01-04 22:55:00,48.36,0,19.58,88.96,0.25,Medium
2026-01-04 23:00:00,48.29,787,18.95,92.85,0.16,Medium
2026-01-04 23:05:00,48.25,0,18.37,92.11,0.17,Medium
2026-01-04 23:10:00,48.2,0,18.77,93.69,0.14,Medium
2026-01-04 23:15:00,48.14,2176,19.04,91.38,0.19,Medium
2026-01-04 23:20:00,48.11,0,20.05,87.98,0.28,Medium
2026-01-04 23:25:00,48.05,972,19.55,93.68,0.14,Medium
2026-01-04 23:30:00,48.01,0,18.23,91.69,0.17,Medium
2026-01-04 23:35:00,47.96,290,19.8,87.61,0.29,Medium
2026-01-04 23:40:00,47.93,0,19.56,89.59,0.24,Medium
2026-01-04 23:45:00,47.88,2312,19.33,90.4,0.22,Medium
2026-01-04 23:50:00,47.81,758,18.58,91.06,0.19,Medium
2026-01-04 23:55:00,47.77,981,18.06,95.0,0.1,Medium
2026-01-05 00:00:00,79.68,0,24.08,62.28,1.13,Low
2026-01-05 00:05:00,79.62,0,24.4,62.47,1.15,Low
2026-01-05 00:10:00,79.56,383,24.28,62.3,1.14,Low
2026-01-05 00:15:00,79.49,0,23.64,63.87,1.05,Low
2026-01-05 00:20:00,79.44,0,23.91,61.56,1.14,Low
2026-01-05 00:25:00,79.4,1892,23.05,67.08,0.93,Low
2026-01-05 00:30:00,79.32,0,24.01,65.32,1.04,Low
2026-01-05 00:35:00,79.27,0,24.05,62.27,1.13,Low
2026-01-05 00:40:00,79.22,0,23.58,63.0,1.08,Low
2026-01-05 00:45:00,79.16,0,24.27,60.15,1.21,Low
2026-01-05 00:50:00,79.11,0,23.97,61.45,1.15,Low
2026-01-05 00:55:00,79.04,1587,23.71,65.93,1.0,Low
2026-01-05 01:00:00,78.97,0,24.64,62.78,1.15,Low
2026-01-05 01:05:00,78.92,2120,24.15,60.56,1.19,Low
2026-01-05 01:10:00,78.86,706,24.64,59.95,1.24,Low
2026-01-05 01:15:00,78.8,0,23.8,60.56,1.16,Low
2026-01-05 01:20:00,78.74,0,23.85,61.75,1.13,Low
2026-01-05 01:25:00,78.68,0,25.0,58.41,1.32,Low
2026-01-05 01:30:00,78.6,0,24.29,63.92,1.1,Low
2026-01-05 01:35:00,78.53,1748,24.6,60.39,1.23,Low
2026-01-05 01:40:00,78.5,0,25.65,60.65,1.3,Low
2026-01-05 01:45:00,78.43,0,24.77,63.09,1.15,Low
2026-01-05 01:50:00,78.38,0,25.56,60.82,1.28,Low
2026-01-05 01:55:00,78.35,0,25.53,60.71,1.28,Low
2026-01-05 02:00:00,78.27,1625,24.99,60.64,1.25,Low
2026-01-05 02:05:00,78.23,1088,25.11,59.13,1.3,Low
2026-01-05 02:10:00,78.17,0,25.51,61.95,1.24,Low
2026-01-05 02:15:00,78.1,831,24.85,59.03,1.29,Low
2026-01-05 02:20:00,78.03,0,26.17,55.48,1.51,Low
2026-01-05 02:25:00,78.0,0,25.2,58.7,1.32,Low
2026-01-05 02:30:00,77.93,0,26.23,54.92,1.54,Low
2026-01-05 02:35:00,77.9,577,25.71,58.09,1.38,Low
2026-01-05 02:40:00,77.82,0,25.19,60.78,1.26,Low
2026-01-05 02:45:00,77.76,750,26.98,53.31,1.66,Low
2026-01-05 02:50:00,77.71,1748,26.5,54.79,1.57,Low
2026-01-05 02:55:00,77.64,1731,27.18,57.02,1.55,Low
2026-01-05 03:00:00,77.6,0,26.22,58.83,1.4,Low
2026-01-05 03:05:00,77.54,2391,25.74,58.72,1.37,Low
2026-01-05 03:10:00,77.51,1182,26.18,55.91,1.5,Low
2026-01-05 03:15:00,77.43,1394,26.42,55.88,1.52,Low
2026-01-05 03:20:00,77.4,327,27.69,51.73,1.79,Low
2026-01-05 03:25:00,77.37,0,26.58,56.06,1.53,Low
2026-01-05 03:30:00,77.34,0,27.41,53.08,1.71,Low
2026-01-05 03:35:00,77.27,1656,27.98,52.07,1.81,Low
2026-01-05 03:40:00,77.21,233,27.73,53.55,1.73,Low
2026-01-05 03:45:00,77.17,308,27.55,55.31,1.65,Low
2026-01-05 03:50:00,77.13,0,27.98,53.78,1.75,Low
2026-01-05 03:55:00,77.09,0,28.52,54.64,1.77,Medium
2026-01-05 04:00:00,77.02,0,27.97,54.09,1.73,Low
2026-01-05 04:05:00,76.98,154,28.47,53.73,1.8,Medium
2026-01-05 04:10:00,76.9,635,28.04,50.94,1.86,Medium
2026-01-05 04:15:00,76.87,0,27.88,56.22,1.64,Low
2026-01-05 04:20:00,76.79,0,29.22,51.14,1.98,Medium
2026-01-05 04:25:00,76.72,0,28.61,53.45,1.82,Medium
2026-01-05 04:30:00,76.67,0,28.47,49.94,1.94,Medium
2026-01-05 04:35:00,76.61,2763,29.99,46.61,2.26,Medium
2026-01-05 04:40:00,76.57,0,29.33,50.7,2.01,Medium
2026-01-05 04:45:00,76.52,0,29.68,51.23,2.03,Medium
2026-01-05 04:50:00,76.46,831,28.81,50.9,1.94,Medium
2026-01-05 04:55:00,76.42,2296,30.09,46.79,2.27,Medium
2026-01-05 05:00:00,76.34,0,29.73,47.56,2.19,Medium
2026-01-05 05:05:00,76.26,0,29.98,47.93,2.21,Medium
2026-01-05 05:10:00,76.21,0,29.92,50.77,2.08,Medium
2026-01-05 05:15:00,76.17,650,30.89,47.33,2.35,Medium
2026-01-05 05:20:00,76.09,2556,31.14,44.9,2.5,Medium
2026-01-05 05:25:00,76.01,0,30.68,48.8,2.26,Medium
2026-01-05 05:30:00,75.97,105,31.15,49.32,2.3,Medium
2026-01-05 05:35:00,75.94,0,30.73,49.46,2.24,Medium
2026-01-05 05:40:00,75.88,1138,31.95,43.18,2.69,Medium
2026-01-05 05:45:00,75.85,2555,31.59,43.27,2.64,Medium
2026-01-05 05:50:00,75.79,0,31.36,45.07,2.52,Medium
2026-01-05 05:55:00,75.74,1866,31.29,43.58,2.58,Medium
2026-01-05 06:00:00,75.64,1405,32.84,43.82,2.8,Medium
2026-01-05 06:05:00,75.58,4790,31.52,46.64,2.47,Medium
2026-01-05 06:10:00,75.48,6241,33.16,40.52,3.02,Medium
2026-01-05 06:15:00,75.37,5973,32.68,40.18,2.95,Medium
2026-01-05 06:20:00,75.26,13233,32.39,42.99,2.77,Medium
2026-01-05 06:25:00,75.17,12512,33.61,41.61,3.04,Medium
2026-01-05 06:30:00,75.11,18632,32.07,43.54,2.69,Medium
2026-01-05 06:35:00,75.02,20015,32.3,41.61,2.82,Medium
2026-01-05 06:40:00,74.95,19877,32.83,43.88,2.8,Medium
2026-01-05 06:45:00,74.89,25932,33.45,41.09,3.04,Medium
2026-01-05 06:50:00,74.82,27503,33.31,39.18,3.11,Medium
2026-01-05 06:55:00,74.75,28195,34.04,39.09,3.25,Medium
2026-01-05 07:00:00,74.68,35289,34.07,37.41,3.34,Medium
2026-01-05 07:05:00,74.6,36304,34.36,39.89,3.26,Medium
2026-01-05 07:10:00,74.52,40505,34.64,36.81,3.48,Medium
2026-01-05 07:15:00,74.43,40727,35.13,39.76,3.41,Medium
2026-01-05 07:20:00,74.31,44003,35.08,36.41,3.5,Medium
2026-01-05 07:25:00,74.11,44262,35.09,36.13,3.5,Medium
2026-01-05 07:30:00,74.02,52689,35.29,36.48,3.5,Medium
2026-01-05 07:35:00,73.9,54266,34.31,37.28,3.39,Medium
2026-01-05 07:40:00,73.81,57056,35.9,33.11,3.5,Medium
2026-01-05 07:45:00,73.63,60057,36.44,36.41,3.5,High
2026-01-05 07:50:00,73.5,61190,34.72,35.81,3.5,Medium
2026-01-05 07:55:00,73.4,60782,34.89,37.97,3.47,Medium
2026-01-05 08:00:00,73.23,63551,36.05,34.99,3.5,High
2026-01-05 08:05:00,73.08,68633,35.43,33.61,3.5,Medium
2026-01-05 08:10:00,72.97,67109,36.63,31.78,3.5,High
2026-01-05 08:15:00,72.64,72931,37.02,30.17,3.5,High
2026-01-05 08:20:00,72.25,73896,35.61,34.74,3.5,Medium
2026-01-05 08:25:00,71.87,79055,37.05,29.9,3.5,High
2026-01-05 08:30:00,71.45,77525,37.17,31.8,3.5,High
2026-01-05 08:35:00,71.16,80262,36.21,36.93,3.5,High
2026-01-05 08:40:00,70.75,83566,36.52,33.76,3.5,High
2026-01-05 08:45:00,70.51,84199,36.32,34.65,3.5,High
2026-01-05 08:50:00,70.26,85768,37.19,31.54,3.5,High
2026-01-05 08:55:00,69.97,88313,37.78,33.97,3.5,High
2026-01-05 09:00:00,69.58,92678,38.28,32.23,3.5,High
2026-01-05 09:05:00,69.34,91084,38.41,29.99,3.5,High
2026-01-05 09:10:00,69.16,98229,37.2,33.38,3.5,High
2026-01-05 09:15:00,68.84,100000,37.78,31.78,3.5,High
2026-01-05 09:20:00,68.43,98027,37.58,29.48,3.5,High
2026-01-05 09:25:00,68.21,100000,39.06,28.42,3.5,High
2026-01-05 09:30:00,67.83,100000,37.62,33.27,3.5,High
2026-01-05 09:35:00,67.64,100000,38.07,30.58,3.5,High
2026-01-05 09:40:00,67.23,100000,39.54,24.92,3.5,High
2026-01-05 09:45:00,66.82,100000,39.49,27.53,3.5,High
2026-01-05 09:50:00,66.47,100000,37.98,32.91,3.5,High
2026-01-05 09:55:00,66.21,100000,39.37,26.93,3.5,High
2026-01-05 10:00:00,65.8,100000,38.81,31.09,3.5,High
2026-01-05 10:05:00,65.6,100000,38.56,26.95,3.5,High
2026-01-05 10:10:00,65.29,100000,39.62,25.47,3.5,High
2026-01-05 10:15:00,65.04,100000,38.64,30.26,3.5,High
2026-01-05 10:20:00,64.72,100000,39.63,26.87,3.5,High
2026-01-05 10:25:00,64.43,100000,39.75,28.7,3.5,High
2026-01-05 10:30:00,64.07,100000,38.67,26.26,3.5,High
2026-01-05 10:35:00,63.72,100000,38.49,28.96,3.5,High
2026-01-05 10:40:00,63.32,100000,40.49,22.26,3.5,High
2026-01-05 10:45:00,63.08,100000,40.55,24.68,3.5,High
2026-01-05 10:50:00,62.91,100000,39.54,26.48,3.5,High
2026-01-05 10:55:00,62.59,100000,40.15,24.53,3.5,High
2026-01-05 11:00:00,62.2,100000,40.21,25.66,3.5,High
2026-01-05 11:05:00,61.82,100000,40.34,24.92,3.5,High
2026-01-05 11:10:00,61.56,100000,38.9,28.65,3.5,High
2026-01-05 11:15:00,61.24,100000,40.32,25.37,3.5,High
2026-01-05 11:20:00,61.0,100000,38.98,27.74,3.5,High
2026-01-05 11:25:00,60.68,100000,40.56,24.24,3.5,High
2026-01-05 11:30:00,60.3,100000,39.04,26.06,3.5,High
2026-01-05 11:35:00,59.94,100000,39.86,24.01,3.5,High
2026-01-05 11:40:00,59.67,100000,40.85,21.87,3.5,High
2026-01-05 11:45:00,59.33,100000,39.88,26.81,3.5,High
2026-01-05 11:50:00,58.99,100000,39.4,25.89,3.5,High
2026-01-05 11:55:00,58.8,100000,40.81,25.44,3.5,High
2026-01-05 12:00:00,58.5,100000,39.23,26.95,3.5,High
2026-01-05 12:05:00,58.09,100000,39.77,26.61,3.5,High
2026-01-05 12:10:00,57.7,100000,39.75,28.19,3.5,High
2026-01-05 12:15:00,57.31,100000,40.11,23.64,3.5,High
2026-01-05 12:20:00,57.07,100000,39.33,27.06,3.5,High
2026-01-05 12:25:00,56.88,100000,40.49,25.63,3.5,High
2026-01-05 12:30:00,56.66,100000,39.19,28.59,3.5,High
2026-01-05 12:35:00,56.5,100000,39.82,26.67,3.5,High
2026-01-05 12:40:00,56.21,100000,40.64,25.05,3.5,High
2026-01-05 12:45:00,55.99,100000,39.67,27.37,3.5,High
2026-01-05 12:50:00,55.62,100000,39.91,26.56,3.5,High
2026-01-05 12:55:00,55.45,100000,38.87,29.52,3.5,High
2026-01-05 13:00:00,55.21,100000,40.44,27.03,3.5,High
2026-01-05 13:05:00,55.01,100000,40.52,24.3,3.5,High
2026-01-05 13:10:00,54.69,100000,39.97,27.21,3.5,High
2026-01-05 13:15:00,54.38,100000,40.15,25.39,3.5,High
2026-01-05 13:20:00,54.13,100000,40.38,23.92,3.5,High
2026-01-05 13:25:00,53.82,100000,39.21,27.37,3.5,High
2026-01-05 13:30:00,53.59,100000,38.98,29.52,3.5,High
2026-01-05 13:35:00,53.28,100000,39.38,28.61,3.5,High
2026-01-05 13:40:00,52.86,100000,38.47,30.3,3.5,High
2026-01-05 13:45:00,52.44,100000,39.14,30.58,3.5,High
2026-01-05 13:50:00,52.14,100000,38.67,27.96,3.5,High
2026-01-05 13:55:00,51.84,100000,40.0,23.77,3.5,High
2026-01-05 14:00:00,51.63,100000,38.97,28.33,3.5,High
2026-01-05 14:05:00,51.47,100000,39.06,31.04,3.5,High
2026-01-05 14:10:00,51.09,100000,37.8,28.78,3.5,High
2026-01-05 14:15:00,50.85,100000,39.25,27.21,3.5,High
2026-01-05 14:20:00,50.64,100000,38.67,26.12,3.5,High
2026-01-05 14:25:00,50.34,100000,38.01,29.41,3.5,High
2026-01-05 14:30:00,50.1,100000,37.99,31.73,3.5,High
2026-01-05 14:35:00,49.89,100000,38.69,26.19,3.5,High
2026-01-05 14:40:00,49.49,98613,37.79,32.12,3.5,High
2026-01-05 14:45:00,49.17,98613,38.61,29.09,3.5,High
2026-01-05 14:50:00,48.81,96067,38.68,28.04,3.5,High
2026-01-05 14:55:00,48.57,95362,37.61,33.51,3.5,High
2026-01-05 15:00:00,48.36,90816,38.11,30.57,3.5,High
2026-01-05 15:05:00,48.11,91693,37.9,33.15,3.5,High
2026-01-05 15:10:00,47.69,86509,38.34,27.0,3.5,High
2026-01-05 15:15:00,47.43,87769,37.53,32.11,3.5,High
2026-01-05 15:20:00,47.08,85749,37.33,33.64,3.5,High
2026-01-05 15:25:00,46.8,78559,36.64,33.22,3.5,High
2026-01-05 15:30:00,46.58,78850,36.35,37.11,3.5,High
2026-01-05 15:35:00,46.22,74543,36.34,36.14,3.5,High
2026-01-05 15:40:00,45.93,74227,37.42,29.09,3.5,High
2026-01-05 15:45:00,45.58,70365,36.44,36.72,3.5,High
2026-01-05 15:50:00,45.19,71502,36.35,32.26,3.5,High
2026-01-05 15:55:00,45.0,70068,36.79,34.43,3.5,High
2026-01-05 16:00:00,44.86,64756,36.45,35.45,3.5,High
2026-01-05 16:05:00,44.71,65122,34.86,38.95,3.41,High
2026-01-05 16:10:00,44.57,59828,34.87,35.08,3.5,High
2026-01-05 16:15:00,44.45,56372,35.86,36.0,3.5,High
2026-01-05 16:20:00,44.34,53865,36.17,32.98,3.5,High
2026-01-05 16:25:00,44.24,52003,34.86,35.53,3.5,High
2026-01-05 16:30:00,44.1,46840,34.61,39.14,3.35,High
2026-01-05 16:35:00,44.01,46218,34.31,37.99,3.36,High
2026-01-05 16:40:00,43.92,43162,35.14,35.64,3.5,High
2026-01-05 16:45:00,43.83,40819,34.8,37.63,3.47,High
2026-01-05 16:50:00,43.75,40144,34.35,36.64,3.44,High
2026-01-05 16:55:00,43.66,34451,34.09,40.17,3.2,High
2026-01-05 17:00:00,43.57,34842,34.74,38.79,3.39,High
2026-01-05 17:05:00,43.46,32176,34.54,39.59,3.31,High
2026-01-05 17:10:00,43.39,29671,34.68,38.03,3.42,High
2026-01-05 17:15:00,43.29,27879,34.19,39.18,3.27,High
2026-01-05 17:20:00,43.22,23835,33.76,40.15,3.14,High
2026-01-05 17:25:00,43.11,21942,32.66,43.57,2.79,High
2026-01-05 17:30:00,43.01,18166,32.83,43.49,2.82,High
2026-01-05 17:35:00,42.9,13872,33.64,37.82,3.24,High
2026-01-05 17:40:00,42.8,11097,32.4,41.5,2.84,High
2026-01-05 17:45:00,42.69,6266,32.73,40.33,2.96,High
2026-01-05 17:50:00,42.59,4625,32.94,43.13,2.85,High
2026-01-05 17:55:00,42.5,2240,32.24,43.33,2.73,High
2026-01-05 18:00:00,42.43,2843,32.1,43.48,2.7,High
2026-01-05 18:05:00,42.35,545,32.45,45.06,2.68,High
2026-01-05 18:10:00,42.25,267,32.23,42.3,2.78,High
2026-01-05 18:15:00,42.2,2585,30.63,47.99,2.29,High
2026-01-05 18:20:00,42.13,0,31.49,45.91,2.5,High
2026-01-05 18:25:00,42.09,2735,30.48,45.31,2.39,High
2026-01-05 18:30:00,42.04,1628,31.58,44.63,2.57,High
2026-01-05 18:35:00,41.96,0,31.1,48.36,2.33,High
2026-01-05 18:40:00,41.93,816,31.42,42.74,2.63,High
2026-01-05 18:45:00,41.87,187,29.74,48.94,2.13,High
2026-01-05 18:50:00,41.81,1089,29.66,48.68,2.14,High
2026-01-05 18:55:00,41.76,0,30.92,49.53,2.26,High
2026-01-05 19:00:00,41.73,0,30.89,44.48,2.48,High
2026-01-05 19:05:00,41.68,0,30.73,45.08,2.43,High
2026-01-05 19:10:00,41.62,293,29.33,47.85,2.13,High
2026-01-05 19:15:00,41.54,0,30.07,51.01,2.09,High
2026-01-05 19:20:00,41.5,1213,28.73,51.28,1.92,Medium
2026-01-05 19:25:00,41.43,0,28.87,51.88,1.91,Medium
2026-01-05 19:30:00,41.36,0,28.89,50.86,1.96,Medium
2026-01-05 19:35:00,41.29,0,29.46,53.23,1.92,Medium
2026-01-05 19:40:00,41.23,0,27.89,50.95,1.84,Medium
2026-01-05 19:45:00,41.19,0,28.44,55.54,1.72,Medium
2026-01-05 19:50:00,41.12,0,28.59,51.98,1.88,Medium
2026-01-05 19:55:00,41.07,0,28.36,50.85,1.9,Medium
2026-01-05 20:00:00,41.03,0,28.1,52.49,1.81,Medium
2026-01-05 20:05:00,40.99,467,28.06,55.55,1.69,Medium
2026-01-05 20:10:00,40.94,0,27.71,54.56,1.69,Medium
2026-01-05 20:15:00,40.9,408,28.51,53.65,1.8,Medium
2026-01-05 20:20:00,40.84,1142,27.37,52.89,1.72,Medium
2026-01-05 20:25:00,40.78,2902,28.24,54.73,1.73,Medium
2026-01-05 20:30:00,40.73,2339,26.29,55.07,1.54,Medium
2026-01-05 20:35:00,40.67,2762,27.48,52.27,1.75,Medium
2026-01-05 20:40:00,40.62,0,27.45,52.17,1.75,Medium
2026-01-05 20:45:00,40.57,0,27.28,55.33,1.62,Medium
2026-01-05 20:50:00,40.5,0,27.06,58.52,1.48,Medium
2026-01-05 20:55:00,40.43,0,26.05,60.63,1.33,Medium
2026-01-05 21:00:00,40.38,382,26.8,53.74,1.63,Medium
2026-01-05 21:05:00,40.31,0,25.56,62.16,1.24,Medium
2026-01-05 21:10:00,40.25,0,26.35,54.89,1.55,Medium
2026-01-05 21:15:00,40.21,0,26.69,54.41,1.6,Medium
2026-01-05 21:20:00,40.17,0,26.59,54.52,1.58,Medium
2026-01-05 21:25:00,40.1,0,25.94,58.01,1.41,Medium
2026-01-05 21:30:00,40.03,1204,25.18,60.01,1.28,Medium
2026-01-05 21:35:00,39.99,0,26.27,55.08,1.53,Medium
2026-01-05 21:40:00,79.4,0,24.76,64.02,1.12,Low
2026-01-05 21:45:00,79.35,0,25.62,60.47,1.3,Low
2026-01-05 21:50:00,79.32,1532,25.54,56.96,1.41,Low
2026-01-05 21:55:00,79.25,0,24.96,62.07,1.2,Low
2026-01-05 22:00:00,79.19,0,25.14,61.42,1.23,Low
2026-01-05 22:05:00,79.12,2221,24.28,59.24,1.24,Low
2026-01-05 22:10:00,79.05,1070,24.8,63.73,1.14,Low
2026-01-05 22:15:00,78.98,2506,23.91,63.84,1.07,Low
2026-01-05 22:20:00,78.93,2508,24.61,63.54,1.13,Low
2026-01-05 22:25:00,78.88,0,24.21,63.24,1.11,Low
2026-01-05 22:30:00,78.82,1494,25.16,61.55,1.23,Low
2026-01-05 22:35:00,78.78,0,23.93,64.09,1.07,Low
2026-01-05 22:40:00,78.75,1036,24.58,63.46,1.13,Low
2026-01-05 22:45:00,78.71,0,23.62,63.35,1.07,Low
2026-01-05 22:50:00,78.68,0,23.94,60.09,1.19,Low
2026-01-05 22:55:00,78.6,939,25.2,62.06,1.22,Low
2026-01-05 23:00:00,78.53,1248,24.55,59.26,1.26,Low
2026-01-05 23:05:00,78.47,938,23.49,66.37,0.97,Low
2026-01-05 23:10:00,78.42,2376,25.12,61.39,1.23,Low
2026-01-05 23:15:00,78.35,2617,24.09,63.43,1.1,Low
2026-01-05 23:20:00,78.28,0,23.67,65.97,1.0,Low
2026-01-05 23:25:00,78.21,0,23.74,60.84,1.15,Low
2026-01-05 23:30:00,78.13,0,23.83,60.54,1.17,Low
2026-01-05 23:35:00,78.06,0,23.58,63.72,1.06,Low
2026-01-05 23:40:00,78.02,0,24.25,62.17,1.15,Low
2026-01-05 23:45:00,77.94,0,24.55,62.38,1.16,Low
2026-01-05 23:50:00,77.89,0,24.44,59.23,1.25,Low
2026-01-05 23:55:00,77.85,0,23.5,66.32,0.98,Low
2026-01-06 00:00:00,81.33,0,24.33,63.24,1.12,Low
2026-01-06 00:05:00,81.27,92,24.15,65.09,1.05,Low
2026-01-06 00:10:00,81.2,2064,23.88,64.76,1.04,Low
2026-01-06 00:15:00,81.13,0,24.1,65.3,1.04,Low
2026-01-06 00:20:00,81.09,403,23.99,65.42,1.03,Low
2026-01-06 00:25:00,81.01,0,24.41,62.65,1.14,Low
2026-01-06 00:30:00,80.97,207,23.25,67.29,0.93,Low
2026-01-06 00:35:00,80.93,1599,24.01,63.66,1.09,Low
2026-01-06 00:40:00,80.87,0,23.2,62.79,1.06,Low
2026-01-06 00:45:00,80.84,783,24.95,59.78,1.27,Low
2026-01-06 00:50:00,80.8,1411,24.46,59.59,1.24,Low
2026-01-06 00:55:00,80.76,557,24.67,61.2,1.21,Low
2026-01-06 01:00:00,80.69,0,24.35,62.19,1.15,Low
2026-01-06 01:05:00,80.66,2975,24.22,59.52,1.22,Low
2026-01-06 01:10:00,80.59,0,24.95,58.33,1.32,Low
2026-01-06 01:15:00,80.51,0,24.76,62.12,1.18,Low
2026-01-06 01:20:00,80.48,476,23.78,65.85,1.01,Low
2026-01-06 01:25:00,80.41,922,23.83,63.02,1.09,Low
2026-01-06 01:30:00,80.37,1207,23.7,61.27,1.14,Low
2026-01-06 01:35:00,80.32,0,23.78,65.07,1.03,Low
2026-01-06 01:40:00,80.28,546,24.09,64.5,1.07,Low
2026-01-06 01:45:00,80.21,1795,24.82,59.24,1.28,Low
2026-01-06 01:50:00,80.15,1869,24.76,63.95,1.13,Low
2026-01-06 01:55:00,80.11,2855,24.63,61.8,1.18,Low
2026-01-06 02:00:00,80.05,1758,25.74,60.37,1.31,Low
2026-01-06 02:05:00,80.0,0,24.83,58.73,1.29,Low
2026-01-06 02:10:00,79.92,320,25.65,58.65,1.36,Low
2026-01-06 02:15:00,79.86,0,24.43,63.9,1.11,Low
2026-01-06 02:20:00,79.83,0,26.0,58.12,1.41,Low
2026-01-06 02:25:00,79.76,0,24.91,61.62,1.21,Low
2026-01-06 02:30:00,79.69,1844,25.49,61.02,1.27,Low
2026-01-06 02:35:00,79.64,838,25.17,60.24,1.27,Low
2026-01-06 02:40:00,79.6,663,26.75,53.71,1.63,Low
2026-01-06 02:45:00,79.53,2701,25.99,59.0,1.38,Low
2026-01-06 02:50:00,79.5,0,25.8,57.08,1.43,Low
2026-01-06 02:55:00,79.43,0,26.28,56.72,1.48,Low
2026-01-06 03:00:00,79.37,0,26.42,58.85,1.42,Low
2026-01-06 03:05:00,79.3,0,26.02,59.93,1.35,Low
2026-01-06 03:10:00,79.24,0,27.53,52.73,1.74,Low
2026-01-06 03:15:00,79.19,869,25.81,57.34,1.42,Low
2026-01-06 03:20:00,79.15,1830,26.53,58.54,1.44,Low
2026-01-06 03:25:00,79.09,2549,27.47,52.87,1.73,Low
2026-01-06 03:30:00,79.02,0,27.1,58.04,1.5,Low
2026-01-06 03:35:00,78.96,0,27.45,53.05,1.72,Low
2026-01-06 03:40:00,78.92,1673,27.06,54.71,1.62,Low
2026-01-06 03:45:00,78.88,2219,28.03,52.78,1.79,Medium
2026-01-06 03:50:00,78.84,0,27.64,56.76,1.6,Low
2026-01-06 03:55:00,78.81,0,28.71,51.3,1.92,Medium
2026-01-06 04:00:00,78.77,792,28.44,55.44,1.73,Medium
2026-01-06 04:05:00,78.73,1153,27.41,52.32,1.74,Low
2026-01-06 04:10:00,78.68,0,29.01,49.31,2.03,Medium
2026-01-06 04:15:00,78.62,621,29.23,52.5,1.93,Medium
2026-01-06 04:20:00,78.55,0,28.84,54.48,1.81,Medium
2026-01-06 04:25:00,78.47,2141,27.95,53.65,1.75,Low
2026-01-06 04:30:00,78.4,2021,29.12,49.7,2.03,Medium
2026-01-06 04:35:00,78.34,0,29.57,48.95,2.11,Medium
2026-01-06 04:40:00,78.28,550,30.05,46.78,2.26,Medium
2026-01-06 04:45:00,78.23,2881,28.44,49.83,1.95,Medium
2026-01-06 04:50:00,78.18,0,30.13,48.88,2.19,Medium
2026-01-06 04:55:00,78.13,1927,30.36,47.89,2.26,Medium
2026-01-06 05:00:00,78.06,0,30.05,50.28,2.12,Medium
2026-01-06 05:05:00,78.02,0,29.36,51.35,1.99,Medium
2026-01-06 05:10:00,77.95,0,30.23,49.7,2.16,Medium
2026-01-06 05:15:00,77.88,0,30.93,46.58,2.39,Medium
2026-01-06 05:20:00,77.83,0,31.36,47.61,2.4,Medium
2026-01-06 05:25:00,77.8,800,30.71,49.53,2.23,Medium
2026-01-06 05:30:00,77.75,0,31.74,42.19,2.71,Medium
2026-01-06 05:35:00,77.68,2676,30.67,47.72,2.3,Medium
2026-01-06 05:40:00,77.61,0,31.88,46.97,2.5,Medium
2026-01-06 05:45:00,77.54,2671,30.59,48.7,2.25,Medium
2026-01-06 05:50:00,77.49,0,30.87,47.71,2.33,Medium
2026-01-06 05:55:00,77.42,352,31.18,43.7,2.55,Medium
2026-01-06 06:00:00,77.39,2887,31.41,44.19,2.57,Medium
2026-01-06 06:05:00,77.27,5470,32.13,44.58,2.65,Medium
2026-01-06 06:10:00,77.22,7140,31.77,43.28,2.66,Medium
2026-01-06 06:15:00,77.17,9583,32.06,42.93,2.72,Medium
2026-01-06 06:20:00,77.12,11247,32.39,43.67,2.74,Medium
2026-01-06 06:25:00,77.05,15222,33.29,41.63,2.98,Medium
2026-01-06 06:30:00,76.95,18767,33.29,44.11,2.86,Medium
2026-01-06 06:35:00,76.87,17169,34.1,41.92,3.11,Medium
2026-01-06 06:40:00,76.75,24961,32.55,41.87,2.85,Medium
2026-01-06 06:45:00,76.67,24017,32.78,43.79,2.79,Medium
2026-01-06 06:50:00,76.58,28261,34.48,39.46,3.31,Medium
2026-01-06 06:55:00,76.49,31147,34.84,35.66,3.5,Medium
2026-01-06 07:00:00,76.42,34514,33.96,38.65,3.26,Medium
2026-01-06 07:05:00,76.33,34771,34.98,40.23,3.36,Medium
2026-01-06 07:10:00,76.26,38148,34.23,40.15,3.22,Medium
2026-01-06 07:15:00,76.16,42968,34.76,40.11,3.32,Medium
2026-01-06 07:20:00,76.08,42254,34.34,40.74,3.21,Medium
2026-01-06 07:25:00,75.95,47022,34.42,41.66,3.18,Medium
2026-01-06 07:30:00,75.85,48867,34.16,39.18,3.26,Medium
2026-01-06 07:35:00,75.65,53627,36.07,33.75,3.5,Medium
2026-01-06 07:40:00,75.56,56097,36.06,36.06,3.5,Medium
2026-01-06 07:45:00,75.47,54744,35.01,36.37,3.5,Medium
2026-01-06 07:50:00,75.38,58134,35.21,37.38,3.5,Medium
2026-01-06 07:55:00,75.24,61591,35.48,35.63,3.5,Medium
2026-01-06 08:00:00,75.11,63809,35.33,39.27,3.48,Medium
2026-01-06 08:05:00,75.0,65312,36.15,34.61,3.5,High
2026-01-06 08:10:00,74.75,71279,35.31,39.65,3.45,Medium
2026-01-06 08:15:00,74.34,72067,36.86,31.97,3.5,High
2026-01-06 08:20:00,74.04,75007,37.55,29.52,3.5,High
2026-01-06 08:25:00,73.69,76522,37.54,32.78,3.5,High
2026-01-06 08:30:00,73.45,76975,37.67,31.66,3.5,High
2026-01-06 08:35:00,73.27,83415,36.81,33.01,3.5,High
2026-01-06 08:40:00,73.05,84410,36.25,35.12,3.5,High
2026-01-06 08:45:00,72.75,84382,38.15,27.4,3.5,High
2026-01-06 08:50:00,72.46,88856,37.3,29.74,3.5,High
2026-01-06 08:55:00,72.05,88803,36.92,33.71,3.5,High
2026-01-06 09:00:00,71.67,91090,38.47,27.4,3.5,High
2026-01-06 09:05:00,71.42,93144,37.52,30.42,3.5,High
2026-01-06 09:10:00,71.07,98091,38.85,26.16,3.5,High
2026-01-06 09:15:00,70.83,100000,37.9,32.64,3.5,High
2026-01-06 09:20:00,70.44,100000,38.74,28.44,3.5,High
2026-01-06 09:25:00,70.23,100000,37.52,29.22,3.5,High
2026-01-06 09:30:00,70.05,100000,38.3,32.84,3.5,High
2026-01-06 09:35:00,69.79,100000,39.37,24.98,3.5,High
2026-01-06 09:40:00,69.44,100000,39.38,27.76,3.5,High
2026-01-06 09:45:00,69.18,100000,39.16,26.04,3.5,High
2026-01-06 09:50:00,68.81,100000,38.85,30.59,3.5,High
2026-01-06 09:55:00,68.64,100000,38.45,29.35,3.5,High
2026-01-06 10:00:00,68.26,100000,37.93,33.49,3.5,High
2026-01-06 10:05:00,68.0,100000,38.96,30.75,3.5,High
2026-01-06 10:10:00,67.81,100000,39.08,26.58,3.5,High
2026-01-06 10:15:00,67.45,100000,38.73,26.32,3.5,High
2026-01-06 10:20:00,67.13,100000,39.41,29.56,3.5,High
2026-01-06 10:25:00,66.84,100000,39.27,25.39,3.5,High
2026-01-06 10:30:00,66.66,100000,39.54,25.03,3.5,High
2026-01-06 10:35:00,66.46,100000,39.1,25.89,3.5,High
2026-01-06 10:40:00,66.21,100000,39.06,30.63,3.5,High
2026-01-06 10:45:00,65.92,100000,39.16,30.56,3.5,High
2026-01-06 10:50:00,65.56,100000,40.16,23.19,3.5,High
2026-01-06 10:55:00,65.22,100000,39.77,28.49,3.5,High
2026-01-06 11:00:00,65.04,100000,39.33,28.67,3.5,High
2026-01-06 11:05:00,64.74,100000,39.93,23.24,3.5,High
2026-01-06 11:10:00,64.35,100000,39.56,26.06,3.5,High
2026-01-06 11:15:00,64.14,100000,39.05,26.51,3.5,High
2026-01-06 11:20:00,63.84,100000,40.67,26.44,3.5,High
2026-01-06 11:25:00,63.65,100000,39.97,27.6,3.5,High
2026-01-06 11:30:00,63.25,100000,39.85,28.25,3.5,High
2026-01-06 11:35:00,62.88,100000,39.91,25.38,3.5,High
2026-01-06 11:40:00,62.63,100000,40.75,25.86,3.5,High
2026-01-06 11:45:00,62.42,100000,40.4,26.96,3.5,High
2026-01-06 11:50:00,62.23,100000,40.71,22.74,3.5,High
2026-01-06 11:55:00,61.86,100000,39.26,28.85,3.5,High
2026-01-06 12:00:00,61.69,100000,39.16,29.49,3.5,High
2026-01-06 12:05:00,61.52,100000,39.21,27.89,3.5,High
2026-01-06 12:10:00,61.18,100000,39.23,25.17,3.5,High
2026-01-06 12:15:00,60.97,100000,40.49,27.39,3.5,High
2026-01-06 12:20:00,60.79,100000,40.77,23.33,3.5,High
2026-01-06 12:25:00,60.54,100000,40.64,27.21,3.5,High
2026-01-06 12:30:00,60.32,100000,39.25,29.09,3.5,High
2026-01-06 12:35:00,60.16,100000,40.05,26.36,3.5,High
2026-01-06 12:40:00,59.76,100000,39.31,26.27,3.5,High
2026-01-06 12:45:00,59.55,100000,39.92,23.77,3.5,High
2026-01-06 12:50:00,59.24,100000,39.82,25.62,3.5,High
2026-01-06 12:55:00,58.98,100000,39.65,24.89,3.5,High
2026-01-06 13:00:00,58.8,100000,39.49,25.55,3.5,High
2026-01-06 13:05:00,58.6,100000,40.65,22.17,3.5,High
2026-01-06 13:10:00,58.43,100000,40.15,25.99,3.5,High
2026-01-06 13:15:00,58.12,100000,39.23,26.47,3.5,High
2026-01-06 13:20:00,57.81,100000,39.14,27.64,3.5,High
2026-01-06 13:25:00,57.64,100000,39.04,26.35,3.5,High
2026-01-06 13:30:00,57.43,100000,40.07,26.91,3.5,High
2026-01-06 13:35:00,57.16,100000,40.32,22.9,3.5,High
2026-01-06 13:40:00,56.9,100000,39.57,24.85,3.5,High
2026-01-06 13:45:00,56.48,100000,39.36,30.03,3.5,High
2026-01-06 13:50:00,56.17,100000,38.23,29.11,3.5,High
2026-01-06 13:55:00,55.82,100000,40.0,28.04,3.5,High
2026-01-06 14:00:00,55.59,100000,38.49,29.98,3.5,High
2026-01-06 14:05:00,55.3,100000,39.42,26.74,3.5,High
2026-01-06 14:10:00,55.07,100000,38.95,28.31,3.5,High
2026-01-06 14:15:00,54.78,100000,39.19,26.37,3.5,High
2026-01-06 14:20:00,54.61,100000,38.81,26.33,3.5,High
2026-01-06 14:25:00,54.35,100000,37.59,34.38,3.5,High
2026-01-06 14:30:00,54.17,100000,38.71,29.71,3.5,High
2026-01-06 14:35:00,53.8,100000,37.39,33.6,3.5,High
2026-01-06 14:40:00,53.58,100000,37.53,31.62,3.5,High
2026-01-06 14:45:00,53.17,99897,37.7,31.57,3.5,High
2026-01-06 14:50:00,52.91,95428,36.96,35.48,3.5,High
2026-01-06 14:55:00,52.74,93165,37.41,31.72,3.5,High
2026-01-06 15:00:00,52.4,94086,37.77,29.95,3.5,High
2026-01-06 15:05:00,52.11,87703,37.52,33.01,3.5,High
2026-01-06 15:10:00,51.77,88876,36.62,34.73,3.5,High
2026-01-06 15:15:00,51.48,85570,37.42,34.06,3.5,High
2026-01-06 15:20:00,51.16,83530,36.93,35.9,3.5,High
2026-01-06 15:25:00,51.0,84236,36.71,32.48,3.5,High
2026-01-06 15:30:00,50.64,81160,35.96,34.38,3.5,High
2026-01-06 15:35:00,50.46,79218,35.78,34.74,3.5,High
2026-01-06 15:40:00,50.13,73709,36.28,33.67,3.5,High
2026-01-06 15:45:00,49.73,73112,35.94,35.89,3.5,High
2026-01-06 15:50:00,49.65,68678,35.43,35.54,3.5,High
2026-01-06 15:55:00,49.5,67205,35.8,37.83,3.5,High
2026-01-06 16:00:00,49.35,63599,36.8,34.53,3.5,High
2026-01-06 16:05:00,49.2,61794,36.82,32.66,3.5,High
2026-01-06 16:10:00,49.09,57627,36.31,35.54,3.5,High
2026-01-06 16:15:00,48.93,59086,35.54,35.29,3.5,High
2026-01-06 16:20:00,48.75,54556,35.11,37.23,3.5,High
2026-01-06 16:25:00,48.64,54399,35.8,35.88,3.5,High
2026-01-06 16:30:00,48.53,52726,34.16,38.85,3.28,High
2026-01-06 16:35:00,48.44,44668,35.39,38.68,3.5,High
2026-01-06 16:40:00,48.34,41866,34.41,40.66,3.23,High
2026-01-06 16:45:00,48.25,43561,33.99,40.73,3.15,High
2026-01-06 16:50:00,48.17,38689,35.01,37.71,3.5,High
2026-01-06 16:55:00,48.04,37127,34.04,39.42,3.23,High
2026-01-06 17:00:00,47.93,30758,33.43,42.33,2.97,High
2026-01-06 17:05:00,47.83,29176,34.06,42.45,3.07,High
2026-01-06 17:10:00,47.74,30760,33.67,40.76,3.09,High
2026-01-06 17:15:00,47.62,24964,34.1,39.97,3.21,High
2026-01-06 17:20:00,47.55,21759,33.43,38.99,3.14,High
2026-01-06 17:25:00,47.48,18577,33.59,40.36,3.1,High
2026-01-06 17:30:00,47.38,14354,33.7,38.7,3.21,High
2026-01-06 17:35:00,47.26,15028,33.52,39.45,3.14,High
2026-01-06 17:40:00,47.2,9011,32.51,41.38,2.87,High
2026-01-06 17:45:00,47.12,8287,33.18,42.05,2.94,High
2026-01-06 17:50:00,47.06,2892,32.64,40.88,2.91,High
2026-01-06 17:55:00,47.03,4657,31.69,46.06,2.52,High
2026-01-06 18:00:00,46.98,2782,32.71,42.69,2.84,High
2026-01-06 18:05:00,46.87,0,32.54,43.76,2.76,High
2026-01-06 18:10:00,46.77,0,32.45,42.54,2.8,High
2026-01-06 18:15:00,46.74,2658,30.66,48.83,2.25,High
2026-01-06 18:20:00,46.68,1406,30.53,50.39,2.17,High
2026-01-06 18:25:00,46.64,2698,31.79,47.48,2.47,High
2026-01-06 18:30:00,46.57,0,31.72,42.77,2.68,High
2026-01-06 18:35:00,46.5,505,30.44,47.32,2.29,High
2026-01-06 18:40:00,46.46,0,30.08,46.68,2.27,High
2026-01-06 18:45:00,46.4,0,31.38,44.35,2.55,High
2026-01-06 18:50:00,46.36,0,30.25,51.12,2.1,High
2026-01-06 18:55:00,46.28,1096,29.95,51.9,2.03,High
2026-01-06 19:00:00,46.21,0,30.8,48.45,2.29,High
2026-01-06 19:05:00,46.14,2800,28.8,52.39,1.89,Medium
2026-01-06 19:10:00,46.07,2645,29.92,50.33,2.1,High
2026-01-06 19:15:00,45.99,316,28.91,50.37,1.98,Medium
2026-01-06 19:20:00,45.92,1873,28.99,49.06,2.04,High
2026-01-06 19:25:00,45.87,0,29.82,51.88,2.02,High
2026-01-06 19:30:00,45.8,0,29.89,46.78,2.24,High
2026-01-06 19:35:00,45.72,0,28.25,55.37,1.71,Medium
2026-01-06 19:40:00,45.67,2276,28.88,53.17,1.86,Medium
2026-01-06 19:45:00,45.6,2198,27.53,56.62,1.6,Medium
2026-01-06 19:50:00,45.53,0,28.25,55.08,1.72,Medium
2026-01-06 19:55:00,45.46,1921,28.91,53.46,1.85,Medium
2026-01-06 20:00:00,45.39,0,28.01,54.18,1.73,Medium
2026-01-06 20:05:00,45.36,0,28.33,50.02,1.93,Medium
2026-01-06 20:10:00,45.32,780,27.98,55.38,1.69,Medium
2026-01-06 20:15:00,45.29,769,27.36,53.96,1.68,Medium
2026-01-06 20:20:00,45.22,98,26.73,59.35,1.43,Medium
2026-01-06 20:25:00,45.15,2081,27.8,55.18,1.67,Medium
2026-01-06 20:30:00,45.11,0,26.77,57.84,1.48,Medium
2026-01-06 20:35:00,45.07,1960,27.37,56.85,1.57,Medium
2026-01-06 20:40:00,44.99,0,26.69,58.88,1.44,Medium
2026-01-06 20:45:00,44.91,0,27.49,57.45,1.56,Medium
2026-01-06 20:50:00,44.83,759,26.89,58.6,1.47,Medium
2026-01-06 20:55:00,44.78,1207,25.86,56.52,1.45,Medium
2026-01-06 21:00:00,44.74,0,26.2,55.27,1.52,Medium
2026-01-06 21:05:00,44.68,0,27.12,56.95,1.55,Medium
2026-01-06 21:10:00,44.65,0,26.94,57.08,1.53,Medium
2026-01-06 21:15:00,44.58,0,26.41,59.42,1.4,Medium
2026-01-06 21:20:00,44.51,0,25.45,57.25,1.39,Medium
2026-01-06 21:25:00,44.44,2971,25.96,56.99,1.44,Medium
2026-01-06 21:30:00,44.4,0,25.49,57.25,1.39,Medium
2026-01-06 21:35:00,44.35,706,25.07,62.78,1.18,Low
2026-01-06 21:40:00,44.31,0,25.82,55.69,1.47,Medium
2026-01-06 21:45:00,44.25,1158,24.99,61.63,1.21,Medium
2026-01-06 21:50:00,44.21,1416,25.67,57.5,1.4,Medium
2026-01-06 21:55:00,44.14,0,24.28,60.57,1.2,Low
2026-01-06 22:00:00,44.08,2635,26.07,60.85,1.32,Medium
2026-01-06 22:05:00,44.02,0,25.48,57.91,1.37,Medium
2026-01-06 22:10:00,43.94,0,24.51,60.85,1.2,Low
2026-01-06 22:15:00,43.88,482,24.94,59.19,1.29,Medium
2026-01-06 22:20:00,43.84,2267,25.61,56.89,1.42,Medium
2026-01-06 22:25:00,43.8,0,24.74,58.8,1.28,Medium
2026-01-06 22:30:00,43.74,2230,23.86,65.12,1.03,Low
2026-01-06 22:35:00,43.68,0,25.4,61.85,1.24,Medium
2026-01-06 22:40:00,43.6,0,25.01,59.37,1.29,Medium
2026-01-06 22:45:00,43.56,2967,24.06,64.25,1.07,Low
2026-01-06 22:50:00,43.53,944,25.08,62.11,1.21,Medium
2026-01-06 22:55:00,43.49,0,23.62,60.9,1.14,Low
2026-01-06 23:00:00,43.41,0,24.68,64.2,1.11,Low
2026-01-06 23:05:00,43.36,0,23.31,65.64,0.98,Low
2026-01-06 23:10:00,43.32,2075,24.18,64.6,1.07,Low
2026-01-06 23:15:00,43.28,2209,23.34,62.4,1.08,Low
2026-01-06 23:20:00,43.22,0,24.14,64.83,1.06,Low
2026-01-06 23:25:00,43.17,2829,24.26,62.36,1.14,Low
2026-01-06 23:30:00,43.1,0,23.9,64.64,1.05,Low
2026-01-06 23:35:00,43.04,0,24.82,62.0,1.19,Low
2026-01-06 23:40:00,42.97,542,23.82,65.92,1.01,Low
2026-01-06 23:45:00,42.9,0,23.32,66.34,0.96,Low
2026-01-06 23:50:00,42.87,2731,23.92,63.56,1.08,Low
2026-01-06 23:55:00,42.83,937,24.94,63.34,1.16,Low
2026-01-07 00:00:00,82.28,414,21.91,75.86,0.63,Low
2026-01-07 00:05:00,82.25,0,21.29,76.37,0.6,Low
2026-01-07 00:10:00,82.21,0,21.91,77.0,0.6,Low
2026-01-07 00:15:00,82.14,2193,21.95,75.06,0.66,Low
2026-01-07 00:20:00,82.07,1676,20.36,79.89,0.48,Low
2026-01-07 00:25:00,82.02,0,21.36,78.83,0.54,Low
2026-01-07 00:30:00,81.98,0,21.68,79.24,0.54,Low
2026-01-07 00:35:00,81.93,1992,21.42,78.8,0.54,Low
2026-01-07 00:40:00,81.88,0,21.89,78.03,0.58,Low
2026-01-07 00:45:00,81.82,1865,21.67,78.85,0.55,Low
2026-01-07 00:50:00,81.77,0,21.04,78.65,0.53,Low
2026-01-07 00:55:00,81.72,1117,20.68,78.37,0.53,Low
2026-01-07 01:00:00,81.67,148,21.53,77.22,0.59,Low
2026-01-07 01:05:00,81.63,0,22.13,74.98,0.67,Low
2026-01-07 01:10:00,81.58,2049,22.18,77.13,0.61,Low
2026-01-07 01:15:00,81.55,0,20.52,78.07,0.53,Low
2026-01-07 01:20:00,81.49,0,21.33,79.9,0.51,Low
2026-01-07 01:25:00,81.43,0,21.05,77.07,0.57,Low
2026-01-07 01:30:00,81.4,969,20.84,78.15,0.54,Low
2026-01-07 01:35:00,81.35,0,21.46,80.89,0.49,Low
2026-01-07 01:40:00,81.29,0,21.92,78.6,0.56,Low
2026-01-07 01:45:00,81.25,2800,21.36,81.11,0.48,Low
2026-01-07 01:50:00,81.18,1482,21.27,79.69,0.51,Low
2026-01-07 01:55:00,81.14,206,21.2,76.28,0.6,Low
2026-01-07 02:00:00,81.07,0,21.42,79.9,0.51,Low
2026-01-07 02:05:00,81.01,611,23.09,74.81,0.71,Low
2026-01-07 02:10:00,80.94,0,23.2,75.68,0.69,Low
2026-01-07 02:15:00,80.91,0,22.14,74.83,0.67,Low
2026-01-07 02:20:00,80.84,0,21.67,80.98,0.49,Low
2026-01-07 02:25:00,80.79,891,21.97,78.37,0.57,Low
2026-01-07 02:30:00,80.74,1740,22.91,73.46,0.74,Low
2026-01-07 02:35:00,80.7,0,22.69,72.95,0.75,Low
2026-01-07 02:40:00,80.65,1215,22.18,79.78,0.54,Low
2026-01-07 02:45:00,80.59,511,23.7,71.69,0.83,Low
2026-01-07 02:50:00,80.53,0,23.77,70.38,0.87,Low
2026-01-07 02:55:00,80.46,2876,23.65,75.7,0.71,Low
2026-01-07 03:00:00,80.41,325,23.53,72.61,0.79,Low
2026-01-07 03:05:00,80.34,546,23.44,74.76,0.73,Low
2026-01-07 03:10:00,80.29,0,24.23,73.56,0.8,Low
2026-01-07 03:15:00,80.21,0,23.57,71.17,0.84,Low
2026-01-07 03:20:00,80.14,0,23.69,73.48,0.78,Low
2026-01-07 03:25:00,80.09,1185,23.69,70.65,0.86,Low
2026-01-07 03:30:00,80.05,0,23.51,72.31,0.8,Low
2026-01-07 03:35:00,79.98,0,25.09,70.91,0.93,Low
2026-01-07 03:40:00,79.91,0,24.73,69.89,0.94,Low
2026-01-07 03:45:00,79.85,1998,25.48,70.45,0.96,Low
2026-01-07 03:50:00,79.79,1798,25.29,71.89,0.91,Low
2026-01-07 03:55:00,79.75,1495,24.41,72.85,0.83,Low
2026-01-07 04:00:00,79.7,634,24.4,69.49,0.93,Low
2026-01-07 04:05:00,79.67,0,26.14,66.14,1.15,Low
2026-01-07 04:10:00,79.63,2285,24.34,71.16,0.88,Low
2026-01-07 04:15:00,79.59,2366,26.12,65.12,1.18,Low
2026-01-07 04:20:00,79.55,705,25.48,67.12,1.07,Low
2026-01-07 04:25:00,79.52,0,25.29,68.96,1.0,Low
2026-01-07 04:30:00,79.46,0,26.69,64.51,1.24,Low
2026-01-07 04:35:00,79.38,1016,26.13,69.14,1.05,Low
2026-01-07 04:40:00,79.34,0,26.14,69.93,1.02,Low
2026-01-07 04:45:00,79.27,663,25.64,70.72,0.96,Low
2026-01-07 04:50:00,79.21,0,27.24,62.98,1.34,Low
2026-01-07 04:55:00,79.16,2465,27.5,62.69,1.37,Low
2026-01-07 05:00:00,79.13,35,26.81,67.73,1.14,Low
2026-01-07 05:05:00,79.05,0,27.39,62.82,1.36,Low
2026-01-07 05:10:00,79.01,0,27.15,67.18,1.18,Low
2026-01-07 05:15:00,78.98,0,28.06,63.5,1.38,Low
2026-01-07 05:20:00,78.91,1529,27.36,64.25,1.3,Low
2026-01-07 05:25:00,78.87,1521,27.09,65.23,1.25,Low
2026-01-07 05:30:00,78.82,0,28.56,61.77,1.49,Low
2026-01-07 05:35:00,78.79,1767,28.83,60.85,1.55,Low
2026-01-07 05:40:00,78.71,0,27.59,66.37,1.24,Low
2026-01-07 05:45:00,78.67,0,27.65,67.31,1.21,Low
2026-01-07 05:50:00,78.61,1555,27.77,65.08,1.3,Low
2026-01-07 05:55:00,78.55,0,29.63,60.64,1.64,Low
2026-01-07 06:00:00,78.5,118,29.32,59.34,1.66,Medium
2026-01-07 06:05:00,78.43,2830,29.54,58.89,1.7,Medium
2026-01-07 06:10:00,78.37,2063,30.17,57.29,1.83,Medium
2026-01-07 06:15:00,78.33,8723,30.36,57.84,1.83,Medium
2026-01-07 06:20:00,78.27,11752,29.79,60.4,1.66,Low
2026-01-07 06:25:00,78.23,14209,30.65,56.94,1.9,Medium
2026-01-07 06:30:00,78.16,12232,29.65,58.82,1.71,Medium
2026-01-07 06:35:00,78.12,15250,30.7,60.35,1.75,Low
2026-01-07 06:40:00,78.05,20280,29.57,60.11,1.65,Low
2026-01-07 06:45:00,77.99,19602,29.88,61.05,1.64,Low
2026-01-07 06:50:00,77.91,26535,30.21,59.87,1.72,Medium
2026-01-07 06:55:00,77.85,24693,30.12,57.96,1.8,Medium
2026-01-07 07:00:00,77.81,27050,30.78,58.11,1.86,Medium
2026-01-07 07:05:00,77.73,33601,30.83,56.8,1.92,Medium
2026-01-07 07:10:00,77.62,37515,32.02,54.76,2.15,Medium
2026-01-07 07:15:00,77.57,37165,31.83,55.37,2.1,Medium
2026-01-07 07:20:00,77.49,41041,31.31,57.29,1.95,Medium
2026-01-07 07:25:00,77.4,41798,32.33,52.13,2.32,Medium
2026-01-07 07:30:00,77.33,45945,32.23,53.05,2.26,Medium
2026-01-07 07:35:00,77.27,48286,32.65,50.41,2.45,Medium
2026-01-07 07:40:00,77.17,48458,33.16,51.41,2.47,Medium
2026-01-07 07:45:00,77.08,51392,32.59,53.15,2.3,Medium
2026-01-07 07:50:00,76.97,53094,32.22,53.43,2.24,Medium
2026-01-07 07:55:00,76.84,55250,33.71,53.31,2.44,Medium
2026-01-07 08:00:00,76.76,55262,32.29,55.0,2.17,Medium
2026-01-07 08:05:00,76.69,61838,33.56,48.52,2.67,Medium
2026-01-07 08:10:00,76.59,63268,33.25,54.2,2.34,Medium
2026-01-07 08:15:00,76.52,64500,34.35,48.45,2.8,Medium
2026-01-07 08:20:00,76.43,63202,33.73,48.34,2.71,Medium
2026-01-07 08:25:00,76.29,66820,34.71,48.08,2.87,Medium
2026-01-07 08:30:00,75.99,70545,33.15,49.04,2.59,Medium
2026-01-07 08:35:00,75.77,70274,34.79,49.91,2.78,Medium
2026-01-07 08:40:00,75.56,73012,33.39,53.43,2.39,Medium
2026-01-07 08:45:00,75.28,76219,34.42,51.23,2.66,Medium
2026-01-07 08:50:00,75.01,79013,34.36,49.62,2.73,Medium
2026-01-07 08:55:00,74.79,79289,34.54,48.25,2.84,Medium
2026-01-07 09:00:00,74.54,80268,35.39,48.4,2.96,Medium
2026-01-07 09:05:00,74.31,81468,34.6,47.8,2.87,Medium
2026-01-07 09:10:00,74.05,87127,35.81,47.04,3.11,Medium
2026-01-07 09:15:00,73.77,87704,35.75,46.21,3.15,Medium
2026-01-07 09:20:00,73.54,88461,35.54,43.99,3.24,High
2026-01-07 09:25:00,73.4,90398,34.62,48.83,2.82,Medium
2026-01-07 09:30:00,73.1,89372,35.49,46.23,3.11,Medium
2026-01-07 09:35:00,72.98,95358,34.69,46.29,2.97,Medium
2026-01-07 09:40:00,72.67,92674,36.13,46.14,3.22,High
2026-01-07 09:45:00,72.47,97460,35.54,46.9,3.08,Medium
2026-01-07 09:50:00,72.26,99161,34.84,45.01,3.06,Medium
2026-01-07 09:55:00,72.09,100000,35.67,44.87,3.22,High
2026-01-07 10:00:00,71.94,97188,35.16,45.15,3.11,Medium
2026-01-07 10:05:00,71.73,98361,35.52,45.13,3.18,Medium
2026-01-07 10:10:00,71.61,100000,35.43,45.45,3.14,Medium
2026-01-07 10:15:00,71.4,100000,35.29,45.75,3.1,Medium
2026-01-07 10:20:00,71.26,100000,35.9,47.4,3.11,Medium
2026-01-07 10:25:00,71.03,100000,35.73,46.34,3.14,Medium
2026-01-07 10:30:00,70.9,100000,36.9,40.83,3.5,High
2026-01-07 10:35:00,70.7,100000,36.39,44.22,3.38,High
2026-01-07 10:40:00,70.38,100000,35.99,43.85,3.33,High
2026-01-07 10:45:00,70.1,100000,36.93,43.4,3.5,High
2026-01-07 10:50:00,69.85,100000,36.24,42.15,3.48,High
2026-01-07 10:55:00,69.53,100000,36.09,44.24,3.33,High
2026-01-07 11:00:00,69.22,100000,37.29,41.77,3.5,High
2026-01-07 11:05:00,68.93,100000,36.67,43.44,3.49,High
2026-01-07 11:10:00,68.62,100000,36.39,41.31,3.5,High
2026-01-07 11:15:00,68.42,100000,36.81,45.37,3.39,High
2026-01-07 11:20:00,68.2,100000,36.58,44.37,3.41,High
2026-01-07 11:25:00,68.02,100000,36.0,45.58,3.23,High
2026-01-07 11:30:00,67.78,100000,36.72,41.38,3.5,High
2026-01-07 11:35:00,67.47,100000,36.51,44.69,3.38,High
2026-01-07 11:40:00,67.29,100000,36.61,42.86,3.5,High
2026-01-07 11:45:00,66.97,100000,37.49,40.25,3.5,High
2026-01-07 11:50:00,66.85,100000,36.68,44.24,3.44,High
2026-01-07 11:55:00,66.56,100000,37.38,39.03,3.5,High
2026-01-07 12:00:00,66.26,100000,37.8,40.53,3.5,High
2026-01-07 12:05:00,65.98,100000,37.4,42.2,3.5,High
2026-01-07 12:10:00,65.6,100000,37.29,39.42,3.5,High
2026-01-07 12:15:00,65.32,100000,37.33,41.27,3.5,High
2026-01-07 12:20:00,64.96,100000,37.62,39.53,3.5,High
2026-01-07 12:25:00,64.65,100000,37.35,41.88,3.5,High
2026-01-07 12:30:00,64.47,100000,36.82,40.43,3.5,High
2026-01-07 12:35:00,64.15,100000,37.75,38.72,3.5,High
2026-01-07 12:40:00,63.93,100000,36.48,42.49,3.5,High
2026-01-07 12:45:00,63.66,100000,36.57,46.31,3.29,High
2026-01-07 12:50:00,63.46,100000,36.23,46.6,3.21,High
2026-01-07 12:55:00,63.23,100000,37.51,41.69,3.5,High
2026-01-07 13:00:00,62.99,100000,37.05,43.89,3.5,High
2026-01-07 13:05:00,62.82,100000,35.81,43.02,3.35,High
2026-01-07 13:10:00,62.54,100000,36.77,43.57,3.5,High
2026-01-07 13:15:00,62.27,100000,35.96,48.25,3.07,High
2026-01-07 13:20:00,62.06,100000,36.58,44.22,3.42,High
2026-01-07 13:25:00,61.93,100000,37.33,44.8,3.5,High
2026-01-07 13:30:00,61.75,100000,37.27,45.25,3.49,High
2026-01-07 13:35:00,61.48,100000,36.68,42.8,3.5,High
2026-01-07 13:40:00,61.27,100000,37.02,41.53,3.5,High
2026-01-07 13:45:00,61.13,100000,36.07,43.2,3.39,High
2026-01-07 13:50:00,60.81,99158,36.24,46.07,3.25,High
2026-01-07 13:55:00,60.66,98270,35.86,44.02,3.3,High
2026-01-07 14:00:00,60.44,100000,35.55,43.82,3.26,High
2026-01-07 14:05:00,60.25,98870,36.46,44.91,3.36,High
2026-01-07 14:10:00,60.06,94637,35.25,45.36,3.11,High
2026-01-07 14:15:00,59.75,94620,34.76,49.82,2.78,High
2026-01-07 14:20:00,59.5,94919,36.1,46.54,3.19,High
2026-01-07 14:25:00,59.37,90254,35.61,43.46,3.29,High
2026-01-07 14:30:00,59.22,93321,34.97,44.95,3.09,High
2026-01-07 14:35:00,58.97,89338,36.08,43.83,3.35,High
2026-01-07 14:40:00,58.79,89160,34.26,49.56,2.72,High
2026-01-07 14:45:00,58.62,84036,34.78,49.52,2.8,High
2026-01-07 14:50:00,58.43,85745,35.1,44.34,3.15,High
2026-01-07 14:55:00,58.24,85351,35.37,47.37,3.02,High
2026-01-07 15:00:00,58.05,83014,35.53,46.0,3.13,High
2026-01-07 15:05:00,57.91,77140,33.92,50.56,2.62,High
2026-01-07 15:10:00,57.66,75854,34.98,47.98,2.92,High
2026-01-07 15:15:00,57.45,75350,33.79,51.64,2.54,High
2026-01-07 15:20:00,57.27,75702,33.63,48.02,2.71,High
2026-01-07 15:25:00,57.08,74739,33.88,51.6,2.56,High
2026-01-07 15:30:00,56.9,71660,34.64,46.21,2.96,High
2026-01-07 15:35:00,56.78,67213,33.42,48.19,2.67,High
2026-01-07 15:40:00,56.64,63305,33.95,49.97,2.65,High
2026-01-07 15:45:00,56.56,63422,34.16,47.6,2.81,High
2026-01-07 15:50:00,56.44,63501,34.12,48.58,2.75,High
2026-01-07 15:55:00,56.35,62550,33.54,51.46,2.52,High
2026-01-07 16:00:00,56.25,60278,33.16,52.44,2.41,High
2026-01-07 16:05:00,56.19,55039,32.17,55.74,2.13,High
2026-01-07 16:10:00,56.11,50123,32.13,52.43,2.28,High
2026-01-07 16:15:00,55.95,49297,32.79,54.0,2.29,High
2026-01-07 16:20:00,55.88,50041,32.04,52.53,2.26,High
2026-01-07 16:25:00,55.82,45492,33.2,49.08,2.59,High
2026-01-07 16:30:00,55.74,42752,31.29,54.2,2.09,Medium
2026-01-07 16:35:00,55.68,38943,32.43,50.59,2.41,High
2026-01-07 16:40:00,55.62,41644,31.08,57.82,1.9,Medium
2026-01-07 16:45:00,55.55,35036,31.68,52.26,2.23,Medium
2026-01-07 16:50:00,55.47,31707,32.23,54.94,2.17,High
2026-01-07 16:55:00,55.43,29846,31.81,57.45,2.0,Medium
2026-01-07 17:00:00,55.35,31621,30.55,58.7,1.81,Medium
2026-01-07 17:05:00,55.28,30320,31.86,57.02,2.03,Medium
2026-01-07 17:10:00,55.21,22757,29.86,61.86,1.61,Medium
2026-01-07 17:15:00,55.15,21704,29.94,58.37,1.76,Medium
2026-01-07 17:20:00,55.09,18436,31.34,53.19,2.14,Medium
2026-01-07 17:25:00,55.04,17706,29.6,61.67,1.59,Medium
2026-01-07 17:30:00,54.97,16784,29.15,63.19,1.49,Medium
2026-01-07 17:35:00,54.93,14834,30.81,55.4,1.98,Medium
2026-01-07 17:40:00,54.88,11003,29.64,57.22,1.78,Medium
2026-01-07 17:45:00,54.82,8391,30.03,59.0,1.74,Medium
2026-01-07 17:50:00,54.76,3947,29.28,59.91,1.63,Medium
2026-01-07 17:55:00,54.71,2477,29.61,58.52,1.72,Medium
2026-01-07 18:00:00,54.67,503,29.84,56.58,1.83,Medium
2026-01-07 18:05:00,54.62,2179,28.23,62.44,1.44,Medium
2026-01-07 18:10:00,54.57,428,29.43,62.93,1.52,Medium
2026-01-07 18:15:00,54.52,0,28.58,59.78,1.57,Medium
2026-01-07 18:20:00,54.46,503,28.01,63.38,1.38,Medium
2026-01-07 18:25:00,54.39,0,27.98,63.1,1.39,Low
2026-01-07 18:30:00,54.35,0,27.59,62.62,1.38,Low
2026-01-07 18:35:00,54.28,0,28.07,60.92,1.48,Medium
2026-01-07 18:40:00,54.2,861,27.64,66.15,1.25,Low
2026-01-07 18:45:00,54.16,0,26.64,63.97,1.26,Low
2026-01-07 18:50:00,54.09,0,26.66,65.49,1.21,Low
2026-01-07 18:55:00,54.01,0,27.47,66.06,1.24,Low
2026-01-07 19:00:00,53.93,1514,27.93,65.21,1.31,Low
2026-01-07 19:05:00,53.86,0,25.78,70.64,0.97,Low
2026-01-07 19:10:00,53.8,0,26.4,67.76,1.11,Low
2026-01-07 19:15:00,53.76,75,26.37,68.91,1.07,Low
2026-01-07 19:20:00,53.71,0,26.06,69.56,1.03,Low
2026-01-07 19:25:00,53.64,1715,26.13,69.44,1.04,Low
2026-01-07 19:30:00,53.6,1751,25.86,67.4,1.09,Low
2026-01-07 19:35:00,53.55,1187,26.32,65.73,1.17,Low
2026-01-07 19:40:00,53.52,0,25.74,69.27,1.02,Low
2026-01-07 19:45:00,53.44,0,26.35,69.26,1.05,Low
2026-01-07 19:50:00,53.39,0,24.99,71.65,0.9,Low
2026-01-07 19:55:00,53.36,225,25.71,67.82,1.06,Low
2026-01-07 20:00:00,53.29,2532,25.57,67.11,1.08,Low
2026-01-07 20:05:00,53.22,779,24.51,72.24,0.85,Low
2026-01-07 20:10:00,53.18,2881,25.44,67.72,1.05,Low
2026-01-07 20:15:00,53.12,0,24.62,69.02,0.96,Low
2026-01-07 20:20:00,53.08,2368,24.31,69.64,0.92,Low
2026-01-07 20:25:00,53.03,0,24.38,73.07,0.82,Low
2026-01-07 20:30:00,52.98,0,23.5,76.72,0.67,Low
2026-01-07 20:35:00,52.95,957,23.46,71.46,0.82,Low
2026-01-07 20:40:00,52.9,0,23.89,75.2,0.74,Low
2026-01-07 20:45:00,52.85,0,23.04,75.23,0.7,Low
2026-01-07 20:50:00,52.81,2730,22.73,77.91,0.61,Low
2026-01-07 20:55:00,52.76,0,22.88,76.64,0.65,Low
2026-01-07 21:00:00,52.7,2634,23.55,74.36,0.74,Low
2026-01-07 21:05:00,52.66,0,23.59,70.79,0.85,Low
2026-01-07 21:10:00,52.61,0,22.23,78.72,0.57,Low
2026-01-07 21:15:00,52.55,2275,23.81,73.01,0.8,Low
2026-01-07 21:20:00,52.5,0,23.35,76.59,0.67,Low
2026-01-07 21:25:00,52.43,1269,23.16,73.51,0.75,Low
2026-01-07 21:30:00,52.36,0,23.27,72.97,0.77,Low
2026-01-07 21:35:00,52.32,0,23.01,77.53,0.63,Low
2026-01-07 21:40:00,52.28,0,22.58,78.73,0.58,Low
2026-01-07 21:45:00,52.23,0,23.09,75.66,0.69,Low
2026-01-07 21:50:00,52.19,1188,23.09,76.24,0.67,Low
2026-01-07 21:55:00,52.11,2954,22.15,77.38,0.6,Low
2026-01-07 22:00:00,52.07,0,21.22,80.78,0.48,Medium
2026-01-07 22:05:00,52.01,0,21.89,77.69,0.59,Medium
2026-01-07 22:10:00,51.96,1166,21.05,81.08,0.47,Medium
2026-01-07 22:15:00,51.93,2134,22.32,76.05,0.65,Low
2026-01-07 22:20:00,51.87,2502,20.98,78.71,0.53,Medium
2026-01-07 22:25:00,51.82,0,21.65,78.5,0.56,Medium
2026-01-07 22:30:00,51.75,0,22.51,78.15,0.6,Low
2026-01-07 22:35:00,51.71,0,20.89,77.57,0.55,Medium
2026-01-07 22:40:00,51.64,0,21.55,75.9,0.62,Medium
2026-01-07 22:45:00,51.6,0,21.78,77.06,0.6,Medium
2026-01-07 22:50:00,51.53,1050,20.44,79.29,0.5,Medium
2026-01-07 22:55:00,51.47,1869,21.99,78.26,0.57,Medium
2026-01-07 23:00:00,51.44,0,22.07,76.1,0.63,Low
2026-01-07 23:05:00,51.36,1634,20.24,83.05,0.4,Medium
2026-01-07 23:10:00,51.31,0,20.94,77.39,0.56,Medium
2026-01-07 23:15:00,51.24,0,22.13,75.25,0.66,Low
2026-01-07 23:20:00,51.17,2293,20.56,82.49,0.42,Medium
2026-01-07 23:25:00,51.14,0,20.43,80.51,0.47,Medium
2026-01-07 23:30:00,51.1,372,20.72,78.48,0.53,Medium
2026-01-07 23:35:00,51.06,2633,21.13,77.12,0.57,Medium
2026-01-07 23:40:00,51.01,0,20.74,79.7,0.5,Medium
2026-01-07 23:45:00,50.94,0,20.8,77.57,0.55,Medium
2026-01-07 23:50:00,50.9,0,21.31,76.4,0.6,Medium
2026-01-07 23:55:00,50.86,593,20.6,83.51,0.4,Medium
2026-01-08 00:00:00,80.3,0,24.7,63.94,1.12,Low
2026-01-08 00:05:00,80.22,1177,24.96,61.65,1.21,Low
2026-01-08 00:10:00,80.15,0,24.4,62.7,1.14,Low
2026-01-08 00:15:00,80.1,2109,23.65,63.49,1.07,Low
2026-01-08 00:20:00,80.04,510,24.25,61.52,1.17,Low
2026-01-08 00:25:00,80.0,524,23.51,66.85,0.96,Low
2026-01-08 00:30:00,79.93,2380,24.3,60.96,1.19,Low
2026-01-08 00:35:00,79.88,718,24.61,58.76,1.28,Low
2026-01-08 00:40:00,79.85,0,23.71,61.68,1.12,Low
2026-01-08 00:45:00,79.78,588,25.0,63.17,1.17,Low
2026-01-08 00:50:00,79.72,0,23.85,64.01,1.06,Low
2026-01-08 00:55:00,79.67,2865,24.27,63.06,1.12,Low
2026-01-08 01:00:00,79.63,2081,23.32,63.35,1.05,Low
2026-01-08 01:05:00,79.59,2439,24.4,62.87,1.13,Low
2026-01-08 01:10:00,79.54,1317,24.74,61.73,1.19,Low
2026-01-08 01:15:00,79.46,0,24.07,59.68,1.21,Low
2026-01-08 01:20:00,79.43,0,23.62,64.47,1.04,Low
2026-01-08 01:25:00,79.36,0,23.95,63.47,1.09,Low
2026-01-08 01:30:00,79.29,0,25.47,56.88,1.4,Low
2026-01-08 01:35:00,79.25,1330,24.3,60.58,1.2,Low
2026-01-08 01:40:00,79.19,0,24.25,61.92,1.15,Low
2026-01-08 01:45:00,79.11,1687,24.37,59.43,1.24,Low
2026-01-08 01:50:00,79.06,0,24.7,60.84,1.22,Low
2026-01-08 01:55:00,78.99,1561,25.46,61.37,1.26,Low
2026-01-08 02:00:00,78.92,0,24.11,64.67,1.06,Low
2026-01-08 02:05:00,78.85,571,26.0,56.11,1.48,Low
2026-01-08 02:10:00,78.8,0,24.77,60.76,1.23,Low
2026-01-08 02:15:00,78.75,0,25.56,57.03,1.41,Low
2026-01-08 02:20:00,78.69,0,24.76,58.14,1.31,Low
2026-01-08 02:25:00,78.62,0,26.0,60.76,1.32,Low
2026-01-08 02:30:00,78.55,0,26.59,56.77,1.5,Low
2026-01-08 02:35:00,78.48,0,25.94,55.58,1.49,Low
2026-01-08 02:40:00,78.43,393,25.64,57.19,1.41,Low
2026-01-08 02:45:00,78.37,2478,25.5,60.69,1.28,Low
2026-01-08 02:50:00,78.31,1130,26.08,59.2,1.38,Low
2026-01-08 02:55:00,78.28,1413,27.07,54.18,1.64,Low
2026-01-08 03:00:00,78.21,785,26.97,57.03,1.53,Low
2026-01-08 03:05:00,78.15,0,26.76,56.19,1.54,Low
2026-01-08 03:10:00,78.08,612,26.1,60.67,1.33,Low
2026-01-08 03:15:00,78.0,1625,25.75,59.64,1.34,Low
2026-01-08 03:20:00,77.94,516,26.65,59.1,1.43,Low
2026-01-08 03:25:00,77.9,0,26.37,59.33,1.4,Low
2026-01-08 03:30:00,77.85,2806,26.73,57.46,1.49,Low
2026-01-08 03:35:00,77.79,0,26.89,58.42,1.47,Low
2026-01-08 03:40:00,77.74,817,26.59,58.51,1.44,Low
2026-01-08 03:45:00,77.69,1492,26.84,58.85,1.45,Low
2026-01-08 03:50:00,77.66,2922,27.32,57.07,1.56,Low
2026-01-08 03:55:00,77.6,1177,26.99,56.07,1.57,Low
2026-01-08 04:00:00,77.53,0,28.47,51.78,1.87,Medium
2026-01-08 04:05:00,77.48,0,27.55,57.33,1.57,Low
2026-01-08 04:10:00,77.44,0,28.93,48.8,2.04,Medium
2026-01-08 04:15:00,77.39,0,28.98,53.76,1.85,Medium
2026-01-08 04:20:00,77.35,746,28.87,53.8,1.84,Medium
2026-01-08 04:25:00,77.3,0,28.36,51.42,1.88,Medium
2026-01-08 04:30:00,77.27,0,29.11,52.08,1.93,Medium
2026-01-08 04:35:00,77.21,1510,28.22,50.13,1.91,Medium
2026-01-08 04:40:00,77.18,0,30.24,48.58,2.21,Medium
2026-01-08 04:45:00,77.1,2921,29.63,51.41,2.02,Medium
2026-01-08 04:50:00,77.05,0,29.54,49.63,2.08,Medium
2026-01-08 04:55:00,76.98,2996,30.54,49.66,2.2,Medium
2026-01-08 05:00:00,76.93,0,30.26,45.75,2.34,Medium
2026-01-08 05:05:00,76.86,0,29.76,49.3,2.12,Medium
2026-01-08 05:10:00,76.8,2327,30.72,45.18,2.42,Medium
2026-01-08 05:15:00,76.73,0,31.18,47.49,2.38,Medium
2026-01-08 05:20:00,76.68,710,30.35,49.15,2.2,Medium
2026-01-08 05:25:00,76.6,0,30.61,50.52,2.17,Medium
2026-01-08 05:30:00,76.57,0,31.58,44.52,2.58,Medium
2026-01-08 05:35:00,76.51,0,31.74,44.65,2.59,Medium
2026-01-08 05:40:00,76.46,675,31.1,43.95,2.53,Medium
2026-01-08 05:45:00,76.35,2585,32.34,46.54,2.59,Medium
2026-01-08 05:50:00,76.29,1405,32.46,42.1,2.83,Medium
2026-01-08 05:55:00,76.22,120,31.11,46.87,2.4,Medium
2026-01-08 06:00:00,76.15,0,32.01,46.16,2.56,Medium
2026-01-08 06:05:00,76.09,3128,32.52,45.45,2.67,Medium
2026-01-08 06:10:00,76.03,3364,32.24,44.82,2.66,Medium
2026-01-08 06:15:00,75.99,10021,31.95,45.48,2.58,Medium
2026-01-08 06:20:00,75.88,12624,32.57,41.06,2.89,Medium
2026-01-08 06:25:00,75.79,15750,33.68,38.87,3.19,Medium
2026-01-08 06:30:00,75.72,19353,33.0,39.85,3.03,Medium
2026-01-08 06:35:00,75.6,21128,33.29,38.98,3.12,Medium
2026-01-08 06:40:00,75.51,25164,34.13,41.09,3.16,Medium
2026-01-08 06:45:00,75.41,24623,33.85,41.45,3.09,Medium
2026-01-08 06:50:00,75.3,28989,33.49,41.33,3.03,Medium
2026-01-08 06:55:00,75.23,29240,34.52,36.3,3.49,Medium
2026-01-08 07:00:00,75.13,35089,33.25,44.15,2.85,Medium
2026-01-08 07:05:00,75.01,35584,33.47,43.14,2.94,Medium
2026-01-08 07:10:00,74.9,36101,34.56,35.88,3.5,Medium
2026-01-08 07:15:00,74.78,44666,35.27,35.81,3.5,Medium
2026-01-08 07:20:00,74.63,46242,35.09,37.4,3.5,Medium
2026-01-08 07:25:00,74.49,46488,34.34,39.24,3.29,Medium
2026-01-08 07:30:00,74.39,52406,34.35,41.02,3.2,Medium
2026-01-08 07:35:00,74.23,52965,35.13,35.07,3.5,Medium
2026-01-08 07:40:00,74.11,56158,35.98,35.83,3.5,Medium
2026-01-08 07:45:00,73.95,55238,36.52,36.99,3.5,Medium
2026-01-08 07:50:00,73.78,61999,35.65,35.97,3.5,Medium
2026-01-08 07:55:00,73.6,65415,35.6,35.12,3.5,Medium
2026-01-08 08:00:00,73.43,66395,35.42,38.39,3.5,Medium
2026-01-08 08:05:00,73.3,69633,35.26,34.99,3.5,Medium
2026-01-08 08:10:00,72.91,72755,36.08,35.97,3.5,High
2026-01-08 08:15:00,72.58,72511,37.43,30.94,3.5,High
2026-01-08 08:20:00,72.28,76111,37.57,30.94,3.5,High
2026-01-08 08:25:00,71.9,78048,36.3,32.69,3.5,High
2026-01-08 08:30:00,71.59,76924,36.66,35.2,3.5,High
2026-01-08 08:35:00,71.31,83468,37.62,32.74,3.5,High
2026-01-08 08:40:00,71.07,81387,36.47,35.3,3.5,High
2026-01-08 08:45:00,70.72,84023,36.56,35.39,3.5,High
2026-01-08 08:50:00,70.39,89182,36.42,34.68,3.5,High
2026-01-08 08:55:00,70.12,87782,38.51,32.13,3.5,High
2026-01-08 09:00:00,69.7,94479,38.34,27.39,3.5,High
2026-01-08 09:05:00,69.37,91222,37.14,35.46,3.5,High
2026-01-08 09:10:00,69.11,98664,38.09,31.17,3.5,High
2026-01-08 09:15:00,68.77,96184,37.08,32.64,3.5,High
2026-01-08 09:20:00,68.43,100000,39.04,27.47,3.5,High
2026-01-08 09:25:00,68.04,100000,38.83,30.36,3.5,High
2026-01-08 09:30:00,67.79,100000,38.65,30.03,3.5,High
2026-01-08 09:35:00,67.45,100000,37.69,31.24,3.5,High
2026-01-08 09:40:00,67.15,100000,38.57,29.72,3.5,High
2026-01-08 09:45:00,66.94,100000,38.2,31.91,3.5,High
2026-01-08 09:50:00,66.63,100000,38.72,28.56,3.5,High
2026-01-08 09:55:00,66.26,100000,38.04,32.97,3.5,High
2026-01-08 10:00:00,65.96,100000,38.3,27.03,3.5,High
2026-01-08 10:05:00,65.67,100000,39.09,28.03,3.5,High
2026-01-08 10:10:00,65.48,100000,39.27,29.43,3.5,High
2026-01-08 10:15:00,65.27,100000,39.68,29.12,3.5,High
2026-01-08 10:20:00,64.9,100000,39.45,27.6,3.5,High
2026-01-08 10:25:00,64.7,100000,38.57,27.53,3.5,High
2026-01-08 10:30:00,64.28,100000,39.52,24.32,3.5,High
2026-01-08 10:35:00,64.02,100000,39.47,27.49,3.5,High
2026-01-08 10:40:00,63.61,100000,40.41,23.87,3.5,High
2026-01-08 10:45:00,63.33,100000,39.61,27.84,3.5,High
2026-01-08 10:50:00,62.92,100000,39.78,26.63,3.5,High
2026-01-08 10:55:00,62.73,100000,39.38,25.67,3.5,High
2026-01-08 11:00:00,62.5,100000,40.37,23.28,3.5,High
2026-01-08 11:05:00,62.28,100000,40.44,25.61,3.5,High
2026-01-08 11:10:00,62.1,100000,39.53,27.82,3.5,High
2026-01-08 11:15:00,61.84,100000,39.36,29.9,3.5,High
2026-01-08 11:20:00,61.5,100000,39.04,27.75,3.5,High
2026-01-08 11:25:00,61.08,100000,39.98,27.45,3.5,High
2026-01-08 11:30:00,60.75,100000,40.33,24.48,3.5,High
2026-01-08 11:35:00,60.55,100000,40.59,24.15,3.5,High
2026-01-08 11:40:00,60.23,100000,40.95,20.96,3.5,High
2026-01-08 11:45:00,59.93,100000,39.14,25.64,3.5,High
2026-01-08 11:50:00,59.68,100000,39.12,27.19,3.5,High
2026-01-08 11:55:00,59.52,100000,39.54,25.4,3.5,High
2026-01-08 12:00:00,59.34,100000,39.75,25.84,3.5,High
2026-01-08 12:05:00,59.1,100000,40.85,25.42,3.5,High
2026-01-08 12:10:00,58.76,100000,40.64,24.71,3.5,High
2026-01-08 12:15:00,58.36,100000,40.71,25.0,3.5,High
2026-01-08 12:20:00,58.11,100000,39.31,26.92,3.5,High
2026-01-08 12:25:00,57.8,100000,40.44,25.19,3.5,High
2026-01-08 12:30:00,57.64,100000,40.63,22.31,3.5,High
2026-01-08 12:35:00,57.38,100000,39.93,23.91,3.5,High
2026-01-08 12:40:00,56.97,100000,40.35,26.55,3.5,High
2026-01-08 12:45:00,56.62,100000,40.26,26.05,3.5,High
2026-01-08 12:50:00,56.33,100000,39.18,29.68,3.5,High
2026-01-08 12:55:00,55.94,100000,39.32,30.21,3.5,High
2026-01-08 13:00:00,55.54,100000,40.36,27.33,3.5,High
2026-01-08 13:05:00,55.36,100000,39.49,24.71,3.5,High
2026-01-08 13:10:00,55.18,100000,40.09,23.78,3.5,High
2026-01-08 13:15:00,54.8,100000,40.06,25.81,3.5,High
2026-01-08 13:20:00,54.45,100000,40.44,25.04,3.5,High
2026-01-08 13:25:00,54.05,100000,39.42,30.33,3.5,High
2026-01-08 13:30:00,53.66,100000,39.79,27.19,3.5,High
2026-01-08 13:35:00,53.3,100000,39.81,27.64,3.5,High
2026-01-08 13:40:00,52.93,100000,38.74,31.61,3.5,High
2026-01-08 13:45:00,52.61,100000,39.94,26.8,3.5,High
2026-01-08 13:50:00,52.31,100000,40.03,28.23,3.5,High
2026-01-08 13:55:00,52.02,100000,38.46,31.57,3.5,High
2026-01-08 14:00:00,51.76,100000,39.83,25.66,3.5,High
2026-01-08 14:05:00,51.46,100000,38.07,28.95,3.5,High
2026-01-08 14:10:00,51.23,100000,39.28,26.45,3.5,High
2026-01-08 14:15:00,51.01,100000,38.08,30.83,3.5,High
2026-01-08 14:20:00,50.64,100000,38.16,31.08,3.5,High
2026-01-08 14:25:00,50.35,100000,37.52,32.4,3.5,High
2026-01-08 14:30:00,50.1,100000,38.06,29.44,3.5,High
2026-01-08 14:35:00,49.85,100000,37.25,30.44,3.5,High
2026-01-08 14:40:00,49.56,99538,37.33,29.65,3.5,High
2026-01-08 14:45:00,49.36,95482,37.32,32.08,3.5,High
2026-01-08 14:50:00,49.12,94202,38.21,29.49,3.5,High
2026-01-08 14:55:00,48.93,92000,37.64,33.31,3.5,High
2026-01-08 15:00:00,48.68,93960,37.53,29.64,3.5,High
2026-01-08 15:05:00,48.47,89052,37.4,34.2,3.5,High
2026-01-08 15:10:00,48.12,85068,36.78,32.76,3.5,High
2026-01-08 15:15:00,47.83,83676,38.08,28.62,3.5,High
2026-01-08 15:20:00,47.53,82157,37.47,31.34,3.5,High
2026-01-08 15:25:00,47.17,82655,37.61,30.45,3.5,High
2026-01-08 15:30:00,46.79,79150,37.63,33.98,3.5,High
2026-01-08 15:35:00,46.63,74528,36.51,31.68,3.5,High
2026-01-08 15:40:00,46.41,74564,35.9,37.04,3.5,High
2026-01-08 15:45:00,46.06,71276,36.8,36.22,3.5,High
2026-01-08 15:50:00,45.88,68585,36.17,34.73,3.5,High
2026-01-08 15:55:00,45.78,65355,35.65,36.08,3.5,High
2026-01-08 16:00:00,45.67,67185,36.53,36.94,3.5,High
2026-01-08 16:05:00,45.49,60719,36.49,35.31,3.5,High
2026-01-08 16:10:00,45.29,60041,36.1,33.07,3.5,High
2026-01-08 16:15:00,45.2,58304,35.72,34.22,3.5,High
2026-01-08 16:20:00,45.1,57882,34.46,41.32,3.2,High
2026-01-08 16:25:00,44.97,49902,35.45,33.76,3.5,High
2026-01-08 16:30:00,44.85,50548,34.67,36.64,3.5,High
2026-01-08 16:35:00,44.73,47176,34.86,38.69,3.42,High
2026-01-08 16:40:00,44.61,43145,34.27,38.27,3.33,High
2026-01-08 16:45:00,44.54,39072,34.21,36.56,3.41,High
2026-01-08 16:50:00,44.39,37363,34.9,37.57,3.49,High
2026-01-08 16:55:00,44.32,34486,33.44,43.78,2.9,High
2026-01-08 17:00:00,44.21,31227,33.68,37.62,3.26,High
2026-01-08 17:05:00,44.12,29886,34.63,39.81,3.31,High
2026-01-08 17:10:00,43.99,28310,34.29,38.36,3.33,High
2026-01-08 17:15:00,43.94,24666,32.98,44.47,2.79,High
2026-01-08 17:20:00,43.83,20296,33.87,40.61,3.14,High
2026-01-08 17:25:00,43.71,17918,33.53,42.12,3.0,High
2026-01-08 17:30:00,43.61,17247,32.19,43.01,2.74,High
2026-01-08 17:35:00,43.56,12364,33.85,41.47,3.09,High
2026-01-08 17:40:00,43.45,11633,32.08,42.73,2.74,High
2026-01-08 17:45:00,43.34,10943,33.23,44.42,2.83,High
2026-01-08 17:50:00,43.29,6974,32.25,46.3,2.59,High
2026-01-08 17:55:00,43.24,5423,32.01,44.39,2.65,High
2026-01-08 18:00:00,43.2,1180,32.2,41.72,2.8,High
2026-01-08 18:05:00,43.13,1766,31.96,45.66,2.58,High
2026-01-08 18:10:00,43.05,1108,31.45,47.9,2.4,High
2026-01-08 18:15:00,42.98,1504,30.81,46.45,2.38,High
2026-01-08 18:20:00,42.94,0,31.1,44.56,2.51,High
2026-01-08 18:25:00,42.87,1180,30.56,49.98,2.19,High
2026-01-08 18:30:00,42.83,1246,30.87,47.16,2.36,High
2026-01-08 18:35:00,42.79,1249,30.22,48.8,2.2,High
2026-01-08 18:40:00,42.75,0,29.7,46.92,2.21,High
2026-01-08 18:45:00,42.68,2563,31.21,44.85,2.51,High
2026-01-08 18:50:00,42.63,0,30.55,49.67,2.2,High
2026-01-08 18:55:00,42.58,0,29.1,51.7,1.95,Medium
2026-01-08 19:00:00,42.51,1232,29.1,51.37,1.96,Medium
2026-01-08 19:05:00,42.48,668,29.58,48.92,2.12,High
2026-01-08 19:10:00,42.4,1943,30.23,46.8,2.29,High
2026-01-08 19:15:00,42.32,2829,28.78,52.03,1.9,Medium
2026-01-08 19:20:00,42.25,1683,29.82,47.05,2.22,High
2026-01-08 19:25:00,42.19,922,28.86,53.83,1.83,Medium
2026-01-08 19:30:00,42.15,1901,29.04,49.53,2.03,High
2026-01-08 19:35:00,42.11,1846,28.94,52.95,1.88,Medium
2026-01-08 19:40:00,42.04,1357,28.08,52.62,1.8,Medium
2026-01-08 19:45:00,41.96,0,27.65,52.52,1.76,Medium
2026-01-08 19:50:00,41.9,0,27.68,55.7,1.64,Medium
2026-01-08 19:55:00,41.85,0,27.19,53.52,1.68,Medium
2026-01-08 20:00:00,41.81,0,28.22,50.54,1.89,Medium
2026-01-08 20:05:00,41.75,2822,28.67,49.66,1.98,Medium
2026-01-08 20:10:00,41.7,1847,28.16,53.86,1.76,Medium
2026-01-08 20:15:00,41.64,1959,26.6,58.41,1.45,Medium
2026-01-08 20:20:00,41.6,0,26.5,54.55,1.57,Medium
2026-01-08 20:25:00,41.53,0,27.52,57.49,1.56,Medium
2026-01-08 20:30:00,41.46,1416,26.34,56.44,1.49,Medium
2026-01-08 20:35:00,41.41,0,26.4,57.66,1.46,Medium
2026-01-08 20:40:00,41.38,0,26.18,55.7,1.51,Medium
2026-01-08 20:45:00,41.3,764,27.11,53.39,1.67,Medium
2026-01-08 20:50:00,41.23,0,25.8,58.73,1.37,Medium
2026-01-08 20:55:00,41.18,2473,25.75,55.92,1.46,Medium
2026-01-08 21:00:00,41.11,932,25.64,57.39,1.4,Medium
2026-01-08 21:05:00,41.07,2305,25.99,60.16,1.34,Medium
2026-01-08 21:10:00,40.99,0,25.44,57.1,1.4,Medium
2026-01-08 21:15:00,40.92,694,25.7,56.6,1.43,Medium
2026-01-08 21:20:00,40.88,2373,26.71,57.19,1.5,Medium
2026-01-08 21:25:00,40.84,597,25.82,59.69,1.34,Medium
2026-01-08 21:30:00,40.79,0,25.99,60.13,1.34,Medium
2026-01-08 21:35:00,40.72,2497,24.76,62.03,1.19,Low
2026-01-08 21:40:00,40.69,1267,26.07,55.5,1.5,Medium
2026-01-08 21:45:00,40.64,0,26.21,58.64,1.41,Medium
2026-01-08 21:50:00,40.59,1328,25.03,62.13,1.2,Low
2026-01-08 21:55:00,40.54,467,24.3,64.88,1.07,Low
2026-01-08 22:00:00,40.49,2968,24.25,60.31,1.2,Low
2026-01-08 22:05:00,40.44,0,24.62,62.52,1.16,Low
2026-01-08 22:10:00,40.38,0,25.49,61.18,1.27,Medium
2026-01-08 22:15:00,40.32,0,24.32,62.05,1.15,Low
2026-01-08 22:20:00,40.27,1928,24.81,60.23,1.25,Medium
2026-01-08 22:25:00,40.2,467,24.52,62.76,1.15,Low
2026-01-08 22:30:00,40.12,0,25.02,57.48,1.35,Medium
2026-01-08 22:35:00,40.04,350,23.58,66.52,0.97,Low
2026-01-08 22:40:00,39.97,0,23.6,65.81,1.0,Low
2026-01-08 22:45:00,39.89,0,24.01,64.89,1.05,Low
2026-01-08 22:50:00,39.85,1966,23.86,60.47,1.17,Low
2026-01-08 22:55:00,82.01,0,24.73,58.28,1.3,Low
2026-01-08 23:00:00,81.94,0,24.6,63.45,1.13,Low
2026-01-08 23:05:00,81.91,0,23.29,61.91,1.09,Low
2026-01-08 23:10:00,81.87,1882,24.33,59.94,1.22,Low
2026-01-08 23:15:00,81.82,1488,24.64,62.52,1.16,Low
2026-01-08 23:20:00,81.76,0,23.94,64.62,1.05,Low
2026-01-08 23:25:00,81.73,0,23.67,65.85,1.0,Low
2026-01-08 23:30:00,81.65,19,24.57,58.55,1.28,Low
2026-01-08 23:35:00,81.58,2255,24.41,62.19,1.16,Low
2026-01-08 23:40:00,81.53,11,24.87,62.06,1.19,Low
2026-01-08 23:45:00,81.45,2838,23.33,64.47,1.02,Low
2026-01-08 23:50:00,81.41,0,23.26,65.22,0.99,Low
2026-01-08 23:55:00,81.34,1475,23.37,64.61,1.02,Low
2026-01-09 00:00:00,83.13,851,18.63,95.0,0.11,Low
2026-01-09 00:05:00,83.09,879,19.61,89.07,0.25,Low
2026-01-09 00:10:00,83.06,619,18.16,95.0,0.1,Low
2026-01-09 00:15:00,83.0,249,18.58,90.65,0.2,Low
2026-01-09 00:20:00,82.94,0,19.54,91.36,0.2,Low
2026-01-09 00:25:00,82.88,0,18.11,95.0,0.1,Low
2026-01-09 00:30:00,82.83,1741,19.2,89.12,0.24,Low
2026-01-09 00:35:00,82.79,0,19.98,89.19,0.25,Low
2026-01-09 00:40:00,82.72,0,18.92,94.0,0.13,Low
2026-01-09 00:45:00,82.67,1215,20.1,87.35,0.3,Low
2026-01-09 00:50:00,82.64,0,19.67,92.6,0.17,Low
2026-01-09 00:55:00,82.56,0,19.4,91.89,0.18,Low
2026-01-09 01:00:00,82.49,0,18.85,92.42,0.17,Low
2026-01-09 01:05:00,82.42,1310,18.51,95.0,0.11,Low
2026-01-09 01:10:00,82.34,1612,19.68,88.71,0.26,Low
2026-01-09 01:15:00,82.26,1372,19.46,92.16,0.18,Low
2026-01-09 01:20:00,82.22,1712,19.17,90.95,0.2,Low
2026-01-09 01:25:00,82.15,0,20.26,91.76,0.2,Low
2026-01-09 01:30:00,82.11,0,19.38,92.08,0.18,Low
2026-01-09 01:35:00,82.04,766,18.98,92.33,0.17,Low
2026-01-09 01:40:00,81.97,2222,19.03,92.5,0.17,Low
2026-01-09 01:45:00,81.92,0,20.39,86.67,0.32,Low
2026-01-09 01:50:00,81.87,0,20.77,86.91,0.32,Low
2026-01-09 01:55:00,81.83,0,19.16,93.55,0.14,Low
2026-01-09 02:00:00,81.77,0,20.02,92.22,0.18,Low
2026-01-09 02:05:00,81.73,0,19.44,91.7,0.19,Low
2026-01-09 02:10:00,81.66,0,20.97,89.91,0.25,Low
2026-01-09 02:15:00,81.58,0,19.61,92.97,0.16,Low
2026-01-09 02:20:00,81.54,1093,20.19,89.59,0.25,Low
2026-01-09 02:25:00,81.48,1095,21.3,87.73,0.31,Low
2026-01-09 02:30:00,81.44,0,21.14,89.32,0.27,Low
2026-01-09 02:35:00,81.4,0,21.47,84.58,0.39,Low
2026-01-09 02:40:00,81.36,0,20.02,89.73,0.24,Low
2026-01-09 02:45:00,81.31,854,20.92,90.29,0.24,Low
2026-01-09 02:50:00,81.23,1390,20.27,91.88,0.19,Low
2026-01-09 02:55:00,81.19,0,21.76,84.93,0.39,Low
2026-01-09 03:00:00,81.13,0,22.34,85.84,0.38,Low
2026-01-09 03:05:00,81.08,0,21.02,85.58,0.36,Low
2026-01-09 03:10:00,81.02,0,21.88,82.87,0.45,Low
2026-01-09 03:15:00,80.97,2618,21.49,85.75,0.37,Low
2026-01-09 03:20:00,80.89,0,21.8,88.06,0.31,Low
2026-01-09 03:25:00,80.85,0,22.36,85.39,0.39,Low
2026-01-09 03:30:00,80.79,0,21.27,85.87,0.36,Low
2026-01-09 03:35:00,80.75,148,23.01,84.09,0.45,Low
2026-01-09 03:40:00,80.7,0,23.07,85.34,0.41,Low
2026-01-09 03:45:00,80.65,0,23.06,82.05,0.51,Low
2026-01-09 03:50:00,80.58,1132,22.65,81.86,0.5,Low
2026-01-09 03:55:00,80.55,1157,22.56,83.45,0.45,Low
2026-01-09 04:00:00,80.49,582,23.57,79.26,0.6,Low
2026-01-09 04:05:00,80.41,0,23.39,85.13,0.43,Low
2026-01-09 04:10:00,80.37,1420,23.79,80.18,0.58,Low
2026-01-09 04:15:00,80.34,0,23.38,84.41,0.45,Low
2026-01-09 04:20:00,80.31,0,24.56,79.64,0.63,Low
2026-01-09 04:25:00,80.26,1995,23.68,79.29,0.61,Low
2026-01-09 04:30:00,80.18,0,24.88,77.09,0.72,Low
2026-01-09 04:35:00,80.13,276,23.94,78.93,0.63,Low
2026-01-09 04:40:00,80.07,2714,23.96,83.72,0.48,Low
2026-01-09 04:45:00,79.99,1882,23.46,79.15,0.6,Low
2026-01-09 04:50:00,79.93,2206,24.6,80.62,0.6,Low
2026-01-09 04:55:00,79.88,0,24.67,78.36,0.67,Low
2026-01-09 05:00:00,79.84,1590,24.98,76.24,0.75,Low
2026-01-09 05:05:00,79.78,0,24.96,79.17,0.66,Low
2026-01-09 05:10:00,79.73,2070,25.03,79.56,0.65,Low
2026-01-09 05:15:00,79.65,722,25.01,81.04,0.6,Low
2026-01-09 05:20:00,79.59,1835,26.6,72.44,0.96,Low
2026-01-09 05:25:00,79.52,0,26.02,76.14,0.8,Low
2026-01-09 05:30:00,79.47,0,26.81,74.0,0.92,Low
2026-01-09 05:35:00,79.42,0,25.19,77.58,0.72,Low
2026-01-09 05:40:00,79.37,0,26.21,73.89,0.89,Low
2026-01-09 05:45:00,79.32,2805,25.73,79.32,0.68,Low
2026-01-09 05:50:00,79.29,1223,27.29,74.68,0.92,Low
2026-01-09 05:55:00,79.22,0,26.57,73.58,0.92,Low
2026-01-09 06:00:00,79.17,2030,26.53,76.75,0.81,Low
2026-01-09 06:05:00,79.13,4582,26.66,74.17,0.9,Low
2026-01-09 06:10:00,79.06,3608,26.66,76.59,0.82,Low
2026-01-09 06:15:00,78.98,5550,27.72,74.99,0.93,Low
2026-01-09 06:20:00,78.92,11556,27.18,71.64,1.02,Low
2026-01-09 06:25:00,78.88,12694,28.53,70.85,1.14,Low
2026-01-09 06:30:00,78.81,15916,28.32,68.91,1.2,Low
2026-01-09 06:35:00,78.74,14836,28.25,68.62,1.2,Low
2026-01-09 06:40:00,78.67,18153,28.4,72.39,1.07,Low
2026-01-09 06:45:00,78.59,18070,28.82,70.04,1.19,Low
2026-01-09 06:50:00,78.53,19203,28.14,70.9,1.11,Low
2026-01-09 06:55:00,78.45,20935,29.09,70.34,1.19,Low
2026-01-09 07:00:00,78.42,25176,28.23,72.53,1.05,Low
2026-01-09 07:05:00,78.37,28771,29.15,68.11,1.29,Low
2026-01-09 07:10:00,78.33,28852,30.2,66.75,1.43,Low
2026-01-09 07:15:00,78.27,33860,30.13,68.32,1.35,Low
2026-01-09 07:20:00,78.21,36811,29.29,69.41,1.25,Low
2026-01-09 07:25:00,78.15,33864,30.06,66.62,1.42,Low
2026-01-09 07:30:00,78.11,36963,29.28,71.03,1.18,Low
2026-01-09 07:35:00,78.06,39443,30.21,68.55,1.35,Low
2026-01-09 07:40:00,77.99,39393,30.36,63.61,1.58,Low
2026-01-09 07:45:00,77.93,45352,29.69,66.96,1.38,Low
2026-01-09 07:50:00,77.89,48026,31.51,61.6,1.78,Medium
2026-01-09 07:55:00,77.84,48502,30.21,67.17,1.41,Low
2026-01-09 08:00:00,77.77,52962,31.95,62.41,1.78,Medium
2026-01-09 08:05:00,77.67,49827,31.24,65.59,1.57,Low
2026-01-09 08:10:00,77.59,50907,30.68,62.56,1.65,Medium
2026-01-09 08:15:00,77.54,57758,30.75,62.97,1.64,Medium
2026-01-09 08:20:00,77.44,55676,31.24,65.51,1.57,Low
2026-01-09 08:25:00,77.38,59020,31.27,66.81,1.51,Low
2026-01-09 08:30:00,77.31,59642,31.97,63.93,1.71,Medium
2026-01-09 08:35:00,77.23,61992,32.03,60.48,1.88,Medium
2026-01-09 08:40:00,77.14,66602,32.52,59.9,1.96,Medium
2026-01-09 08:45:00,77.0,67533,32.44,60.25,1.94,Medium
2026-01-09 08:50:00,76.9,67486,33.31,61.68,1.96,Medium
2026-01-09 08:55:00,76.66,71046,33.03,60.78,1.98,Medium
2026-01-09 09:00:00,76.41,71113,32.52,60.46,1.94,Medium
2026-01-09 09:05:00,76.26,70239,31.91,59.82,1.9,Medium
2026-01-09 09:10:00,76.0,72488,33.07,61.89,1.92,Medium
2026-01-09 09:15:00,75.85,74297,33.95,55.11,2.38,Medium
2026-01-09 09:20:00,75.71,78349,32.77,59.77,2.0,Medium
2026-01-09 09:25:00,75.56,77220,33.55,60.51,2.05,Medium
2026-01-09 09:30:00,75.35,76400,32.98,59.11,2.05,Medium
2026-01-09 09:35:00,75.15,83036,34.04,58.07,2.24,Medium
2026-01-09 09:40:00,74.97,82078,33.76,55.98,2.31,Medium
2026-01-09 09:45:00,74.83,85447,33.87,60.26,2.1,Medium
2026-01-09 09:50:00,74.65,83869,34.53,58.11,2.3,Medium
2026-01-09 09:55:00,74.43,83673,33.48,60.81,2.02,Medium
2026-01-09 10:00:00,74.27,86129,34.91,53.45,2.6,Medium
2026-01-09 10:05:00,74.09,86969,33.67,59.02,2.14,Medium
2026-01-09 10:10:00,73.78,90837,34.38,59.85,2.18,Medium
2026-01-09 10:15:00,73.48,91737,33.74,57.81,2.21,Medium
2026-01-09 10:20:00,73.35,87865,35.09,56.17,2.48,Medium
2026-01-09 10:25:00,73.17,93346,33.51,60.26,2.06,Medium
2026-01-09 10:30:00,72.98,91790,34.9,56.07,2.46,Medium
2026-01-09 10:35:00,72.77,92560,34.68,57.41,2.35,Medium
2026-01-09 10:40:00,72.57,96772,35.21,52.73,2.69,Medium
2026-01-09 10:45:00,72.45,91868,34.81,53.22,2.6,Medium
2026-01-09 10:50:00,72.24,94308,33.84,59.29,2.15,Medium
2026-01-09 10:55:00,72.04,94151,34.02,60.17,2.12,Medium
2026-01-09 11:00:00,71.75,99529,35.53,56.88,2.5,Medium
2026-01-09 11:05:00,71.43,98843,34.29,54.8,2.44,Medium
2026-01-09 11:10:00,71.15,96605,33.96,58.57,2.2,Medium
2026-01-09 11:15:00,70.93,96100,34.39,54.74,2.46,Medium
2026-01-09 11:20:00,70.63,100000,34.13,59.02,2.2,Medium
2026-01-09 11:25:00,70.48,98315,35.84,53.25,2.75,Medium
2026-01-09 11:30:00,70.17,99611,34.99,56.5,2.44,Medium
2026-01-09 11:35:00,69.99,100000,34.6,54.78,2.49,High
2026-01-09 11:40:00,69.69,97116,34.56,56.86,2.37,High
2026-01-09 11:45:00,69.55,100000,35.3,53.04,2.68,High
2026-01-09 11:50:00,69.39,97266,35.94,50.43,2.93,High
2026-01-09 11:55:00,69.23,98103,35.64,51.67,2.81,High
2026-01-09 12:00:00,68.95,100000,35.18,57.23,2.43,High
2026-01-09 12:05:00,68.73,99700,34.62,54.29,2.52,High
2026-01-09 12:10:00,68.41,98217,35.82,52.79,2.78,High
2026-01-09 12:15:00,68.25,99866,35.72,55.53,2.6,High
2026-01-09 12:20:00,67.95,97604,34.53,55.43,2.44,High
2026-01-09 12:25:00,67.68,97289,35.25,57.18,2.44,High
2026-01-09 12:30:00,67.55,100000,34.41,54.97,2.45,High
2026-01-09 12:35:00,67.24,98551,35.23,53.56,2.64,High
2026-01-09 12:40:00,67.02,98069,34.05,55.6,2.37,High
2026-01-09 12:45:00,66.88,95397,34.86,54.45,2.54,High
2026-01-09 12:50:00,66.7,99021,35.11,54.79,2.56,High
2026-01-09 12:55:00,66.47,97698,34.58,56.65,2.38,High
2026-01-09 13:00:00,66.16,97679,34.59,57.31,2.35,High
2026-01-09 13:05:00,65.98,93323,34.12,54.74,2.42,High
2026-01-09 13:10:00,65.74,92977,33.76,56.71,2.27,High
2026-01-09 13:15:00,65.47,94044,35.01,53.09,2.64,High
2026-01-09 13:20:00,65.19,92578,35.28,53.1,2.68,High
2026-01-09 13:25:00,64.92,91928,34.15,58.03,2.25,High
2026-01-09 13:30:00,64.7,92407,33.58,59.97,2.08,High
2026-01-09 13:35:00,64.51,93971,33.93,56.39,2.31,High
2026-01-09 13:40:00,64.36,88754,33.39,61.6,1.97,Medium
2026-01-09 13:45:00,64.2,89534,33.2,58.64,2.1,High
2026-01-09 13:50:00,63.91,86162,33.62,59.74,2.1,High
2026-01-09 13:55:00,63.69,90489,34.2,57.83,2.27,High
2026-01-09 14:00:00,63.45,84258,33.42,61.04,2.01,High
2026-01-09 14:05:00,63.3,87503,34.82,56.07,2.45,High
2026-01-09 14:10:00,63.03,81902,33.04,58.83,2.08,High
2026-01-09 14:15:00,62.85,84555,33.56,61.76,1.98,Medium
2026-01-09 14:20:00,62.66,81100,33.53,55.97,2.28,High
2026-01-09 14:25:00,62.37,82992,33.87,59.74,2.13,High
2026-01-09 14:30:00,62.11,79909,34.15,55.13,2.41,High
2026-01-09 14:35:00,61.81,75112,33.7,61.37,2.02,Medium
2026-01-09 14:40:00,61.64,74454,33.45,59.06,2.11,High
2026-01-09 14:45:00,61.37,78023,33.5,58.11,2.17,High
2026-01-09 14:50:00,61.05,76456,32.29,62.57,1.81,Medium
2026-01-09 14:55:00,60.84,73309,33.53,61.27,2.01,Medium
2026-01-09 15:00:00,60.58,70872,33.57,57.37,2.21,High
2026-01-09 15:05:00,60.42,68497,33.31,58.9,2.1,High
2026-01-09 15:10:00,60.33,64805,32.02,62.47,1.79,Medium
2026-01-09 15:15:00,60.18,65535,32.5,60.98,1.91,Medium
2026-01-09 15:20:00,60.07,63009,32.73,63.54,1.81,Medium
2026-01-09 15:25:00,59.92,62390,32.38,59.43,1.97,Medium
2026-01-09 15:30:00,59.83,61862,32.12,60.95,1.87,Medium
2026-01-09 15:35:00,59.75,56224,32.33,58.89,1.99,Medium
2026-01-09 15:40:00,59.68,54676,31.77,61.75,1.8,Medium
2026-01-09 15:45:00,59.62,52560,31.77,61.45,1.81,Medium
2026-01-09 15:50:00,59.53,55884,30.86,66.0,1.52,Medium
2026-01-09 15:55:00,59.42,49393,30.46,64.57,1.54,Medium
2026-01-09 16:00:00,59.37,50511,30.39,63.58,1.58,Medium
2026-01-09 16:05:00,59.29,47226,30.79,67.04,1.46,Medium
2026-01-09 16:10:00,59.24,48976,30.54,63.35,1.6,Medium
2026-01-09 16:15:00,59.15,43093,30.14,67.06,1.41,Medium
2026-01-09 16:20:00,59.1,42730,30.03,68.04,1.36,Medium
2026-01-09 16:25:00,59.06,40600,29.49,66.97,1.36,Medium
2026-01-09 16:30:00,59.01,39038,30.19,66.83,1.42,Medium
2026-01-09 16:35:00,58.95,35865,30.65,63.33,1.61,Medium
2026-01-09 16:40:00,58.9,36811,29.36,69.74,1.24,Medium
2026-01-09 16:45:00,58.87,31666,29.43,67.78,1.32,Medium
2026-01-09 16:50:00,58.8,32815,29.52,67.62,1.34,Medium
2026-01-09 16:55:00,58.75,26797,29.47,66.68,1.37,Medium
2026-01-09 17:00:00,58.7,26141,28.33,71.25,1.11,Low
2026-01-09 17:05:00,58.67,23124,29.41,67.77,1.32,Medium
2026-01-09 17:10:00,58.64,23893,29.35,68.26,1.3,Medium
2026-01-09 17:15:00,58.59,21488,27.67,73.26,0.99,Low
2026-01-09 17:20:00,58.55,16108,27.58,72.45,1.02,Low
2026-01-09 17:25:00,58.48,16655,27.34,74.17,0.94,Low
2026-01-09 17:30:00,58.41,11283,27.15,71.42,1.03,Low
2026-01-09 17:35:00,58.34,9227,27.86,72.97,1.01,Low
2026-01-09 17:40:00,58.31,7580,27.3,76.15,0.87,Low
2026-01-09 17:45:00,58.28,7666,27.49,70.45,1.08,Low
2026-01-09 17:50:00,58.24,2088,27.56,70.2,1.1,Low
2026-01-09 17:55:00,58.21,4177,27.12,73.28,0.96,Low
2026-01-09 18:00:00,58.13,0,26.24,78.54,0.73,Low
2026-01-09 18:05:00,58.07,280,27.51,74.66,0.93,Low
2026-01-09 18:10:00,58.01,702,27.37,72.64,1.0,Low
2026-01-09 18:15:00,57.97,1911,25.85,77.5,0.75,Low
2026-01-09 18:20:00,57.93,280,26.79,74.25,0.91,Low
2026-01-09 18:25:00,57.86,2754,26.46,75.09,0.86,Low
2026-01-09 18:30:00,57.81,1185,25.74,74.45,0.85,Low
2026-01-09 18:35:00,57.75,0,25.63,76.79,0.76,Low
2026-01-09 18:40:00,57.68,0,24.63,80.22,0.61,Low
2026-01-09 18:45:00,57.6,0,25.68,79.38,0.68,Low
2026-01-09 18:50:00,57.52,1338,25.2,76.69,0.75,Low
2026-01-09 18:55:00,57.47,2135,24.81,78.95,0.66,Low
2026-01-09 19:00:00,57.41,0,25.34,75.09,0.81,Low
2026-01-09 19:05:00,57.35,1315,24.47,78.77,0.65,Low
2026-01-09 19:10:00,57.3,0,25.17,79.69,0.65,Low
2026-01-09 19:15:00,57.25,2496,24.22,81.17,0.57,Low
2026-01-09 19:20:00,57.17,953,24.21,80.78,0.58,Low
2026-01-09 19:25:00,57.13,152,24.65,77.08,0.71,Low
2026-01-09 19:30:00,57.08,0,24.85,79.55,0.64,Low
2026-01-09 19:35:00,57.04,2112,22.87,81.36,0.52,Low
2026-01-09 19:40:00,56.98,2605,22.83,83.35,0.46,Low
2026-01-09 19:45:00,56.93,1851,24.42,81.22,0.57,Low
2026-01-09 19:50:00,56.87,0,24.11,82.91,0.51,Low
2026-01-09 19:55:00,56.83,0,22.99,83.79,0.46,Low
2026-01-09 20:00:00,56.77,0,23.69,83.08,0.5,Low
2026-01-09 20:05:00,56.71,2541,23.53,80.81,0.56,Low
2026-01-09 20:10:00,56.67,2933,22.46,84.79,0.41,Low
2026-01-09 20:15:00,56.63,0,22.06,83.98,0.43,Low
2026-01-09 20:20:00,56.59,1883,21.74,87.86,0.32,Medium
2026-01-09 20:25:00,56.55,774,22.43,85.41,0.4,Low
2026-01-09 20:30:00,56.49,2359,22.75,82.83,0.48,Low
2026-01-09 20:35:00,56.43,0,22.09,83.31,0.44,Low
2026-01-09 20:40:00,56.36,853,22.68,83.81,0.45,Low
2026-01-09 20:45:00,56.3,0,21.87,84.82,0.4,Medium
2026-01-09 20:50:00,56.24,0,21.71,83.46,0.43,Medium
2026-01-09 20:55:00,56.18,0,21.22,84.66,0.39,Medium
2026-01-09 21:00:00,56.12,0,20.94,86.22,0.34,Medium
2026-01-09 21:05:00,56.04,0,20.88,90.61,0.23,Medium
2026-01-09 21:10:00,55.97,1219,20.6,86.02,0.34,Medium
2026-01-09 21:15:00,55.89,0,21.92,86.03,0.37,Medium
2026-01-09 21:20:00,55.86,0,21.74,85.4,0.38,Medium
2026-01-09 21:25:00,55.78,0,21.16,87.17,0.32,Medium
2026-01-09 21:30:00,55.74,0,20.18,88.62,0.27,Medium
2026-01-09 21:35:00,55.68,1588,20.22,87.34,0.3,Medium
2026-01-09 21:40:00,55.61,2545,20.91,88.88,0.28,Medium
2026-01-09 21:45:00,55.53,0,19.82,93.1,0.16,Medium
2026-01-09 21:50:00,55.46,1593,20.66,85.7,0.35,Medium
2026-01-09 21:55:00,55.42,588,21.06,88.24,0.29,Medium
2026-01-09 22:00:00,55.39,2679,20.17,88.22,0.28,Medium
2026-01-09 22:05:00,55.34,45,19.06,93.07,0.15,Medium
2026-01-09 22:10:00,55.31,2099,19.51,93.95,0.14,Medium
2026-01-09 22:15:00,55.25,1641,18.94,94.32,0.12,Medium
2026-01-09 22:20:00,55.19,1091,20.47,90.35,0.23,Medium
2026-01-09 22:25:00,55.14,1594,18.78,93.97,0.13,Medium
2026-01-09 22:30:00,55.07,0,19.46,90.86,0.21,Medium
2026-01-09 22:35:00,55.01,0,20.51,86.99,0.31,Medium
2026-01-09 22:40:00,54.97,0,18.6,93.76,0.13,Medium
2026-01-09 22:45:00,54.91,2330,19.92,91.94,0.19,Medium
2026-01-09 22:50:00,54.84,0,20.35,90.51,0.23,Medium
2026-01-09 22:55:00,54.81,0,18.47,91.6,0.18,Medium
2026-01-09 23:00:00,54.77,931,18.97,90.83,0.2,Medium
2026-01-09 23:05:00,54.73,0,19.44,89.02,0.25,Medium
2026-01-09 23:10:00,54.67,261,18.69,92.98,0.15,Medium
2026-01-09 23:15:00,54.6,2490,18.87,90.93,0.2,Medium
2026-01-09 23:20:00,54.54,1681,20.0,88.75,0.26,Medium
2026-01-09 23:25:00,54.48,0,19.15,93.15,0.15,Medium
2026-01-09 23:30:00,54.42,2402,18.18,95.0,0.1,Medium
2026-01-09 23:35:00,54.34,0,18.61,91.03,0.19,Medium
2026-01-09 23:40:00,54.29,1451,18.49,91.73,0.18,Medium
2026-01-09 23:45:00,54.23,0,19.65,93.67,0.14,Medium
2026-01-09 23:50:00,54.17,0,19.31,89.28,0.24,Medium
2026-01-09 23:55:00,54.1,0,18.07,93.75,0.13,Medium
2026-01-10 00:00:00,75.8,0,19.22,93.97,0.13,Low
2026-01-10 00:05:00,75.74,0,18.09,92.5,0.16,Low
2026-01-10 00:10:00,75.7,0,18.11,94.59,0.11,Low
2026-01-10 00:15:00,75.62,652,18.07,95.0,0.1,Low
2026-01-10 00:20:00,75.55,1861,19.85,90.9,0.21,Low
2026-01-10 00:25:00,75.5,1975,18.73,92.53,0.16,Low
2026-01-10 00:30:00,75.47,1412,19.53,88.43,0.26,Low
2026-01-10 00:35:00,75.39,1327,18.87,93.67,0.14,Low
2026-01-10 00:40:00,75.33,0,20.0,90.44,0.22,Low
2026-01-10 00:45:00,75.27,0,19.19,91.15,0.2,Low
2026-01-10 00:50:00,75.2,0,20.04,87.0,0.3,Low
2026-01-10 00:55:00,75.14,0,20.13,88.2,0.28,Low
2026-01-10 01:00:00,75.09,0,18.95,93.11,0.15,Low
2026-01-10 01:05:00,75.03,1694,19.64,92.69,0.17,Low
2026-01-10 01:10:00,74.99,410,18.62,92.1,0.17,Low
2026-01-10 01:15:00,74.94,0,18.78,92.44,0.16,Low
2026-01-10 01:20:00,74.89,0,20.41,91.11,0.21,Low
2026-01-10 01:25:00,74.83,2633,18.66,91.74,0.18,Low
2026-01-10 01:30:00,74.77,0,19.24,89.83,0.23,Low
2026-01-10 01:35:00,74.7,2214,19.23,89.53,0.23,Low
2026-01-10 01:40:00,74.67,707,19.04,89.5,0.23,Low
2026-01-10 01:45:00,74.61,1106,18.9,94.69,0.12,Low
2026-01-10 01:50:00,74.54,1304,18.99,89.69,0.23,Low
2026-01-10 01:55:00,74.47,0,19.5,92.21,0.18,Low
2026-01-10 02:00:00,74.42,1309,19.78,91.11,0.2,Low
2026-01-10 02:05:00,74.38,0,19.32,91.64,0.19,Low
2026-01-10 02:10:00,74.33,0,19.9,92.16,0.18,Low
2026-01-10 02:15:00,74.28,2255,20.63,86.4,0.33,Low
2026-01-10 02:20:00,74.22,0,21.02,87.1,0.32,Low
2026-01-10 02:25:00,74.18,2841,20.49,89.6,0.25,Low
2026-01-10 02:30:00,74.15,2581,19.74,93.06,0.16,Low
2026-01-10 02:35:00,74.08,1848,20.98,87.81,0.3,Low
2026-01-10 02:40:00,74.04,488,20.89,87.02,0.32,Low
2026-01-10 02:45:00,73.99,0,21.65,87.57,0.32,Low
2026-01-10 02:50:00,73.92,0,22.1,82.64,0.46,Low
2026-01-10 02:55:00,73.86,20,20.67,88.91,0.27,Low
2026-01-10 03:00:00,73.8,1398,21.18,89.37,0.27,Low
2026-01-10 03:05:00,73.75,0,20.57,88.83,0.27,Low
2026-01-10 03:10:00,73.71,2016,21.13,86.15,0.35,Low
2026-01-10 03:15:00,73.66,1605,21.21,86.39,0.34,Low
2026-01-10 03:20:00,73.59,0,22.35,83.03,0.46,Low
2026-01-10 03:25:00,73.53,0,22.75,82.78,0.48,Low
2026-01-10 03:30:00,73.48,919,22.96,83.83,0.45,Low
2026-01-10 03:35:00,73.45,416,22.11,87.11,0.34,Low
2026-01-10 03:40:00,73.39,1658,22.49,83.73,0.44,Low
2026-01-10 03:45:00,73.34,0,21.83,84.51,0.41,Low
2026-01-10 03:50:00,73.28,0,21.86,88.61,0.3,Low
2026-01-10 03:55:00,73.21,1635,23.12,85.23,0.42,Low
2026-01-10 04:00:00,73.15,0,22.03,83.91,0.43,Low
2026-01-10 04:05:00,73.12,1457,24.01,78.53,0.64,Low
2026-01-10 04:10:00,73.08,1140,23.17,85.65,0.41,Low
2026-01-10 04:15:00,73.03,2511,24.2,82.78,0.52,Low
2026-01-10 04:20:00,73.0,341,23.42,83.4,0.48,Low
2026-01-10 04:25:00,72.94,2390,24.57,80.03,0.62,Low
2026-01-10 04:30:00,72.89,0,24.93,80.1,0.63,Low
2026-01-10 04:35:00,72.82,0,24.0,80.5,0.58,Low
2026-01-10 04:40:00,72.78,0,23.84,78.97,0.62,Low
2026-01-10 04:45:00,72.74,2498,24.96,81.21,0.59,Low
2026-01-10 04:50:00,72.68,561,25.39,76.83,0.75,Low
2026-01-10 04:55:00,72.62,0,24.52,79.66,0.63,Low
2026-01-10 05:00:00,72.58,0,25.82,75.4,0.82,Low
2026-01-10 05:05:00,72.5,2383,25.23,78.46,0.69,Low
2026-01-10 05:10:00,72.46,0,25.12,77.13,0.73,Low
2026-01-10 05:15:00,72.38,1883,24.73,80.54,0.61,Low
2026-01-10 05:20:00,72.32,114,25.03,78.88,0.67,Low
2026-01-10 05:25:00,72.28,0,24.98,76.25,0.75,Low
2026-01-10 05:30:00,72.2,2312,25.83,75.31,0.82,Low
2026-01-10 05:35:00,72.14,1520,27.11,76.2,0.85,Low
2026-01-10 05:40:00,72.07,0,25.58,79.19,0.68,Low
2026-01-10 05:45:00,72.02,2415,25.53,80.04,0.65,Low
2026-01-10 05:50:00,71.98,0,27.25,75.32,0.89,Low
2026-01-10 05:55:00,71.92,2650,26.23,76.09,0.81,Low
2026-01-10 06:00:00,71.88,1986,27.04,72.57,0.98,Low
2026-01-10 06:05:00,71.83,4249,27.59,72.22,1.03,Low
2026-01-10 06:10:00,71.76,6548,26.88,77.15,0.81,Low
2026-01-10 06:15:00,71.7,5662,26.76,71.94,0.99,Low
2026-01-10 06:20:00,71.65,7678,28.15,71.29,1.09,Low
2026-01-10 06:25:00,71.59,10963,28.13,72.96,1.03,Low
2026-01-10 06:30:00,71.51,15600,27.67,71.95,1.04,Low
2026-01-10 06:35:00,71.45,14117,28.81,71.8,1.12,Low
2026-01-10 06:40:00,71.42,14578,29.14,69.78,1.22,Low
2026-01-10 06:45:00,71.35,18766,27.83,74.64,0.95,Low
2026-01-10 06:50:00,71.29,19552,28.26,72.88,1.04,Low
2026-01-10 06:55:00,71.21,21960,28.47,72.78,1.06,Low
2026-01-10 07:00:00,71.17,27378,29.78,64.51,1.49,Low
2026-01-10 07:05:00,71.12,26234,29.35,66.55,1.37,Low
2026-01-10 07:10:00,71.06,29352,28.93,69.96,1.2,Low
2026-01-10 07:15:00,71.02,33085,29.54,66.14,1.4,Low
2026-01-10 07:20:00,70.95,32954,29.2,68.75,1.27,Low
2026-01-10 07:25:00,70.91,35386,29.68,67.61,1.35,Low
2026-01-10 07:30:00,70.85,40553,29.29,70.17,1.21,Low
2026-01-10 07:35:00,70.82,39227,31.16,65.3,1.57,Low
2026-01-10 07:40:00,70.73,41175,30.31,63.97,1.56,Low
2026-01-10 07:45:00,70.64,45870,30.95,64.72,1.58,Low
2026-01-10 07:50:00,70.59,45646,30.67,63.86,1.59,Low
2026-01-10 07:55:00,70.54,50437,30.86,66.71,1.48,Low
2026-01-10 08:00:00,70.48,48569,31.54,62.36,1.74,Medium
2026-01-10 08:05:00,70.42,51269,31.03,67.1,1.48,Low
2026-01-10 08:10:00,70.36,52769,31.75,64.88,1.65,Medium
2026-01-10 08:15:00,70.31,55992,31.26,62.09,1.73,Medium
2026-01-10 08:20:00,70.25,60044,31.84,63.45,1.72,Medium
2026-01-10 08:25:00,70.16,56250,31.94,63.87,1.71,Medium
2026-01-10 08:30:00,70.07,62104,31.05,67.06,1.48,Low
2026-01-10 08:35:00,69.98,63521,32.11,62.25,1.81,Medium
2026-01-10 08:40:00,69.88,62220,31.54,63.67,1.68,Medium
2026-01-10 08:45:00,69.82,67742,31.73,65.48,1.62,Medium
2026-01-10 08:50:00,69.78,68959,31.84,65.42,1.63,Medium
2026-01-10 08:55:00,69.64,71793,31.57,61.0,1.81,Medium
2026-01-10 09:00:00,69.56,68652,32.63,59.77,1.98,Medium
2026-01-10 09:05:00,69.42,70720,33.32,57.99,2.15,High
2026-01-10 09:10:00,69.15,74659,33.47,56.81,2.23,High
2026-01-10 09:15:00,68.88,72693,32.55,58.57,2.03,High
2026-01-10 09:20:00,68.59,76096,33.65,55.69,2.31,High
2026-01-10 09:25:00,68.31,75899,33.45,60.48,2.04,Medium
2026-01-10 09:30:00,68.12,79969,32.74,59.58,2.0,Medium
2026-01-10 09:35:00,67.96,77785,33.48,57.65,2.19,High
2026-01-10 09:40:00,67.78,82851,33.08,59.74,2.03,High
2026-01-10 09:45:00,67.56,85948,32.84,60.84,1.95,Medium
2026-01-10 09:50:00,67.43,84538,34.56,54.97,2.47,High
2026-01-10 09:55:00,67.2,84853,33.83,57.42,2.24,High
2026-01-10 10:00:00,67.0,84946,33.14,62.62,1.9,Medium
2026-01-10 10:05:00,66.75,86891,33.48,59.38,2.1,High
2026-01-10 10:10:00,66.6,90559,33.76,61.2,2.04,High
2026-01-10 10:15:00,66.43,91876,33.51,58.86,2.13,High
2026-01-10 10:20:00,66.16,91329,33.53,58.71,2.14,High
2026-01-10 10:25:00,65.99,89925,34.46,58.36,2.27,High
2026-01-10 10:30:00,65.81,91415,34.01,55.67,2.36,High
2026-01-10 10:35:00,65.54,92639,34.59,53.48,2.56,High
2026-01-10 10:40:00,65.36,95737,35.03,55.71,2.49,High
2026-01-10 10:45:00,65.13,93624,34.88,57.03,2.4,High
2026-01-10 10:50:00,64.99,98328,35.35,52.19,2.74,High
2026-01-10 10:55:00,64.84,95259,35.08,56.86,2.44,High
2026-01-10 11:00:00,64.52,94589,35.22,54.61,2.58,High
2026-01-10 11:05:00,64.23,96679,33.85,56.17,2.31,High
2026-01-10 11:10:00,64.03,99123,34.78,56.28,2.43,High
2026-01-10 11:15:00,63.72,97691,34.44,55.55,2.42,High
2026-01-10 11:20:00,63.53,98615,35.23,55.66,2.53,High
2026-01-10 11:25:00,63.36,96685,35.21,55.16,2.55,High
2026-01-10 11:30:00,63.19,100000,35.16,55.25,2.54,High
2026-01-10 11:35:00,62.92,100000,34.88,58.34,2.33,High
2026-01-10 11:40:00,62.63,97431,35.67,54.1,2.68,High
2026-01-10 11:45:00,62.5,99283,34.0,55.7,2.36,High
2026-01-10 11:50:00,62.24,98775,35.95,51.45,2.88,High
2026-01-10 11:55:00,62.02,98962,35.07,52.7,2.67,High
2026-01-10 12:00:00,61.85,99102,34.31,57.44,2.3,High
2026-01-10 12:05:00,61.57,100000,35.26,53.56,2.65,High
2026-01-10 12:10:00,61.32,100000,35.73,52.66,2.77,High
2026-01-10 12:15:00,61.06,98314,34.79,56.23,2.43,High
2026-01-10 12:20:00,60.89,97534,34.12,58.9,2.2,High
2026-01-10 12:25:00,60.64,97019,34.48,58.48,2.27,High
2026-01-10 12:30:00,60.4,98125,35.46,56.07,2.53,High
2026-01-10 12:35:00,60.15,100000,34.46,58.97,2.24,High
2026-01-10 12:40:00,59.82,96489,34.83,57.6,2.36,High
2026-01-10 12:45:00,59.67,99898,34.03,55.61,2.36,High
2026-01-10 12:50:00,59.54,96569,35.56,56.59,2.52,High
2026-01-10 12:55:00,59.35,96772,34.79,56.96,2.39,High
2026-01-10 13:00:00,59.15,94296,34.73,56.49,2.41,High
2026-01-10 13:05:00,58.92,95851,34.45,55.63,2.42,High
2026-01-10 13:10:00,58.61,97671,34.69,58.26,2.31,High
2026-01-10 13:15:00,58.32,96694,35.47,55.7,2.56,High
2026-01-10 13:20:00,58.06,93909,34.64,58.07,2.31,High
2026-01-10 13:25:00,57.93,92813,34.57,55.57,2.44,High
2026-01-10 13:30:00,57.66,92184,34.12,58.54,2.22,High
2026-01-10 13:35:00,57.35,91889,33.75,61.36,2.03,High
2026-01-10 13:40:00,57.23,88704,34.02,59.25,2.17,High
2026-01-10 13:45:00,57.04,89843,34.06,54.7,2.42,High
2026-01-10 13:50:00,56.73,87914,33.28,57.97,2.15,High
2026-01-10 13:55:00,56.52,84873,34.23,55.93,2.37,High
2026-01-10 14:00:00,56.27,87775,33.02,58.58,2.09,High
2026-01-10 14:05:00,55.96,87431,34.78,58.18,2.32,High
2026-01-10 14:10:00,55.74,85132,34.74,56.04,2.44,High
2026-01-10 14:15:00,55.61,84650,34.4,58.72,2.25,High
2026-01-10 14:20:00,55.34,84280,32.61,58.91,2.02,High
2026-01-10 14:25:00,55.05,78434,34.19,56.87,2.32,High
2026-01-10 14:30:00,54.91,80160,32.46,58.72,2.01,High
2026-01-10 14:35:00,54.66,80888,33.33,57.51,2.18,High
2026-01-10 14:40:00,54.48,78628,32.16,64.12,1.72,Medium
2026-01-10 14:45:00,54.16,77618,33.43,59.62,2.08,High
2026-01-10 14:50:00,53.87,76371,32.93,59.68,2.02,High
2026-01-10 14:55:00,53.76,69626,33.12,61.78,1.94,Medium
2026-01-10 15:00:00,53.68,68214,33.11,59.5,2.05,High
2026-01-10 15:05:00,53.59,69184,31.93,60.6,1.87,Medium
2026-01-10 15:10:00,53.5,64578,33.08,58.56,2.09,High
2026-01-10 15:15:00,53.42,66343,31.96,63.68,1.72,Medium
2026-01-10 15:20:00,53.29,61976,32.07,59.79,1.92,Medium
2026-01-10 15:25:00,53.2,63139,31.38,66.62,1.53,Medium
2026-01-10 15:30:00,53.14,59181,32.45,60.62,1.92,Medium
2026-01-10 15:35:00,53.02,57611,32.18,64.01,1.73,Medium
2026-01-10 15:40:00,52.95,55504,32.39,63.03,1.8,Medium
2026-01-10 15:45:00,52.9,56792,30.55,63.8,1.59,Medium
2026-01-10 15:50:00,52.8,52085,30.93,62.99,1.66,Medium
2026-01-10 15:55:00,52.75,50646,30.5,67.03,1.44,Medium
2026-01-10 16:00:00,52.66,50472,30.98,63.84,1.62,Medium
2026-01-10 16:05:00,52.62,48885,30.75,67.27,1.45,Medium
2026-01-10 16:10:00,52.57,45488,31.36,64.09,1.65,Medium
2026-01-10 16:15:00,52.48,43310,30.94,66.7,1.49,Medium
2026-01-10 16:20:00,52.39,43459,29.8,67.49,1.36,Medium
2026-01-10 16:25:00,52.34,37819,30.81,66.78,1.48,Medium
2026-01-10 16:30:00,52.28,35457,30.0,64.7,1.5,Medium
2026-01-10 16:35:00,52.23,34082,29.27,69.19,1.25,Medium
2026-01-10 16:40:00,52.17,34732,29.49,65.37,1.43,Medium
2026-01-10 16:45:00,52.12,34359,29.83,64.44,1.49,Medium
2026-01-10 16:50:00,52.04,30957,29.08,66.73,1.34,Medium
2026-01-10 16:55:00,52.01,27783,28.85,67.76,1.28,Medium
2026-01-10 17:00:00,51.96,25620,29.69,68.17,1.33,Medium
2026-01-10 17:05:00,51.91,25773,28.7,68.51,1.24,Medium
2026-01-10 17:10:00,51.83,22715,28.41,69.46,1.18,Low
2026-01-10 17:15:00,51.77,21088,29.32,70.98,1.18,Low
2026-01-10 17:20:00,51.72,19009,28.23,73.79,1.0,Low
2026-01-10 17:25:00,51.65,15285,27.27,75.8,0.88,Low
2026-01-10 17:30:00,51.57,15709,28.97,67.55,1.3,Medium
2026-01-10 17:35:00,51.49,8666,28.37,69.74,1.17,Low
2026-01-10 17:40:00,51.42,7571,28.64,71.73,1.11,Low
2026-01-10 17:45:00,51.39,4532,27.44,69.89,1.1,Low
2026-01-10 17:50:00,51.34,3169,28.11,68.82,1.19,Low
2026-01-10 17:55:00,51.28,0,26.58,73.33,0.93,Low
2026-01-10 18:00:00,51.23,0,27.69,72.17,1.03,Low
2026-01-10 18:05:00,51.16,1120,26.77,75.63,0.86,Low
2026-01-10 18:10:00,51.09,1988,26.99,75.17,0.88,Low
2026-01-10 18:15:00,51.05,0,25.67,78.54,0.71,Low
2026-01-10 18:20:00,50.99,2388,26.85,76.17,0.84,Low
2026-01-10 18:25:00,50.93,0,25.98,73.68,0.88,Low
2026-01-10 18:30:00,50.87,518,26.44,73.53,0.91,Low
2026-01-10 18:35:00,50.8,0,26.32,74.51,0.87,Low
2026-01-10 18:40:00,50.74,1510,25.83,79.07,0.7,Low
2026-01-10 18:45:00,50.69,0,24.72,77.42,0.7,Low
2026-01-10 18:50:00,50.64,924,24.95,78.17,0.69,Low
2026-01-10 18:55:00,50.56,1927,24.87,76.0,0.75,Low
2026-01-10 19:00:00,50.49,0,24.77,80.12,0.62,Low
2026-01-10 19:05:00,50.46,0,24.69,80.33,0.61,Low
2026-01-10 19:10:00,50.41,1821,25.32,74.84,0.81,Low
2026-01-10 19:15:00,50.36,0,24.58,79.2,0.64,Low
2026-01-10 19:20:00,50.31,0,25.18,79.71,0.65,Low
2026-01-10 19:25:00,50.24,804,23.62,82.3,0.52,Low
2026-01-10 19:30:00,50.19,0,23.84,81.01,0.56,Low
2026-01-10 19:35:00,50.12,0,23.85,82.86,0.51,Low
2026-01-10 19:40:00,50.08,0,23.68,82.58,0.51,Low
2026-01-10 19:45:00,50.04,2605,23.14,83.33,0.47,Low
2026-01-10 19:50:00,50.01,1365,23.93,80.69,0.57,Low
2026-01-10 19:55:00,49.96,0,22.72,83.69,0.45,Medium
2026-01-10 20:00:00,49.91,1118,23.78,79.82,0.59,Low
2026-01-10 20:05:00,49.87,1915,22.44,84.64,0.42,Medium
2026-01-10 20:10:00,49.81,0,22.42,83.39,0.45,Medium
2026-01-10 20:15:00,49.74,0,22.75,80.9,0.53,Medium
2026-01-10 20:20:00,49.68,0,21.91,83.18,0.44,Medium
2026-01-10 20:25:00,49.6,0,22.54,82.82,0.47,Medium
2026-01-10 20:30:00,49.53,0,22.51,86.19,0.38,Medium
2026-01-10 20:35:00,49.49,141,22.46,84.1,0.43,Medium
2026-01-10 20:40:00,49.43,0,21.6,89.17,0.28,Medium
2026-01-10 20:45:00,49.4,0,22.49,87.16,0.35,Medium
2026-01-10 20:50:00,49.37,1495,22.45,83.9,0.44,Medium
2026-01-10 20:55:00,49.29,0,22.37,85.47,0.39,Medium
2026-01-10 21:00:00,49.25,0,22.02,83.06,0.45,Medium
2026-01-10 21:05:00,49.18,0,20.74,88.38,0.28,Medium
2026-01-10 21:10:00,49.13,1793,20.59,87.89,0.29,Medium
2026-01-10 21:15:00,49.06,0,21.51,88.02,0.31,Medium
2026-01-10 21:20:00,48.98,1028,20.43,89.65,0.25,Medium
2026-01-10 21:25:00,48.95,0,21.12,86.87,0.33,Medium
2026-01-10 21:30:00,48.89,0,20.48,87.49,0.3,Medium
2026-01-10 21:35:00,48.86,0,21.5,84.88,0.39,Medium
2026-01-10 21:40:00,48.79,0,20.1,88.51,0.27,Medium
2026-01-10 21:45:00,48.75,527,21.0,88.5,0.29,Medium
2026-01-10 21:50:00,48.7,2579,20.03,87.0,0.3,Medium
2026-01-10 21:55:00,48.63,0,19.85,90.11,0.23,Medium
2026-01-10 22:00:00,48.59,1186,19.49,92.2,0.18,Medium
2026-01-10 22:05:00,48.53,2113,19.05,94.99,0.11,Medium
2026-01-10 22:10:00,48.45,0,20.03,88.18,0.28,Medium
2026-01-10 22:15:00,48.39,0,19.56,89.9,0.23,Medium
2026-01-10 22:20:00,48.34,749,18.81,90.74,0.2,Medium
2026-01-10 22:25:00,48.26,2974,19.54,88.2,0.27,Medium
2026-01-10 22:30:00,48.18,0,19.72,89.05,0.25,Medium
2026-01-10 22:35:00,48.15,642,18.81,94.84,0.11,Medium
2026-01-10 22:40:00,48.11,2952,18.92,92.91,0.15,Medium
2026-01-10 22:45:00,48.06,1665,18.74,94.3,0.12,Medium
2026-01-10 22:50:00,48.0,1507,19.19,91.38,0.19,Medium
2026-01-10 22:55:00,47.93,0,18.96,90.03,0.22,Medium
2026-01-10 23:00:00,47.87,1570,20.19,88.46,0.27,Medium
2026-01-10 23:05:00,47.82,2154,19.01,92.24,0.17,Medium
2026-01-10 23:10:00,47.78,0,19.84,92.91,0.16,Medium
2026-01-10 23:15:00,47.72,195,18.73,91.92,0.17,Medium
2026-01-10 23:20:00,47.66,2443,18.47,92.83,0.15,Medium
2026-01-10 23:25:00,47.6,0,20.04,90.72,0.22,Medium
2026-01-10 23:30:00,47.54,719,18.35,95.0,0.11,Medium
2026-01-10 23:35:00,47.5,2672,19.51,90.07,0.23,Medium
2026-01-10 23:40:00,47.45,0,19.17,89.46,0.23,Medium
2026-01-10 23:45:00,47.39,2301,19.5,92.07,0.18,Medium
2026-01-10 23:50:00,47.34,2101,19.73,88.58,0.26,Medium
2026-01-10 23:55:00,47.27,0,19.75,93.2,0.16,Medium
2026-01-11 00:00:00,78.18,0,19.79,90.25,0.22,Low
2026-01-11 00:05:00,78.11,2938,19.21,93.6,0.14,Low
2026-01-11 00:10:00,78.06,0,19.01,92.91,0.16,Low
2026-01-11 00:15:00,77.98,0,19.86,90.1,0.23,Low
2026-01-11 00:20:00,77.91,0,18.04,95.0,0.1,Low
2026-01-11 00:25:00,77.86,2173,20.04,87.33,0.3,Low
2026-01-11 00:30:00,77.79,1295,18.59,90.97,0.19,Low
2026-01-11 00:35:00,77.73,205,19.39,88.55,0.26,Low
2026-01-11 00:40:00,77.66,0,19.57,90.37,0.22,Low
2026-01-11 00:45:00,77.61,0,19.69,92.01,0.18,Low
2026-01-11 00:50:00,77.57,0,19.49,88.92,0.25,Low
2026-01-11 00:55:00,77.54,1951,18.75,94.39,0.12,Low
2026-01-11 01:00:00,77.46,0,18.61,92.23,0.17,Low
2026-01-11 01:05:00,77.4,0,19.91,87.79,0.28,Low
2026-01-11 01:10:00,77.36,2395,18.52,93.36,0.14,Low
2026-01-11 01:15:00,77.29,0,18.94,92.1,0.17,Low
2026-01-11 01:20:00,77.22,409,19.88,90.84,0.21,Low
2026-01-11 01:25:00,77.17,0,18.84,90.99,0.2,Low
2026-01-11 01:30:00,77.13,0,19.33,94.2,0.13,Low
2026-01-11 01:35:00,77.09,0,19.95,89.76,0.24,Low
2026-01-11 01:40:00,77.04,1170,20.24,87.33,0.3,Low
2026-01-11 01:45:00,77.0,820,19.59,88.1,0.27,Low
2026-01-11 01:50:00,76.94,505,19.51,89.68,0.23,Low
2026-01-11 01:55:00,76.87,2976,20.48,88.34,0.28,Low
2026-01-11 02:00:00,76.8,0,19.41,89.29,0.24,Low
2026-01-11 02:05:00,76.75,0,19.79,92.68,0.17,Low
2026-01-11 02:10:00,76.67,151,19.59,88.99,0.25,Low
2026-01-11 02:15:00,76.63,2681,19.38,90.49,0.21,Low
2026-01-11 02:20:00,76.56,0,19.9,91.91,0.19,Low
2026-01-11 02:25:00,76.48,0,20.85,87.8,0.3,Low
2026-01-11 02:30:00,76.41,2039,21.47,88.7,0.29,Low
2026-01-11 02:35:00,76.35,0,20.81,86.35,0.34,Low
2026-01-11 02:40:00,76.32,0,20.67,87.44,0.31,Low
2026-01-11 02:45:00,76.24,208,21.09,88.94,0.28,Low
2026-01-11 02:50:00,76.2,0,22.04,85.7,0.38,Low
2026-01-11 02:55:00,76.14,1436,20.73,89.45,0.26,Low
2026-01-11 03:00:00,76.11,1137,20.83,87.82,0.3,Low
2026-01-11 03:05:00,76.07,311,21.69,83.67,0.42,Low
2026-01-11 03:10:00,76.01,0,22.26,87.23,0.34,Low
2026-01-11 03:15:00,75.95,0,20.85,88.57,0.28,Low
2026-01-11 03:20:00,75.9,221,21.79,87.58,0.32,Low
2026-01-11 03:25:00,75.87,0,22.26,82.5,0.47,Low
2026-01-11 03:30:00,75.82,254,21.52,84.78,0.39,Low
2026-01-11 03:35:00,75.78,490,22.41,86.63,0.36,Low
2026-01-11 03:40:00,75.71,1664,23.18,80.84,0.54,Low
2026-01-11 03:45:00,75.64,0,22.78,80.6,0.54,Low
2026-01-11 03:50:00,75.59,0,22.9,81.38,0.52,Low
2026-01-11 03:55:00,75.51,2708,22.88,82.18,0.5,Low
2026-01-11 04:00:00,75.47,0,22.5,84.62,0.42,Low
2026-01-11 04:05:00,75.41,2863,23.03,85.7,0.4,Low
2026-01-11 04:10:00,75.38,2846,22.94,83.05,0.47,Low
2026-01-11 04:15:00,75.3,0,22.59,82.86,0.47,Low
2026-01-11 04:20:00,75.26,827,23.51,82.17,0.52,Low
2026-01-11 04:25:00,75.21,1577,24.34,78.31,0.66,Low
2026-01-11 04:30:00,75.16,182,23.58,79.39,0.6,Low
2026-01-11 04:35:00,75.12,426,24.32,77.99,0.67,Low
2026-01-11 04:40:00,75.06,1714,24.8,81.08,0.59,Low
2026-01-11 04:45:00,75.0,2740,23.74,84.28,0.46,Low
2026-01-11 04:50:00,74.92,1678,25.17,76.72,0.75,Low
2026-01-11 04:55:00,74.89,2137,24.71,78.0,0.68,Low
2026-01-11 05:00:00,74.83,0,24.6,80.9,0.59,Low
2026-01-11 05:05:00,74.77,0,24.95,78.12,0.69,Low
2026-01-11 05:10:00,74.69,2812,25.08,77.45,0.72,Low
2026-01-11 05:15:00,74.63,1602,26.39,72.42,0.95,Low
2026-01-11 05:20:00,74.58,1300,25.03,77.2,0.72,Low
2026-01-11 05:25:00,74.52,1745,25.43,76.47,0.76,Low
2026-01-11 05:30:00,74.45,0,25.35,77.7,0.72,Low
2026-01-11 05:35:00,74.4,0,25.34,76.66,0.75,Low
2026-01-11 05:40:00,74.36,0,26.75,77.31,0.8,Low
2026-01-11 05:45:00,74.31,1126,26.8,76.82,0.82,Low
2026-01-11 05:50:00,74.27,640,26.21,74.96,0.85,Low
2026-01-11 05:55:00,74.2,0,27.1,72.88,0.97,Low
2026-01-11 06:00:00,74.15,0,26.22,77.19,0.78,Low
2026-01-11 06:05:00,74.11,1664,27.73,70.14,1.11,Low
2026-01-11 06:10:00,74.07,2561,26.95,71.55,1.01,Low
2026-01-11 06:15:00,74.02,8117,27.67,70.93,1.08,Low
2026-01-11 06:20:00,73.98,5846,27.28,74.89,0.91,Low
2026-01-11 06:25:00,73.91,12155,28.44,69.47,1.18,Low
2026-01-11 06:30:00,73.87,12727,28.85,71.94,1.11,Low
2026-01-11 06:35:00,73.81,14977,28.15,70.24,1.13,Low
2026-01-11 06:40:00,73.78,15896,28.8,71.25,1.14,Low
2026-01-11 06:45:00,73.72,18973,27.8,71.44,1.07,Low
2026-01-11 06:50:00,73.67,21814,27.83,74.47,0.96,Low
2026-01-11 06:55:00,73.61,23391,27.93,68.94,1.17,Low
2026-01-11 07:00:00,73.55,27622,29.67,67.72,1.34,Low
2026-01-11 07:05:00,73.47,29389,29.51,68.52,1.3,Low
2026-01-11 07:10:00,73.4,30261,29.97,68.87,1.32,Low
2026-01-11 07:15:00,73.32,34678,28.75,70.54,1.16,Low
2026-01-11 07:20:00,73.28,35804,30.24,66.03,1.46,Low
2026-01-11 07:25:00,73.21,38527,29.8,68.89,1.31,Low
2026-01-11 07:30:00,73.16,39155,29.21,67.86,1.3,Low
2026-01-11 07:35:00,73.12,42195,30.61,65.2,1.53,Low
2026-01-11 07:40:00,73.09,39299,30.53,67.75,1.41,Low
2026-01-11 07:45:00,73.03,43791,29.99,65.58,1.46,Low
2026-01-11 07:50:00,72.95,45134,31.04,64.35,1.61,Medium
2026-01-11 07:55:00,72.85,48545,31.39,62.94,1.7,Medium
2026-01-11 08:00:00,72.8,47915,31.73,64.65,1.66,Medium
2026-01-11 08:05:00,72.71,49034,30.51,66.43,1.47,Low
2026-01-11 08:10:00,72.65,53970,31.86,65.46,1.63,Medium
2026-01-11 08:15:00,72.59,53937,31.08,62.78,1.68,Medium
2026-01-11 08:20:00,72.54,55984,31.44,66.31,1.55,Low
2026-01-11 08:25:00,72.47,56954,31.44,66.08,1.56,Low
2026-01-11 08:30:00,72.34,60126,32.54,60.83,1.92,Medium
2026-01-11 08:35:00,72.24,61874,32.49,60.96,1.91,Medium
2026-01-11 08:40:00,72.2,63561,31.55,65.31,1.61,Medium
2026-01-11 08:45:00,72.15,68414,31.62,64.61,1.65,Medium
2026-01-11 08:50:00,72.03,65281,32.92,60.22,1.99,Medium
2026-01-11 08:55:00,71.88,68052,33.03,58.17,2.11,Medium
2026-01-11 09:00:00,71.81,69869,33.26,58.04,2.14,Medium
2026-01-11 09:05:00,71.71,69279,32.69,62.63,1.85,Medium
2026-01-11 09:10:00,71.42,72855,33.61,61.36,2.01,Medium
2026-01-11 09:15:00,71.09,77270,32.88,59.17,2.04,Medium
2026-01-11 09:20:00,70.88,77465,32.3,61.05,1.88,Medium
2026-01-11 09:25:00,70.69,76636,34.14,58.36,2.23,Medium
2026-01-11 09:30:00,70.54,77829,32.63,61.34,1.9,Medium
2026-01-11 09:35:00,70.41,81814,32.76,62.22,1.88,Medium
2026-01-11 09:40:00,70.21,84113,34.16,58.4,2.23,Medium
2026-01-11 09:45:00,69.9,81091,33.48,57.03,2.22,High
2026-01-11 09:50:00,69.74,85790,34.68,58.1,2.31,High
2026-01-11 09:55:00,69.52,83147,34.6,54.4,2.51,High
2026-01-11 10:00:00,69.35,87354,33.54,61.31,2.01,High
2026-01-11 10:05:00,69.04,89372,33.66,57.58,2.21,High
2026-01-11 10:10:00,68.91,90933,33.16,62.2,1.92,Medium
2026-01-11 10:15:00,68.76,90278,33.93,58.11,2.22,High
2026-01-11 10:20:00,68.44,93013,33.28,57.01,2.2,High
2026-01-11 10:25:00,68.14,91385,33.55,61.74,1.98,Medium
2026-01-11 10:30:00,67.89,90194,34.46,57.35,2.33,High
2026-01-11 10:35:00,67.75,93017,34.08,60.04,2.14,High
2026-01-11 10:40:00,67.48,93162,34.83,56.57,2.42,High
2026-01-11 10:45:00,67.32,96185,34.53,58.69,2.26,High
2026-01-11 10:50:00,67.15,93150,34.07,60.3,2.12,High
2026-01-11 10:55:00,66.85,93573,33.84,57.58,2.24,High
2026-01-11 11:00:00,66.59,94949,33.94,56.05,2.33,High
2026-01-11 11:05:00,66.37,99977,34.43,57.83,2.3,High
2026-01-11 11:10:00,66.22,99931,34.96,57.14,2.41,High
2026-01-11 11:15:00,65.91,99045,34.69,56.69,2.39,High
2026-01-11 11:20:00,65.78,100000,33.95,57.23,2.27,High
2026-01-11 11:25:00,65.65,96929,34.3,54.96,2.44,High
2026-01-11 11:30:00,65.41,97115,35.52,53.24,2.71,High
2026-01-11 11:35:00,65.12,98469,34.92,56.46,2.44,High
2026-01-11 11:40:00,64.88,99332,35.12,53.5,2.63,High
2026-01-11 11:45:00,64.6,97492,35.07,54.0,2.6,High
2026-01-11 11:50:00,64.43,98928,35.84,55.92,2.6,High
2026-01-11 11:55:00,64.17,99900,35.61,54.39,2.65,High
2026-01-11 12:00:00,64.04,99054,35.34,54.84,2.59,High
2026-01-11 12:05:00,63.89,100000,34.73,58.91,2.28,High
2026-01-11 12:10:00,63.66,99649,34.45,54.44,2.48,High
2026-01-11 12:15:00,63.45,100000,34.57,55.32,2.45,High
2026-01-11 12:20:00,63.22,97117,35.94,55.54,2.63,High
2026-01-11 12:25:00,63.06,100000,34.75,59.07,2.27,High
2026-01-11 12:30:00,62.79,97475,35.61,51.19,2.84,High
2026-01-11 12:35:00,62.5,99441,34.61,54.3,2.52,High
2026-01-11 12:40:00,62.33,100000,34.93,54.84,2.53,High
2026-01-11 12:45:00,62.19,98263,35.74,53.04,2.75,High
2026-01-11 12:50:00,61.89,98435,34.14,58.18,2.24,High
2026-01-11 12:55:00,61.65,95046,35.27,57.53,2.42,High
2026-01-11 13:00:00,61.34,95263,35.44,57.23,2.46,High
2026-01-11 13:05:00,61.03,98410,34.27,60.0,2.16,High
2026-01-11 13:10:00,60.91,93188,34.57,59.13,2.24,High
2026-01-11 13:15:00,60.6,95027,34.08,56.49,2.32,High
2026-01-11 13:20:00,60.4,96724,34.74,53.44,2.58,High
2026-01-11 13:25:00,60.11,95135,33.74,59.98,2.1,High
2026-01-11 13:30:00,59.86,90842,35.29,56.54,2.48,High
2026-01-11 13:35:00,59.73,89691,34.1,59.57,2.16,High
2026-01-11 13:40:00,59.58,89288,35.18,57.45,2.42,High
2026-01-11 13:45:00,59.37,92353,34.65,54.21,2.53,High
2026-01-11 13:50:00,59.22,90264,34.44,53.85,2.52,High
2026-01-11 13:55:00,59.01,85288,33.64,59.41,2.12,High
2026-01-11 14:00:00,58.73,85395,34.25,54.98,2.43,High
2026-01-11 14:05:00,58.43,82913,33.75,61.25,2.03,High
2026-01-11 14:10:00,58.23,82971,33.43,62.04,1.96,Medium
2026-01-11 14:15:00,57.99,80823,34.43,56.6,2.36,High
2026-01-11 14:20:00,57.71,83063,34.31,58.86,2.23,High
2026-01-11 14:25:00,57.47,78262,32.9,63.31,1.84,Medium
2026-01-11 14:30:00,57.21,78510,33.54,61.06,2.02,Medium
2026-01-11 14:35:00,56.96,80767,33.91,57.53,2.25,High
2026-01-11 14:40:00,56.79,75285,33.86,59.47,2.14,High
2026-01-11 14:45:00,56.5,75230,32.52,60.73,1.92,Medium
2026-01-11 14:50:00,56.21,71226,33.86,55.72,2.34,High
2026-01-11 14:55:00,55.95,72206,32.26,62.34,1.82,Medium
2026-01-11 15:00:00,55.8,72396,31.86,63.96,1.7,Medium
2026-01-11 15:05:00,55.65,68406,33.21,59.74,2.05,High
2026-01-11 15:10:00,55.51,68168,32.17,62.55,1.8,Medium
2026-01-11 15:15:00,55.38,66388,33.18,57.38,2.17,High
2026-01-11 15:20:00,55.31,65314,31.86,65.14,1.64,Medium
2026-01-11 15:25:00,55.22,64058,31.79,61.96,1.79,Medium
2026-01-11 15:30:00,55.07,61316,32.57,61.22,1.9,Medium
2026-01-11 15:35:00,54.95,59899,32.36,63.25,1.78,Medium
2026-01-11 15:40:00,54.85,57759,30.64,62.67,1.64,Medium
2026-01-11 15:45:00,54.76,58081,30.64,67.33,1.44,Medium
2026-01-11 15:50:00,54.7,52251,32.0,64.32,1.7,Medium
2026-01-11 15:55:00,54.64,50369,32.1,61.85,1.82,Medium
2026-01-11 16:00:00,54.55,52945,30.92,63.47,1.63,Medium
2026-01-11 16:05:00,54.49,49723,30.27,66.67,1.44,Medium
2026-01-11 16:10:00,54.39,45266,30.5,67.75,1.41,Medium
2026-01-11 16:15:00,54.31,43231,31.25,64.82,1.6,Medium
2026-01-11 16:20:00,54.26,40627,31.05,66.55,1.51,Medium
2026-01-11 16:25:00,54.19,41111,30.67,64.35,1.57,Medium
2026-01-11 16:30:00,54.12,37564,29.43,66.89,1.36,Medium
2026-01-11 16:35:00,54.06,38079,29.6,70.29,1.23,Medium
2026-01-11 16:40:00,54.0,33138,30.65,63.16,1.62,Medium
2026-01-11 16:45:00,53.93,33345,30.39,66.47,1.45,Medium
2026-01-11 16:50:00,53.89,29458,29.48,69.36,1.26,Medium
2026-01-11 16:55:00,53.84,28570,28.42,72.9,1.05,Low
2026-01-11 17:00:00,53.79,27177,28.6,70.42,1.16,Low
2026-01-11 17:05:00,53.72,21390,29.74,70.33,1.24,Medium
2026-01-11 17:10:00,53.69,20407,29.51,68.56,1.3,Medium
2026-01-11 17:15:00,53.63,19164,29.56,65.26,1.44,Medium
2026-01-11 17:20:00,53.56,16007,28.72,69.9,1.19,Low
2026-01-11 17:25:00,53.49,13684,29.18,67.23,1.33,Medium
2026-01-11 17:30:00,53.46,10127,27.48,71.27,1.05,Low
2026-01-11 17:35:00,53.41,12914,28.1,70.87,1.11,Low
2026-01-11 17:40:00,53.35,8189,27.83,74.07,0.97,Low
2026-01-11 17:45:00,53.28,8871,27.78,74.99,0.93,Low
2026-01-11 17:50:00,53.24,7253,27.76,73.97,0.97,Low
2026-01-11 17:55:00,53.19,4581,26.91,76.72,0.83,Low
2026-01-11 18:00:00,53.12,2748,26.71,72.36,0.97,Low
2026-01-11 18:05:00,53.08,0,27.8,72.29,1.04,Low
2026-01-11 18:10:00,53.03,1705,27.61,72.53,1.02,Low
2026-01-11 18:15:00,52.96,1843,26.1,76.59,0.79,Low
2026-01-11 18:20:00,52.88,869,26.74,74.83,0.88,Low
2026-01-11 18:25:00,52.82,445,26.06,73.38,0.9,Low
2026-01-11 18:30:00,52.78,0,25.95,79.03,0.7,Low
2026-01-11 18:35:00,52.73,353,25.9,73.77,0.88,Low
2026-01-11 18:40:00,52.7,0,26.35,76.5,0.81,Low
2026-01-11 18:45:00,52.63,418,25.88,79.17,0.7,Low
2026-01-11 18:50:00,52.56,0,25.7,78.13,0.72,Low
2026-01-11 18:55:00,52.5,0,26.07,75.75,0.82,Low
2026-01-11 19:00:00,52.43,0,25.28,78.28,0.7,Low
2026-01-11 19:05:00,52.36,0,25.65,77.23,0.75,Low
2026-01-11 19:10:00,52.3,0,24.22,80.94,0.58,Low
2026-01-11 19:15:00,52.24,0,24.15,83.33,0.5,Low
2026-01-11 19:20:00,52.19,1382,24.32,81.45,0.56,Low
2026-01-11 19:25:00,52.15,1552,24.3,78.18,0.66,Low
2026-01-11 19:30:00,52.12,0,24.24,77.97,0.67,Low
2026-01-11 19:35:00,52.07,444,24.67,81.95,0.56,Low
2026-01-11 19:40:00,52.02,1178,23.43,79.93,0.58,Low
2026-01-11 19:45:00,51.95,0,22.65,85.14,0.41,Low
2026-01-11 19:50:00,51.91,0,23.31,81.81,0.52,Low
2026-01-11 19:55:00,51.84,798,24.12,79.55,0.61,Low
2026-01-11 20:00:00,51.76,0,23.05,83.63,0.46,Low
2026-01-11 20:05:00,51.68,0,21.97,83.48,0.44,Medium
2026-01-11 20:10:00,51.65,0,22.76,82.96,0.47,Low
2026-01-11 20:15:00,51.57,380,23.37,84.41,0.45,Low
2026-01-11 20:20:00,51.53,725,21.79,83.98,0.42,Medium
2026-01-11 20:25:00,51.47,2232,21.96,87.97,0.32,Medium
2026-01-11 20:30:00,51.4,2348,22.28,86.0,0.38,Low
2026-01-11 20:35:00,51.37,0,21.35,88.81,0.28,Medium
2026-01-11 20:40:00,51.29,225,20.94,90.6,0.23,Medium
2026-01-11 20:45:00,51.24,0,22.34,83.37,0.45,Low
2026-01-11 20:50:00,51.19,110,20.96,90.2,0.24,Medium
2026-01-11 20:55:00,51.11,2984,21.67,88.67,0.29,Medium
2026-01-11 21:00:00,51.06,287,22.2,84.27,0.42,Low
2026-01-11 21:05:00,51.01,326,20.45,87.99,0.29,Medium
2026-01-11 21:10:00,50.96,1905,20.58,86.79,0.32,Medium
2026-01-11 21:15:00,50.89,2499,20.7,90.91,0.22,Medium
2026-01-11 21:20:00,50.86,1245,21.69,88.15,0.31,Medium
2026-01-11 21:25:00,50.8,981,20.8,87.08,0.32,Medium
2026-01-11 21:30:00,50.74,191,20.8,87.52,0.31,Medium
2026-01-11 21:35:00,50.7,0,19.95,89.8,0.24,Medium
2026-01-11 21:40:00,50.67,0,21.34,86.54,0.34,Medium
2026-01-11 21:45:00,50.61,0,19.4,91.76,0.19,Medium
2026-01-11 21:50:00,50.54,2953,19.86,91.94,0.19,Medium
2026-01-11 21:55:00,50.46,165,20.56,85.97,0.34,Medium
2026-01-11 22:00:00,50.4,524,19.69,93.12,0.16,Medium
2026-01-11 22:05:00,50.37,1435,20.27,89.59,0.25,Medium
2026-01-11 22:10:00,50.34,0,19.51,93.91,0.14,Medium
2026-01-11 22:15:00,50.28,2242,20.48,90.34,0.23,Medium
2026-01-11 22:20:00,50.21,0,19.11,93.25,0.15,Medium
2026-01-11 22:25:00,50.14,2699,18.87,94.94,0.11,Medium
2026-01-11 22:30:00,50.08,0,18.75,91.1,0.19,Medium
2026-01-11 22:35:00,50.02,2532,18.58,91.51,0.18,Medium
2026-01-11 22:40:00,49.94,0,20.33,87.68,0.29,Medium
2026-01-11 22:45:00,49.87,2906,20.09,92.72,0.17,Medium
2026-01-11 22:50:00,49.84,2026,19.11,89.31,0.24,Medium
2026-01-11 22:55:00,49.79,1011,18.81,95.0,0.11,Medium
2026-01-11 23:00:00,49.74,2182,19.41,92.11,0.18,Medium
2026-01-11 23:05:00,49.68,1419,19.99,88.67,0.26,Medium
2026-01-11 23:10:00,49.61,0,19.02,90.92,0.2,Medium
2026-01-11 23:15:00,49.54,0,19.79,91.09,0.21,Medium
2026-01-11 23:20:00,49.48,1176,18.91,92.2,0.17,Medium
2026-01-11 23:25:00,49.41,825,18.54,91.05,0.19,Medium
2026-01-11 23:30:00,49.33,0,19.05,91.16,0.19,Medium
2026-01-11 23:35:00,49.28,1085,18.56,95.0,0.11,Medium
2026-01-11 23:40:00,49.24,0,19.1,92.48,0.17,Medium
2026-01-11 23:45:00,49.17,1937,18.26,95.0,0.1,Medium
2026-01-11 23:50:00,49.09,0,19.12,89.79,0.23,Medium
2026-01-11 23:55:00,49.01,0,18.94,90.81,0.2,Medium
2026-01-12 00:00:00,76.79,0,21.61,78.98,0.54,Low
2026-01-12 00:05:00,76.72,582,20.29,78.59,0.51,Low
2026-01-12 00:10:00,76.67,0,21.54,76.72,0.6,Low
2026-01-12 00:15:00,76.59,2691,21.15,78.39,0.54,Low
2026-01-12 00:20:00,76.53,0,21.87,75.89,0.63,Low
2026-01-12 00:25:00,76.5,0,20.83,78.84,0.52,Low
2026-01-12 00:30:00,76.45,0,20.44,81.94,0.43,Low
2026-01-12 00:35:00,76.39,0,21.84,76.25,0.62,Low
2026-01-12 00:40:00,76.36,0,21.24,81.94,0.46,Low
2026-01-12 00:45:00,76.3,0,21.52,78.7,0.55,Low
2026-01-12 00:50:00,76.26,2596,20.53,80.0,0.48,Low
2026-01-12 00:55:00,76.2,0,20.44,80.28,0.47,Low
2026-01-12 01:00:00,76.16,1612,21.9,75.35,0.65,Low
2026-01-12 01:05:00,76.1,381,21.58,75.82,0.62,Low
2026-01-12 01:10:00,76.05,2623,22.19,77.83,0.59,Low
2026-01-12 01:15:00,75.99,0,21.66,79.68,0.53,Low
2026-01-12 01:20:00,75.94,0,21.71,81.0,0.49,Low
2026-01-12 01:25:00,75.89,0,22.38,76.74,0.63,Low
2026-01-12 01:30:00,75.81,822,20.9,77.98,0.54,Low
2026-01-12 01:35:00,75.78,2291,22.68,75.05,0.69,Low
2026-01-12 01:40:00,75.71,0,22.36,76.33,0.64,Low
2026-01-12 01:45:00,75.64,0,21.91,77.02,0.6,Low
2026-01-12 01:50:00,75.59,2651,21.61,77.82,0.57,Low
2026-01-12 01:55:00,75.54,0,22.45,75.69,0.66,Low
2026-01-12 02:00:00,75.5,0,21.72,79.38,0.54,Low
2026-01-12 02:05:00,75.43,0,21.59,76.5,0.61,Low
2026-01-12 02:10:00,75.37,713,22.57,78.49,0.59,Low
2026-01-12 02:15:00,75.33,0,22.88,76.25,0.66,Low
2026-01-12 02:20:00,75.28,0,21.73,78.94,0.55,Low
2026-01-12 02:25:00,75.25,1647,23.21,75.35,0.7,Low
2026-01-12 02:30:00,75.2,310,22.09,75.14,0.66,Low
2026-01-12 02:35:00,75.14,0,22.8,75.23,0.69,Low
2026-01-12 02:40:00,75.07,1001,22.64,74.56,0.7,Low
2026-01-12 02:45:00,75.0,0,23.11,74.25,0.73,Low
2026-01-12 02:50:00,74.93,0,22.5,76.07,0.65,Low
2026-01-12 02:55:00,74.85,2587,22.48,75.19,0.68,Low
2026-01-12 03:00:00,74.79,1411,23.57,76.05,0.7,Low
2026-01-12 03:05:00,74.71,0,24.04,69.76,0.9,Low
2026-01-12 03:10:00,74.64,2115,22.7,74.67,0.7,Low
2026-01-12 03:15:00,74.57,0,23.13,73.08,0.76,Low
2026-01-12 03:20:00,74.5,2455,23.58,74.26,0.75,Low
2026-01-12 03:25:00,74.46,1221,23.94,71.67,0.84,Low
2026-01-12 03:30:00,74.41,2404,24.25,70.13,0.9,Low
2026-01-12 03:35:00,74.35,709,24.33,69.98,0.91,Low
2026-01-12 03:40:00,74.28,2899,24.35,73.13,0.82,Low
2026-01-12 03:45:00,74.22,983,25.51,67.21,1.07,Low
2026-01-12 03:50:00,74.18,0,25.21,69.3,0.99,Low
2026-01-12 03:55:00,74.11,0,24.19,73.49,0.8,Low
2026-01-12 04:00:00,74.03,509,25.86,66.61,1.11,Low
2026-01-12 04:05:00,73.96,2679,26.09,68.39,1.07,Low
2026-01-12 04:10:00,73.92,2318,26.28,64.97,1.2,Low
2026-01-12 04:15:00,73.84,0,25.06,68.25,1.01,Low
2026-01-12 04:20:00,73.79,1013,26.2,70.51,1.0,Low
2026-01-12 04:25:00,73.73,2692,26.2,65.24,1.18,Low
2026-01-12 04:30:00,73.68,0,26.54,69.31,1.06,Low
2026-01-12 04:35:00,73.64,2107,25.44,67.64,1.05,Low
2026-01-12 04:40:00,73.56,2495,26.3,67.44,1.11,Low
2026-01-12 04:45:00,73.51,0,25.53,68.12,1.04,Low
2026-01-12 04:50:00,73.44,0,26.46,68.64,1.08,Low
2026-01-12 04:55:00,73.41,0,26.68,66.95,1.16,Low
2026-01-12 05:00:00,73.38,745,27.89,65.27,1.3,Low
2026-01-12 05:05:00,73.34,2427,26.86,65.5,1.22,Low
2026-01-12 05:10:00,73.27,1181,27.61,63.51,1.35,Low
2026-01-12 05:15:00,73.23,1704,28.15,62.71,1.42,Low
2026-01-12 05:20:00,73.17,1314,28.5,62.77,1.45,Low
2026-01-12 05:25:00,73.14,2480,27.32,67.69,1.17,Low
2026-01-12 05:30:00,73.1,0,28.29,62.99,1.42,Low
2026-01-12 05:35:00,73.07,1837,28.75,59.52,1.6,Low
2026-01-12 05:40:00,73.0,0,28.05,65.29,1.32,Low
2026-01-12 05:45:00,72.93,0,29.2,57.91,1.71,Medium
2026-01-12 05:50:00,72.87,704,29.39,58.34,1.71,Medium
2026-01-12 05:55:00,72.8,0,29.57,62.23,1.56,Low
2026-01-12 06:00:00,72.76,0,28.21,64.34,1.36,Low
2026-01-12 06:05:00,72.68,0,29.67,57.32,1.78,Medium
2026-01-12 06:10:00,72.65,6765,28.36,61.18,1.5,Low
2026-01-12 06:15:00,72.59,6443,28.68,62.21,1.49,Low
2026-01-12 06:20:00,72.56,12950,29.09,61.72,1.54,Low
2026-01-12 06:25:00,72.52,13576,29.45,62.46,1.54,Low
2026-01-12 06:30:00,72.48,12048,29.41,58.4,1.71,Medium
2026-01-12 06:35:00,72.42,17746,29.5,62.98,1.53,Low
2026-01-12 06:40:00,72.37,17424,30.79,55.29,1.99,Medium
2026-01-12 06:45:00,72.31,20409,31.54,56.26,2.03,Medium
2026-01-12 06:50:00,72.26,24930,30.93,55.56,1.99,Medium
2026-01-12 06:55:00,72.2,28746,31.55,55.62,2.06,Medium
2026-01-12 07:00:00,72.15,28274,32.01,55.91,2.1,Medium
2026-01-12 07:05:00,72.09,31245,30.36,59.56,1.75,Medium
2026-01-12 07:10:00,71.99,32060,32.04,55.89,2.1,Medium
2026-01-12 07:15:00,71.93,38431,30.6,55.16,1.97,Medium
2026-01-12 07:20:00,71.83,38501,32.57,54.18,2.25,Medium
2026-01-12 07:25:00,71.76,40254,31.03,58.67,1.86,Medium
2026-01-12 07:30:00,71.63,43891,32.55,53.14,2.3,Medium
2026-01-12 07:35:00,71.55,49310,31.85,52.89,2.22,Medium
2026-01-12 07:40:00,71.49,47718,31.47,55.42,2.06,Medium
2026-01-12 07:45:00,71.38,52942,33.39,54.05,2.36,Medium
2026-01-12 07:50:00,71.25,52814,33.49,48.82,2.65,Medium
2026-01-12 07:55:00,71.16,52460,32.69,50.66,2.44,Medium
2026-01-12 08:00:00,71.1,58293,33.98,49.24,2.7,Medium
2026-01-12 08:05:00,70.98,60629,33.73,48.45,2.7,Medium
2026-01-12 08:10:00,70.91,59358,32.67,52.22,2.36,Medium
2026-01-12 08:15:00,70.82,61020,33.12,51.18,2.47,Medium
2026-01-12 08:20:00,70.72,66257,34.5,47.02,2.9,Medium
2026-01-12 08:25:00,70.64,67597,34.18,52.07,2.57,Medium
2026-01-12 08:30:00,70.58,67366,34.81,50.71,2.74,Medium
2026-01-12 08:35:00,70.41,71841,33.65,49.33,2.64,Medium
2026-01-12 08:40:00,70.28,75742,35.03,46.93,2.99,Medium
2026-01-12 08:45:00,70.02,73776,33.89,50.83,2.6,Medium
2026-01-12 08:50:00,69.85,75423,34.26,46.97,2.86,High
2026-01-12 08:55:00,69.65,81366,34.98,49.73,2.82,High
2026-01-12 09:00:00,69.44,78696,35.6,45.81,3.15,High
2026-01-12 09:05:00,69.15,82029,34.2,47.75,2.81,High
2026-01-12 09:10:00,68.87,87281,34.52,51.43,2.66,High
2026-01-12 09:15:00,68.7,86924,35.12,46.2,3.05,High
2026-01-12 09:20:00,68.39,87026,34.38,49.72,2.73,High
2026-01-12 09:25:00,68.1,90243,34.7,46.62,2.95,High
2026-01-12 09:30:00,67.87,91054,35.32,43.87,3.21,High
2026-01-12 09:35:00,67.74,94242,34.64,49.06,2.81,High
2026-01-12 09:40:00,67.42,94818,35.54,48.61,2.98,High
2026-01-12 09:45:00,67.14,95315,35.18,48.74,2.91,High
2026-01-12 09:50:00,67.0,94848,35.3,48.9,2.92,High
2026-01-12 09:55:00,66.72,99113,35.33,45.7,3.11,High
2026-01-12 10:00:00,66.53,97469,35.89,44.08,3.3,High
2026-01-12 10:05:00,66.24,100000,36.98,43.15,3.5,High
2026-01-12 10:10:00,66.1,100000,36.39,44.89,3.34,High
2026-01-12 10:15:00,65.81,100000,36.64,41.89,3.5,High
2026-01-12 10:20:00,65.53,100000,35.82,45.16,3.23,High
2026-01-12 10:25:00,65.4,100000,35.34,44.57,3.18,High
2026-01-12 10:30:00,65.18,100000,36.69,41.08,3.5,High
2026-01-12 10:35:00,64.95,100000,37.28,43.02,3.5,High
2026-01-12 10:40:00,64.77,100000,36.71,41.22,3.5,High
2026-01-12 10:45:00,64.62,100000,36.13,44.63,3.31,High
2026-01-12 10:50:00,64.32,100000,35.89,43.2,3.35,High
2026-01-12 10:55:00,64.05,100000,36.79,42.28,3.5,High
2026-01-12 11:00:00,63.85,100000,36.83,44.17,3.47,High
2026-01-12 11:05:00,63.67,100000,36.42,41.43,3.5,High
2026-01-12 11:10:00,63.54,100000,36.94,45.33,3.42,High
2026-01-12 11:15:00,63.36,100000,37.28,39.64,3.5,High
2026-01-12 11:20:00,63.19,100000,36.18,47.42,3.15,High
2026-01-12 11:25:00,62.99,100000,37.42,40.97,3.5,High
2026-01-12 11:30:00,62.76,100000,37.43,42.17,3.5,High
2026-01-12 11:35:00,62.47,100000,37.24,40.29,3.5,High
2026-01-12 11:40:00,62.08,100000,37.6,39.22,3.5,High
2026-01-12 11:45:00,61.84,100000,36.5,44.91,3.36,High
2026-01-12 11:50:00,61.71,100000,36.1,43.33,3.38,High
2026-01-12 11:55:00,61.41,100000,36.44,42.11,3.5,High
2026-01-12 12:00:00,61.16,100000,37.0,44.43,3.49,High
2026-01-12 12:05:00,60.9,100000,36.04,45.07,3.27,High
2026-01-12 12:10:00,60.59,100000,37.39,39.25,3.5,High
2026-01-12 12:15:00,60.32,100000,36.4,41.32,3.5,High
2026-01-12 12:20:00,60.17,100000,37.13,44.99,3.48,High
2026-01-12 12:25:00,59.9,100000,36.38,46.82,3.23,High
2026-01-12 12:30:00,59.74,100000,36.49,44.13,3.41,High
2026-01-12 12:35:00,59.55,100000,36.31,43.49,3.41,High
2026-01-12 12:40:00,59.43,100000,36.4,42.99,3.46,High
2026-01-12 12:45:00,59.22,100000,37.05,42.85,3.5,High
2026-01-12 12:50:00,58.95,100000,36.18,46.61,3.2,High
2026-01-12 12:55:00,58.68,100000,37.52,42.13,3.5,High
2026-01-12 13:00:00,58.39,100000,37.39,44.32,3.5,High
2026-01-12 13:05:00,58.16,100000,36.4,45.03,3.34,High
2026-01-12 13:10:00,57.97,100000,37.4,42.05,3.5,High
2026-01-12 13:15:00,57.75,100000,36.01,44.18,3.32,High
2026-01-12 13:20:00,57.55,100000,36.96,42.75,3.5,High
2026-01-12 13:25:00,57.31,100000,36.96,42.86,3.5,High
2026-01-12 13:30:00,57.17,100000,36.98,45.57,3.41,High
2026-01-12 13:35:00,57.04,100000,35.54,43.45,3.28,High
2026-01-12 13:40:00,56.82,100000,35.27,43.87,3.2,High
2026-01-12 13:45:00,56.63,100000,36.63,41.33,3.5,High
2026-01-12 13:50:00,56.43,100000,36.39,45.76,3.29,High
2026-01-12 13:55:00,56.3,100000,35.57,44.97,3.19,High
2026-01-12 14:00:00,55.99,97443,35.17,46.85,3.02,High
2026-01-12 14:05:00,55.74,100000,36.81,41.07,3.5,High
2026-01-12 14:10:00,55.43,98746,36.65,45.98,3.33,High
2026-01-12 14:15:00,55.22,93294,35.0,48.85,2.88,High
2026-01-12 14:20:00,55.09,95371,36.33,43.09,3.44,High
2026-01-12 14:25:00,54.93,90120,35.58,47.32,3.06,High
2026-01-12 14:30:00,54.72,90500,35.14,44.4,3.15,High
2026-01-12 14:35:00,54.41,87736,35.17,44.19,3.17,High
2026-01-12 14:40:00,54.15,90851,35.44,48.74,2.95,High
2026-01-12 14:45:00,53.89,84677,35.45,45.06,3.17,High
2026-01-12 14:50:00,53.61,82915,35.82,46.74,3.13,High
2026-01-12 14:55:00,53.31,80336,35.77,46.11,3.16,High
2026-01-12 15:00:00,53.05,82534,34.77,49.77,2.79,High
2026-01-12 15:05:00,52.85,78243,35.02,44.99,3.1,High
2026-01-12 15:10:00,52.55,77960,35.05,46.63,3.01,High
2026-01-12 15:15:00,52.29,76069,34.73,47.05,2.93,High
2026-01-12 15:20:00,51.97,74401,33.96,49.13,2.7,High
2026-01-12 15:25:00,51.83,69866,34.54,49.59,2.76,High
2026-01-12 15:30:00,51.76,69454,34.22,52.06,2.58,High
2026-01-12 15:35:00,51.64,65826,33.24,54.1,2.34,High
2026-01-12 15:40:00,51.49,66196,33.49,52.05,2.48,High
2026-01-12 15:45:00,51.42,66400,33.13,54.69,2.3,High
2026-01-12 15:50:00,51.28,62585,32.98,53.61,2.33,High
2026-01-12 15:55:00,51.14,62522,33.3,53.17,2.4,High
2026-01-12 16:00:00,50.99,59440,32.79,54.86,2.24,High
2026-01-12 16:05:00,50.9,55431,32.94,52.7,2.37,High
2026-01-12 16:10:00,50.78,55754,32.79,54.01,2.29,High
2026-01-12 16:15:00,50.64,50798,33.11,50.79,2.49,High
2026-01-12 16:20:00,50.5,51222,32.13,54.25,2.19,High
2026-01-12 16:25:00,50.41,45422,31.66,54.63,2.12,Medium
2026-01-12 16:30:00,50.32,44851,31.27,55.79,2.02,Medium
2026-01-12 16:35:00,50.21,39810,32.69,49.82,2.48,High
2026-01-12 16:40:00,50.18,36979,31.75,52.85,2.21,Medium
2026-01-12 16:45:00,50.07,35416,32.47,52.75,2.31,High
2026-01-12 16:50:00,50.04,32160,31.49,57.46,1.97,Medium
2026-01-12 16:55:00,49.97,29906,30.3,56.42,1.88,Medium
2026-01-12 17:00:00,49.92,28284,30.21,61.22,1.67,Medium
2026-01-12 17:05:00,49.88,26751,30.62,58.77,1.81,Medium
2026-01-12 17:10:00,49.82,23141,30.51,57.41,1.86,Medium
2026-01-12 17:15:00,49.76,23124,30.52,55.06,1.96,Medium
2026-01-12 17:20:00,49.7,18887,29.45,57.45,1.75,Medium
2026-01-12 17:25:00,49.66,16796,30.94,57.07,1.92,Medium
2026-01-12 17:30:00,49.58,15731,30.42,57.14,1.86,Medium
2026-01-12 17:35:00,49.53,9683,29.85,56.57,1.83,Medium
2026-01-12 17:40:00,49.5,9872,30.51,58.09,1.83,Medium
2026-01-12 17:45:00,49.44,8815,29.97,61.6,1.63,Medium
2026-01-12 17:50:00,49.41,3464,29.85,62.26,1.59,Medium
2026-01-12 17:55:00,49.37,4171,28.79,63.9,1.43,Medium
2026-01-12 18:00:00,49.3,0,28.82,59.48,1.61,Medium
2026-01-12 18:05:00,49.24,2613,29.39,60.08,1.64,Medium
2026-01-12 18:10:00,49.17,1182,28.58,61.6,1.5,Medium
2026-01-12 18:15:00,49.1,0,28.78,62.31,1.49,Medium
2026-01-12 18:20:00,49.06,2413,28.28,61.7,1.47,Medium
2026-01-12 18:25:00,49.03,0,27.71,61.93,1.42,Medium
2026-01-12 18:30:00,49.0,0,28.63,62.07,1.49,Medium
2026-01-12 18:35:00,48.93,1840,28.33,65.26,1.34,Medium
2026-01-12 18:40:00,48.86,0,26.7,65.63,1.2,Low
2026-01-12 18:45:00,48.8,0,28.13,62.97,1.41,Medium
2026-01-12 18:50:00,48.73,0,28.09,61.22,1.47,Medium
2026-01-12 18:55:00,48.68,376,27.99,63.25,1.39,Medium
2026-01-12 19:00:00,48.62,0,27.33,65.3,1.26,Medium
2026-01-12 19:05:00,48.57,0,27.03,65.67,1.23,Medium
2026-01-12 19:10:00,48.53,0,26.71,63.96,1.26,Medium
2026-01-12 19:15:00,48.45,0,27.33,64.56,1.29,Medium
2026-01-12 19:20:00,48.42,2253,27.08,63.45,1.31,Medium
2026-01-12 19:25:00,48.34,987,26.24,67.32,1.11,Low
2026-01-12 19:30:00,48.27,0,25.69,66.33,1.11,Low
2026-01-12 19:35:00,48.23,0,25.15,70.52,0.94,Low
2026-01-12 19:40:00,48.2,0,24.91,71.91,0.89,Low
2026-01-12 19:45:00,48.13,1728,24.58,69.14,0.95,Low
2026-01-12 19:50:00,48.09,0,25.48,71.68,0.92,Low
2026-01-12 19:55:00,48.06,2163,25.99,70.02,1.01,Low
2026-01-12 20:00:00,48.01,0,24.95,68.21,1.0,Low
2026-01-12 20:05:00,47.97,248,25.12,72.06,0.89,Low
2026-01-12 20:10:00,47.94,59,23.96,75.07,0.74,Low
2026-01-12 20:15:00,47.89,2924,24.58,71.86,0.87,Low
2026-01-12 20:20:00,47.85,2038,24.92,69.86,0.95,Low
2026-01-12 20:25:00,47.78,0,23.79,72.86,0.8,Low
2026-01-12 20:30:00,47.7,0,24.69,72.24,0.86,Low
2026-01-12 20:35:00,47.63,638,23.77,75.52,0.72,Low
2026-01-12 20:40:00,47.56,689,23.11,76.58,0.66,Low
2026-01-12 20:45:00,47.5,1532,24.02,70.7,0.88,Low
2026-01-12 20:50:00,47.47,1638,23.17,74.3,0.73,Low
2026-01-12 20:55:00,47.43,0,22.6,78.37,0.59,Low
2026-01-12 21:00:00,47.38,0,23.63,73.02,0.79,Low
2026-01-12 21:05:00,47.32,2502,23.83,72.0,0.83,Low
2026-01-12 21:10:00,47.27,0,22.76,78.35,0.6,Low
2026-01-12 21:15:00,47.2,2226,22.76,76.79,0.64,Low
2026-01-12 21:20:00,47.14,631,23.72,74.41,0.75,Low
2026-01-12 21:25:00,47.09,0,22.7,75.73,0.67,Low
2026-01-12 21:30:00,47.05,788,22.69,74.33,0.71,Low
2026-01-12 21:35:00,47.01,0,22.09,77.27,0.6,Low
2026-01-12 21:40:00,46.96,2443,23.26,74.9,0.72,Low
2026-01-12 21:45:00,46.91,1954,21.96,77.6,0.59,Medium
2026-01-12 21:50:00,46.84,0,21.78,78.86,0.55,Medium
2026-01-12 21:55:00,46.79,0,22.94,76.85,0.65,Low
2026-01-12 22:00:00,46.75,0,22.45,76.63,0.63,Low
2026-01-12 22:05:00,46.68,490,22.58,74.1,0.71,Low
2026-01-12 22:10:00,46.61,831,22.66,74.13,0.71,Low
2026-01-12 22:15:00,46.56,0,22.49,77.17,0.62,Low
2026-01-12 22:20:00,46.5,0,21.24,77.77,0.56,Medium
2026-01-12 22:25:00,46.46,0,21.75,78.61,0.56,Medium
2026-01-12 22:30:00,46.43,1878,22.54,79.06,0.57,Low
2026-01-12 22:35:00,46.37,2604,20.92,82.45,0.43,Medium
2026-01-12 22:40:00,46.32,501,22.46,74.99,0.68,Low
2026-01-12 22:45:00,46.24,0,20.82,79.67,0.5,Medium
2026-01-12 22:50:00,46.2,0,21.56,77.73,0.57,Medium
2026-01-12 22:55:00,46.17,0,20.68,82.24,0.43,Medium
2026-01-12 23:00:00,46.12,0,21.97,77.77,0.59,Medium
2026-01-12 23:05:00,46.08,2554,21.8,78.99,0.55,Medium
2026-01-12 23:10:00,46.04,399,21.97,74.52,0.67,Medium
2026-01-12 23:15:00,46.0,0,21.4,78.35,0.55,Medium
2026-01-12 23:20:00,45.94,423,21.36,77.48,0.57,Medium
2026-01-12 23:25:00,45.89,0,21.77,78.24,0.57,Medium
2026-01-12 23:30:00,45.85,1834,20.51,82.78,0.42,Medium
2026-01-12 23:35:00,45.79,2726,21.28,76.6,0.59,Medium
2026-01-12 23:40:00,45.75,0,21.99,77.35,0.6,Medium
2026-01-12 23:45:00,45.71,0,21.71,77.83,0.58,Medium
2026-01-12 23:50:00,45.67,0,20.35,78.83,0.51,Medium
2026-01-12 23:55:00,45.62,477,20.62,81.17,0.46,Medium
2026-01-13 00:00:00,77.07,1274,15.16,95.0,0.09,Low
2026-01-13 00:05:00,77.02,0,16.23,95.0,0.09,Low
2026-01-13 00:10:00,76.98,1737,15.99,95.0,0.09,Low
2026-01-13 00:15:00,76.93,2029,16.25,95.0,0.09,Low
2026-01-13 00:20:00,76.86,1193,16.23,95.0,0.09,Low
2026-01-13 00:25:00,76.81,0,15.68,95.0,0.09,Low
2026-01-13 00:30:00,76.74,0,16.27,95.0,0.09,Low
2026-01-13 00:35:00,76.69,0,16.49,95.0,0.09,Low
2026-01-13 00:40:00,76.61,0,15.88,95.0,0.09,Low
2026-01-13 00:45:00,76.53,0,15.66,95.0,0.09,Low
2026-01-13 00:50:00,76.47,2121,15.53,95.0,0.09,Low
2026-01-13 00:55:00,76.41,2874,16.92,95.0,0.1,Low
2026-01-13 01:00:00,76.37,0,17.1,95.0,0.1,Low
2026-01-13 01:05:00,76.3,0,17.18,95.0,0.1,Low
2026-01-13 01:10:00,76.24,0,17.2,95.0,0.1,Low
2026-01-13 01:15:00,76.17,0,15.61,95.0,0.09,Low
2026-01-13 01:20:00,76.1,0,17.37,95.0,0.1,Low
2026-01-13 01:25:00,76.03,1846,16.02,95.0,0.09,Low
2026-01-13 01:30:00,76.0,1903,15.81,95.0,0.09,Low
2026-01-13 01:35:00,75.92,1339,17.2,95.0,0.1,Low
2026-01-13 01:40:00,75.86,2132,15.77,95.0,0.09,Low
2026-01-13 01:45:00,75.83,0,16.83,95.0,0.1,Low
2026-01-13 01:50:00,75.77,2170,16.17,95.0,0.09,Low
2026-01-13 01:55:00,75.73,0,16.48,95.0,0.09,Low
2026-01-13 02:00:00,75.7,0,17.58,95.0,0.1,Low
2026-01-13 02:05:00,75.64,1065,17.76,95.0,0.1,Low
2026-01-13 02:10:00,75.59,2772,17.3,95.0,0.1,Low
2026-01-13 02:15:00,75.54,1496,17.78,95.0,0.1,Low
2026-01-13 02:20:00,75.5,0,17.45,95.0,0.1,Low
2026-01-13 02:25:00,75.45,0,17.28,95.0,0.1,Low
2026-01-13 02:30:00,75.42,0,17.4,95.0,0.1,Low
2026-01-13 02:35:00,75.35,0,18.04,95.0,0.1,Low
2026-01-13 02:40:00,75.32,0,18.17,95.0,0.1,Low
2026-01-13 02:45:00,75.26,0,17.86,95.0,0.1,Low
2026-01-13 02:50:00,75.19,0,18.03,95.0,0.1,Low
2026-01-13 02:55:00,75.13,0,19.07,95.0,0.11,Low
2026-01-13 03:00:00,75.09,0,18.65,95.0,0.11,Low
2026-01-13 03:05:00,75.03,2603,18.42,95.0,0.11,Low
2026-01-13 03:10:00,74.95,2531,17.98,95.0,0.1,Low
2026-01-13 03:15:00,74.91,0,19.15,95.0,0.11,Low
2026-01-13 03:20:00,74.86,0,17.91,95.0,0.1,Low
2026-01-13 03:25:00,74.82,0,18.56,95.0,0.11,Low
2026-01-13 03:30:00,74.75,1581,19.1,95.0,0.11,Low
2026-01-13 03:35:00,74.68,0,19.4,95.0,0.11,Low
2026-01-13 03:40:00,74.63,0,19.73,95.0,0.11,Low
2026-01-13 03:45:00,74.58,0,20.39,95.0,0.12,Low
2026-01-13 03:50:00,74.52,2721,19.31,95.0,0.11,Low
2026-01-13 03:55:00,74.48,0,20.5,95.0,0.12,Low
2026-01-13 04:00:00,74.44,0,19.0,95.0,0.11,Low
2026-01-13 04:05:00,74.36,0,19.28,95.0,0.11,Low
2026-01-13 04:10:00,74.3,0,19.47,95.0,0.11,Low
2026-01-13 04:15:00,74.24,2734,21.16,95.0,0.13,Low
2026-01-13 04:20:00,74.19,0,21.25,95.0,0.13,Low
2026-01-13 04:25:00,74.12,538,21.45,95.0,0.13,Low
2026-01-13 04:30:00,74.07,1889,20.43,95.0,0.12,Low
2026-01-13 04:35:00,74.04,2836,20.7,95.0,0.12,Low
2026-01-13 04:40:00,73.98,0,21.87,95.0,0.13,Low
2026-01-13 04:45:00,73.94,2737,20.87,95.0,0.12,Low
2026-01-13 04:50:00,73.89,0,21.68,95.0,0.13,Low
2026-01-13 04:55:00,73.82,0,20.92,95.0,0.12,Low
2026-01-13 05:00:00,73.75,2335,21.56,95.0,0.13,Low
2026-01-13 05:05:00,73.71,0,22.04,95.0,0.13,Low
2026-01-13 05:10:00,73.65,0,23.03,95.0,0.14,Low
2026-01-13 05:15:00,73.61,0,23.14,93.45,0.19,Low
2026-01-13 05:20:00,73.58,0,22.27,92.29,0.21,Low
2026-01-13 05:25:00,73.54,242,21.8,95.0,0.13,Low
2026-01-13 05:30:00,73.51,887,23.57,94.74,0.15,Low
2026-01-13 05:35:00,73.45,2902,22.4,93.69,0.17,Low
2026-01-13 05:40:00,73.38,431,23.02,90.3,0.27,Low
2026-01-13 05:45:00,73.31,497,22.55,95.0,0.14,Low
2026-01-13 05:50:00,73.24,0,23.04,92.36,0.22,Low
2026-01-13 05:55:00,73.16,692,24.01,90.93,0.27,Low
2026-01-13 06:00:00,73.1,637,23.13,91.36,0.24,Low
2026-01-13 06:05:00,73.07,1838,23.37,93.39,0.19,Low
2026-01-13 06:10:00,73.02,3568,24.68,91.1,0.28,Low
2026-01-13 06:15:00,72.95,4831,24.11,89.95,0.3,Low
2026-01-13 06:20:00,72.91,3649,25.67,85.93,0.46,Low
2026-01-13 06:25:00,72.87,3464,24.18,90.91,0.27,Low
2026-01-13 06:30:00,72.8,5074,24.94,86.07,0.44,Low
2026-01-13 06:35:00,72.77,9678,25.38,87.25,0.41,Low
2026-01-13 06:40:00,72.69,9863,26.27,86.1,0.48,Low
2026-01-13 06:45:00,72.65,7932,25.51,85.27,0.48,Low
2026-01-13 06:50:00,72.61,14022,24.79,87.49,0.39,Low
2026-01-13 06:55:00,72.57,12457,26.22,86.95,0.44,Low
2026-01-13 07:00:00,72.52,17035,25.72,86.37,0.45,Low
2026-01-13 07:05:00,72.45,16589,26.37,82.39,0.61,Low
2026-01-13 07:10:00,72.41,16460,26.24,88.58,0.39,Low
2026-01-13 07:15:00,72.34,18302,26.05,88.82,0.38,Low
2026-01-13 07:20:00,72.27,20436,26.57,85.67,0.5,Low
2026-01-13 07:25:00,72.2,16950,26.65,84.61,0.54,Low
2026-01-13 07:30:00,72.14,20042,26.48,86.04,0.48,Low
2026-01-13 07:35:00,72.07,24488,27.28,86.21,0.5,Low
2026-01-13 07:40:00,72.02,25942,27.25,85.12,0.54,Low
2026-01-13 07:45:00,71.99,24558,27.63,83.98,0.59,Low
2026-01-13 07:50:00,71.94,26158,27.51,84.48,0.57,Low
2026-01-13 07:55:00,71.89,28939,28.71,80.63,0.76,Low
2026-01-13 08:00:00,71.83,27195,28.18,79.98,0.76,Low
2026-01-13 08:05:00,71.79,30958,27.61,81.02,0.7,Low
2026-01-13 08:10:00,71.74,32263,27.38,82.72,0.63,Low
2026-01-13 08:15:00,71.67,32370,29.36,77.11,0.94,Low
2026-01-13 08:20:00,71.6,31557,28.42,83.34,0.65,Low
2026-01-13 08:25:00,71.52,33123,28.34,78.12,0.84,Low
2026-01-13 08:30:00,71.48,32207,29.19,76.55,0.95,Low
2026-01-13 08:35:00,71.44,33397,29.13,79.27,0.84,Low
2026-01-13 08:40:00,71.41,36234,28.3,83.59,0.63,Low
2026-01-13 08:45:00,71.34,34813,29.77,78.47,0.9,Low
2026-01-13 08:50:00,71.31,35382,30.22,74.49,1.1,Low
2026-01-13 08:55:00,71.27,38287,29.15,79.24,0.84,Low
2026-01-13 09:00:00,71.22,41009,30.4,73.09,1.17,Low
2026-01-13 09:05:00,71.17,42396,30.37,78.95,0.91,Low
2026-01-13 09:10:00,71.1,42146,29.14,80.65,0.78,Low
2026-01-13 09:15:00,71.01,40020,30.35,73.69,1.14,Low
2026-01-13 09:20:00,70.93,40268,29.9,79.89,0.85,Low
2026-01-13 09:25:00,70.82,45710,30.48,77.5,0.98,Low
2026-01-13 09:30:00,70.77,43766,30.03,78.07,0.93,Low
2026-01-13 09:35:00,70.71,43462,30.97,73.82,1.17,Low
2026-01-13 09:40:00,70.66,45127,29.76,79.42,0.86,Low
2026-01-13 09:45:00,70.61,47371,30.93,76.35,1.06,Low
2026-01-13 09:50:00,70.54,47328,30.2,79.02,0.9,Low
2026-01-13 09:55:00,70.5,47875,30.61,73.78,1.15,Low
2026-01-13 10:00:00,70.4,46763,29.94,80.07,0.84,Low
2026-01-13 10:05:00,70.3,50245,30.84,77.87,0.99,Low
2026-01-13 10:10:00,70.26,49353,31.78,73.27,1.26,Low
2026-01-13 10:15:00,70.2,52304,31.16,75.68,1.1,Low
2026-01-13 10:20:00,70.14,51858,30.32,75.18,1.07,Low
2026-01-13 10:25:00,70.08,52494,30.91,72.24,1.24,Low
2026-01-13 10:30:00,70.03,49363,30.66,74.75,1.11,Low
2026-01-13 10:35:00,69.99,48706,31.28,74.24,1.18,Low
2026-01-13 10:40:00,69.93,48819,31.12,77.32,1.03,Low
2026-01-13 10:45:00,69.78,54669,32.31,72.29,1.34,Medium
2026-01-13 10:50:00,69.69,51039,30.82,74.12,1.15,Low
2026-01-13 10:55:00,69.63,54604,31.11,72.85,1.23,Medium
2026-01-13 11:00:00,69.54,53373,31.83,74.95,1.18,Low
2026-01-13 11:05:00,69.46,54566,31.93,71.35,1.36,Medium
2026-01-13 11:10:00,69.32,55210,32.6,68.26,1.56,Medium
2026-01-13 11:15:00,69.25,52557,32.16,69.34,1.47,Medium
2026-01-13 11:20:00,69.15,51805,32.06,72.14,1.33,Medium
2026-01-13 11:25:00,69.07,52945,31.99,72.97,1.28,Medium
2026-01-13 11:30:00,69.0,52539,31.1,75.37,1.11,Low
2026-01-13 11:35:00,68.87,51774,32.21,70.22,1.43,Medium
2026-01-13 11:40:00,77.37,56973,32.88,70.42,1.48,Low
2026-01-13 11:45:00,77.32,56650,31.53,75.14,1.15,Low
2026-01-13 11:50:00,77.27,53213,31.11,75.45,1.11,Low
2026-01-13 11:55:00,77.17,54414,31.69,73.67,1.23,Low
2026-01-13 12:00:00,77.11,57136,31.5,71.3,1.33,Low
2026-01-13 12:05:00,77.05,57853,31.99,71.85,1.34,Low
2026-01-13 12:10:00,77.01,53053,31.25,74.97,1.14,Low
2026-01-13 12:15:00,76.92,52123,31.25,77.12,1.04,Low
2026-01-13 12:20:00,76.77,52588,32.34,69.93,1.46,Low
2026-01-13 12:25:00,76.71,55976,32.26,73.79,1.26,Low
2026-01-13 12:30:00,76.62,52395,31.34,75.25,1.13,Low
2026-01-13 12:35:00,76.54,53826,31.56,74.38,1.19,Low
2026-01-13 12:40:00,76.47,54974,31.28,72.29,1.26,Low
2026-01-13 12:45:00,76.32,54917,32.56,71.05,1.42,Low
2026-01-13 12:50:00,76.23,53296,31.31,71.93,1.28,Low
2026-01-13 12:55:00,76.16,53569,32.27,70.01,1.45,Low
2026-01-13 13:00:00,76.09,51188,31.29,75.64,1.11,Low
2026-01-13 13:05:00,76.04,52529,30.81,73.95,1.16,Low
2026-01-13 13:10:00,75.96,54491,32.36,74.36,1.24,Low
2026-01-13 13:15:00,75.87,49882,31.45,75.35,1.14,Low
2026-01-13 13:20:00,75.8,51993,32.49,72.12,1.36,Low
2026-01-13 13:25:00,75.71,49789,31.2,71.84,1.28,Low
2026-01-13 13:30:00,75.61,50235,31.01,72.05,1.26,Low
2026-01-13 13:35:00,75.45,48854,32.12,70.59,1.41,Low
2026-01-13 13:40:00,75.35,50293,31.96,75.03,1.18,Low
2026-01-13 13:45:00,75.26,46348,32.13,74.85,1.2,Low
2026-01-13 13:50:00,75.21,49193,31.2,71.24,1.31,Low
2026-01-13 13:55:00,75.12,49804,30.63,74.07,1.14,Low
2026-01-13 14:00:00,75.05,48650,31.19,77.04,1.04,Low
2026-01-13 14:05:00,74.99,47767,30.6,77.96,0.97,Low
2026-01-13 14:10:00,74.91,47940,30.46,76.13,1.04,Low
2026-01-13 14:15:00,74.82,46869,30.78,72.83,1.21,Low
2026-01-13 14:20:00,74.71,43283,31.29,73.52,1.21,Low
2026-01-13 14:25:00,74.67,47210,30.81,74.78,1.12,Low
2026-01-13 14:30:00,74.57,41215,29.78,76.04,1.0,Low
2026-01-13 14:35:00,74.47,43751,31.22,76.53,1.07,Low
2026-01-13 14:40:00,74.41,42803,30.98,72.32,1.24,Low
2026-01-13 14:45:00,74.34,43980,30.51,74.28,1.12,Low
2026-01-13 14:50:00,74.25,42094,29.23,80.14,0.81,Low
2026-01-13 14:55:00,74.2,41504,30.76,77.57,0.99,Low
2026-01-13 15:00:00,74.14,39344,29.12,76.03,0.97,Low
2026-01-13 15:05:00,74.07,38370,30.04,74.9,1.07,Low
2026-01-13 15:10:00,74.0,38161,29.55,76.19,0.98,Low
2026-01-13 15:15:00,73.96,34340,28.37,82.72,0.67,Low
2026-01-13 15:20:00,73.93,35050,28.26,81.7,0.7,Low
2026-01-13 15:25:00,73.86,33625,29.46,79.79,0.83,Low
2026-01-13 15:30:00,73.82,34609,28.73,81.91,0.71,Low
2026-01-13 15:35:00,73.75,29732,28.07,79.48,0.78,Low
2026-01-13 15:40:00,73.7,29491,27.76,79.6,0.76,Low
2026-01-13 15:45:00,73.63,28553,28.84,80.94,0.76,Low
2026-01-13 15:50:00,73.55,31956,28.36,81.32,0.72,Low
2026-01-13 15:55:00,73.49,28250,27.81,84.01,0.6,Low
2026-01-13 16:00:00,73.42,27194,27.43,80.94,0.7,Low
2026-01-13 16:05:00,73.35,27092,27.48,85.35,0.54,Low
2026-01-13 16:10:00,73.3,24169,27.09,85.34,0.53,Low
2026-01-13 16:15:00,73.27,26105,27.7,80.05,0.74,Low
2026-01-13 16:20:00,73.22,25387,27.45,83.23,0.61,Low
2026-01-13 16:25:00,73.18,24051,27.65,79.73,0.75,Low
2026-01-13 16:30:00,73.1,19490,27.66,79.69,0.75,Low
2026-01-13 16:35:00,73.05,20168,26.05,83.59,0.55,Low
2026-01-13 16:40:00,73.02,19104,26.26,87.57,0.42,Low
2026-01-13 16:45:00,72.95,15517,27.25,85.07,0.54,Low
2026-01-13 16:50:00,72.89,16192,25.7,86.42,0.45,Low
2026-01-13 16:55:00,72.81,15155,26.76,85.54,0.51,Low
2026-01-13 17:00:00,72.75,11304,25.14,85.35,0.47,Low
2026-01-13 17:05:00,72.68,10254,26.52,83.94,0.56,Low
2026-01-13 17:10:00,72.6,9399,25.9,84.57,0.52,Low
2026-01-13 17:15:00,72.53,10964,26.13,85.13,0.5,Low
2026-01-13 17:20:00,72.49,10866,25.6,90.05,0.33,Low
2026-01-13 17:25:00,72.44,8390,25.81,85.38,0.49,Low
2026-01-13 17:30:00,72.38,5066,25.14,89.2,0.35,Low
2026-01-13 17:35:00,72.31,7595,24.92,86.6,0.42,Low
2026-01-13 17:40:00,72.28,2048,24.94,87.91,0.38,Low
2026-01-13 17:45:00,72.24,4192,23.58,88.79,0.33,Low
2026-01-13 17:50:00,72.18,1448,24.04,89.88,0.3,Low
2026-01-13 17:55:00,72.14,1577,23.98,89.25,0.32,Low
2026-01-13 18:00:00,72.1,0,23.46,93.02,0.2,Low
2026-01-13 18:05:00,72.03,0,24.4,87.14,0.39,Low
2026-01-13 18:10:00,71.96,0,22.76,93.12,0.19,Low
2026-01-13 18:15:00,71.9,1719,23.71,88.56,0.34,Low
2026-01-13 18:20:00,71.86,2547,24.18,88.49,0.35,Low
2026-01-13 18:25:00,71.79,0,22.22,94.24,0.15,Low
2026-01-13 18:30:00,71.73,175,23.07,89.97,0.28,Low
2026-01-13 18:35:00,71.67,0,23.5,94.65,0.15,Low
2026-01-13 18:40:00,71.62,0,22.64,95.0,0.14,Low
2026-01-13 18:45:00,71.55,0,21.97,92.85,0.19,Low
2026-01-13 18:50:00,71.49,0,21.86,95.0,0.13,Low
2026-01-13 18:55:00,71.44,0,21.91,94.05,0.16,Low
2026-01-13 19:00:00,71.4,1351,21.67,95.0,0.13,Low
2026-01-13 19:05:00,71.33,0,22.32,95.0,0.13,Low
2026-01-13 19:10:00,71.26,0,22.56,93.24,0.18,Low
2026-01-13 19:15:00,71.22,0,22.16,94.45,0.15,Low
2026-01-13 19:20:00,71.14,1099,20.94,95.0,0.12,Low
2026-01-13 19:25:00,71.09,0,20.15,95.0,0.12,Low
2026-01-13 19:30:00,71.03,454,20.52,95.0,0.12,Low
2026-01-13 19:35:00,70.98,1384,21.32,95.0,0.13,Low
2026-01-13 19:40:00,70.9,2893,19.98,95.0,0.12,Low
2026-01-13 19:45:00,70.87,0,21.13,95.0,0.13,Low
2026-01-13 19:50:00,70.79,2117,19.42,95.0,0.11,Low
2026-01-13 19:55:00,70.75,0,20.68,95.0,0.12,Low
2026-01-13 20:00:00,70.71,0,20.42,95.0,0.12,Low
2026-01-13 20:05:00,70.64,599,19.04,95.0,0.11,Low
2026-01-13 20:10:00,70.58,638,19.79,95.0,0.12,Low
2026-01-13 20:15:00,70.54,0,18.95,95.0,0.11,Low
2026-01-13 20:20:00,70.46,2128,20.18,95.0,0.12,Low
2026-01-13 20:25:00,70.41,29,19.49,95.0,0.11,Low
2026-01-13 20:30:00,70.36,4,19.05,95.0,0.11,Low
2026-01-13 20:35:00,70.29,0,19.78,95.0,0.12,Low
2026-01-13 20:40:00,70.25,0,17.92,95.0,0.1,Low
2026-01-13 20:45:00,70.2,2545,18.92,95.0,0.11,Low
2026-01-13 20:50:00,70.12,0,19.0,95.0,0.11,Low
2026-01-13 20:55:00,70.06,0,18.92,95.0,0.11,Low
2026-01-13 21:00:00,70.03,1752,18.08,95.0,0.1,Low
2026-01-13 21:05:00,69.96,0,17.36,95.0,0.1,Medium
2026-01-13 21:10:00,69.91,0,18.18,95.0,0.1,Medium
2026-01-13 21:15:00,69.87,1539,18.16,95.0,0.1,Medium
2026-01-13 21:20:00,69.83,639,18.75,95.0,0.11,Medium
2026-01-13 21:25:00,69.76,0,17.43,95.0,0.1,Medium
2026-01-13 21:30:00,69.71,0,18.37,95.0,0.11,Medium
2026-01-13 21:35:00,69.66,782,18.21,95.0,0.1,Medium
2026-01-13 21:40:00,69.63,0,17.24,95.0,0.1,Medium
2026-01-13 21:45:00,69.6,0,16.58,95.0,0.09,Medium
2026-01-13 21:50:00,69.56,2941,16.64,95.0,0.09,Medium
2026-01-13 21:55:00,69.53,0,17.93,95.0,0.1,Medium
2026-01-13 22:00:00,69.49,0,16.98,95.0,0.1,Medium
2026-01-13 22:05:00,69.42,2384,16.42,95.0,0.09,Medium
2026-01-13 22:10:00,69.35,432,16.27,95.0,0.09,Medium
2026-01-13 22:15:00,69.27,2414,16.95,95.0,0.1,Medium
2026-01-13 22:20:00,69.22,2778,16.33,95.0,0.09,Medium
2026-01-13 22:25:00,69.18,2910,17.27,95.0,0.1,Medium
2026-01-13 22:30:00,69.12,2476,17.33,95.0,0.1,Medium
2026-01-13 22:35:00,69.08,870,15.97,95.0,0.09,Medium
2026-01-13 22:40:00,69.01,1146,16.22,95.0,0.09,Medium
2026-01-13 22:45:00,68.97,485,17.41,95.0,0.1,Medium
2026-01-13 22:50:00,68.92,1287,17.24,95.0,0.1,Medium
2026-01-13 22:55:00,68.85,587,16.13,95.0,0.09,Medium
2026-01-13 23:00:00,68.78,1848,16.52,95.0,0.09,Medium
2026-01-13 23:05:00,68.72,1556,16.51,95.0,0.09,Medium
2026-01-13 23:10:00,68.68,0,16.9,95.0,0.1,Medium
2026-01-13 23:15:00,68.65,820,16.31,95.0,0.09,Medium
2026-01-13 23:20:00,68.59,1633,15.71,95.0,0.09,Medium
2026-01-13 23:25:00,68.55,2719,16.81,95.0,0.1,Medium
2026-01-13 23:30:00,68.48,0,16.68,95.0,0.09,Medium
2026-01-13 23:35:00,68.42,2763,16.18,95.0,0.09,Medium
2026-01-13 23:40:00,68.37,0,16.15,95.0,0.09,Medium
2026-01-13 23:45:00,68.33,851,16.8,95.0,0.1,Medium
2026-01-13 23:50:00,68.28,0,17.0,95.0,0.1,Medium
2026-01-13 23:55:00,68.23,901,16.82,95.0,0.1,Medium
2026-01-14 00:00:00,80.56,0,16.64,95.0,0.09,Low
2026-01-14 00:05:00,80.51,2889,16.33,95.0,0.09,Low
2026-01-14 00:10:00,80.46,1827,15.07,95.0,0.09,Low
2026-01-14 00:15:00,80.42,0,16.11,95.0,0.09,Low
2026-01-14 00:20:00,80.34,0,16.18,95.0,0.09,Low
2026-01-14 00:25:00,80.27,1852,16.17,95.0,0.09,Low
2026-01-14 00:30:00,80.23,1843,16.6,95.0,0.09,Low
2026-01-14 00:35:00,80.18,2059,15.33,95.0,0.09,Low
2026-01-14 00:40:00,80.13,1638,16.3,95.0,0.09,Low
2026-01-14 00:45:00,89.74,1995,16.86,95.0,0.1,Low
2026-01-14 00:50:00,89.69,602,16.22,95.0,0.09,Low
2026-01-14 00:55:00,89.65,2877,15.46,95.0,0.09,Low
2026-01-14 01:00:00,89.58,671,15.66,95.0,0.09,Low
2026-01-14 01:05:00,89.52,0,17.21,95.0,0.1,Low
2026-01-14 01:10:00,89.48,0,16.63,95.0,0.09,Low
2026-01-14 01:15:00,89.42,777,15.78,95.0,0.09,Low
2026-01-14 01:20:00,89.38,0,16.3,95.0,0.09,Low
2026-01-14 01:25:00,89.34,0,15.58,95.0,0.09,Low
2026-01-14 01:30:00,89.29,0,17.04,95.0,0.1,Low
2026-01-14 01:35:00,89.23,577,17.02,95.0,0.1,Low
2026-01-14 01:40:00,89.16,1349,17.49,95.0,0.1,Low
2026-01-14 01:45:00,89.12,392,17.79,95.0,0.1,Low
2026-01-14 01:50:00,89.08,2619,15.95,95.0,0.09,Low
2026-01-14 01:55:00,89.04,0,16.38,95.0,0.09,Low
2026-01-14 02:00:00,88.97,2583,16.79,95.0,0.1,Low
2026-01-14 02:05:00,88.93,2563,17.1,95.0,0.1,Low
2026-01-14 02:10:00,88.89,1068,18.07,95.0,0.1,Low
2026-01-14 02:15:00,88.81,0,16.79,95.0,0.1,Low
2026-01-14 02:20:00,88.76,276,17.38,95.0,0.1,Low
2026-01-14 02:25:00,88.71,2348,17.44,95.0,0.1,Low
2026-01-14 02:30:00,88.68,0,18.11,95.0,0.1,Low
2026-01-14 02:35:00,88.63,0,17.35,95.0,0.1,Low
2026-01-14 02:40:00,88.56,0,16.98,95.0,0.1,Low
2026-01-14 02:45:00,88.49,2566,18.05,95.0,0.1,Low
2026-01-14 02:50:00,88.42,2491,18.13,95.0,0.1,Low
2026-01-14 02:55:00,88.35,2365,18.98,95.0,0.11,Low
2026-01-14 03:00:00,88.31,116,17.73,95.0,0.1,Low
2026-01-14 03:05:00,88.25,0,18.94,95.0,0.11,Low
2026-01-14 03:10:00,88.19,1958,18.45,95.0,0.11,Low
2026-01-14 03:15:00,88.15,0,19.42,95.0,0.11,Low
2026-01-14 03:20:00,88.12,1501,18.32,95.0,0.11,Low
2026-01-14 03:25:00,88.05,1315,19.17,95.0,0.11,Low
2026-01-14 03:30:00,87.98,1200,19.04,95.0,0.11,Low
2026-01-14 03:35:00,87.91,1679,19.08,95.0,0.11,Low
2026-01-14 03:40:00,87.83,243,18.42,95.0,0.11,Low
2026-01-14 03:45:00,87.75,0,19.81,95.0,0.12,Low
2026-01-14 03:50:00,87.67,0,20.02,95.0,0.12,Low
2026-01-14 03:55:00,87.64,0,20.22,95.0,0.12,Low
2026-01-14 04:00:00,87.59,0,20.87,95.0,0.12,Low
2026-01-14 04:05:00,87.53,565,20.07,95.0,0.12,Low
2026-01-14 04:10:00,87.49,0,19.84,95.0,0.12,Low
2026-01-14 04:15:00,87.46,0,19.49,95.0,0.11,Low
2026-01-14 04:20:00,87.4,630,19.69,95.0,0.11,Low
2026-01-14 04:25:00,87.34,589,21.73,95.0,0.13,Low
2026-01-14 04:30:00,87.27,2294,20.2,95.0,0.12,Low
2026-01-14 04:35:00,87.22,883,21.36,95.0,0.13,Low
2026-01-14 04:40:00,87.16,1861,21.18,95.0,0.13,Low
2026-01-14 04:45:00,87.11,0,21.14,95.0,0.13,Low
2026-01-14 04:50:00,87.07,1614,20.99,95.0,0.12,Low
2026-01-14 04:55:00,87.04,1681,21.31,95.0,0.13,Low
2026-01-14 05:00:00,86.99,0,22.88,93.58,0.18,Low
2026-01-14 05:05:00,86.93,2491,22.35,94.64,0.14,Low
2026-01-14 05:10:00,86.87,0,22.94,93.71,0.18,Low
2026-01-14 05:15:00,86.84,192,23.02,94.14,0.16,Low
2026-01-14 05:20:00,86.78,1754,22.98,92.37,0.21,Low
2026-01-14 05:25:00,86.73,2206,23.11,94.38,0.16,Low
2026-01-14 05:30:00,86.66,0,22.62,91.2,0.24,Low
2026-01-14 05:35:00,86.59,0,23.93,92.44,0.22,Low
2026-01-14 05:40:00,86.54,141,22.67,93.63,0.18,Low
2026-01-14 05:45:00,86.5,668,24.13,88.62,0.34,Low
2026-01-14 05:50:00,86.43,1436,24.02,92.84,0.21,Low
2026-01-14 05:55:00,86.35,2643,23.27,92.76,0.21,Low
2026-01-14 06:00:00,86.29,0,23.21,91.19,0.25,Low
2026-01-14 06:05:00,86.21,2768,23.55,93.17,0.2,Low
2026-01-14 06:10:00,86.17,1733,25.24,90.76,0.3,Low
2026-01-14 06:15:00,86.11,4764,23.97,89.94,0.3,Low
2026-01-14 06:20:00,86.08,6956,23.9,93.66,0.19,Low
2026-01-14 06:25:00,86.02,3141,24.61,90.27,0.3,Low
2026-01-14 06:30:00,85.98,7531,25.94,83.42,0.56,Low
2026-01-14 06:35:00,85.94,10315,25.58,85.52,0.47,Low
2026-01-14 06:40:00,85.88,10603,24.63,89.43,0.33,Low
2026-01-14 06:45:00,85.85,10617,24.79,88.9,0.35,Low
2026-01-14 06:50:00,85.81,12396,26.14,84.49,0.53,Low
2026-01-14 06:55:00,85.76,11918,25.32,86.71,0.43,Low
2026-01-14 07:00:00,85.71,11878,25.73,88.2,0.39,Low
2026-01-14 07:05:00,85.66,15245,26.87,86.27,0.49,Low
2026-01-14 07:10:00,85.58,18648,26.26,82.88,0.58,Low
2026-01-14 07:15:00,85.54,18861,27.26,84.15,0.57,Low
2026-01-14 07:20:00,85.49,16022,27.32,82.28,0.64,Low
2026-01-14 07:25:00,85.44,17666,27.8,82.62,0.65,Low
2026-01-14 07:30:00,85.39,18837,27.53,82.56,0.64,Low
2026-01-14 07:35:00,85.35,22311,27.91,83.94,0.6,Low
2026-01-14 07:40:00,85.28,22229,26.65,86.55,0.47,Low
2026-01-14 07:45:00,85.22,23272,26.66,86.33,0.48,Low
2026-01-14 07:50:00,85.18,25049,27.59,81.33,0.69,Low
2026-01-14 07:55:00,85.12,25478,27.52,84.14,0.58,Low
2026-01-14 08:00:00,85.05,28029,27.68,85.13,0.55,Low
2026-01-14 08:05:00,85.01,29214,28.58,78.34,0.85,Low
2026-01-14 08:10:00,84.96,32357,29.12,80.9,0.77,Low
2026-01-14 08:15:00,84.93,32662,27.72,84.55,0.57,Low
2026-01-14 08:20:00,84.89,29924,28.33,81.72,0.7,Low
2026-01-14 08:25:00,84.82,34786,27.99,83.92,0.61,Low
2026-01-14 08:30:00,84.77,30897,29.61,74.94,1.04,Low
2026-01-14 08:35:00,84.73,35223,28.42,80.98,0.74,Low
2026-01-14 08:40:00,84.68,37460,28.75,80.03,0.79,Low
2026-01-14 08:45:00,84.61,36207,30.26,76.39,1.02,Low
2026-01-14 08:50:00,84.56,36851,28.85,80.47,0.78,Low
2026-01-14 08:55:00,84.51,35931,29.82,74.46,1.07,Low
2026-01-14 09:00:00,84.47,36897,30.13,75.9,1.03,Low
2026-01-14 09:05:00,84.39,41562,29.83,75.43,1.03,Low
2026-01-14 09:10:00,84.35,38692,30.37,73.52,1.15,Low
2026-01-14 09:15:00,84.32,38393,30.7,74.23,1.14,Low
2026-01-14 09:20:00,84.28,39671,29.14,77.44,0.91,Low
2026-01-14 09:25:00,84.23,42672,30.67,72.59,1.21,Low
2026-01-14 09:30:00,84.14,41156,30.38,75.85,1.05,Low
2026-01-14 09:35:00,84.07,43279,30.41,77.53,0.98,Low
2026-01-14 09:40:00,83.97,44326,30.52,77.98,0.96,Low
2026-01-14 09:45:00,83.89,45796,30.89,76.61,1.04,Low
2026-01-14 09:50:00,83.83,46709,31.55,74.82,1.17,Low
2026-01-14 09:55:00,83.76,46657,30.2,74.26,1.1,Low
2026-01-14 10:00:00,83.67,45821,31.3,75.73,1.11,Low
2026-01-14 10:05:00,83.57,51019,31.32,76.69,1.07,Low
2026-01-14 10:10:00,83.49,49245,30.44,76.39,1.03,Low
2026-01-14 10:15:00,83.4,52060,31.94,73.94,1.23,Low
2026-01-14 10:20:00,83.33,50689,31.42,72.15,1.28,Low
2026-01-14 10:25:00,83.27,51262,30.66,76.71,1.03,Low
2026-01-14 10:30:00,83.18,49032,32.18,72.32,1.33,Low
2026-01-14 10:35:00,83.09,52128,31.43,75.12,1.15,Low
2026-01-14 10:40:00,82.97,50422,32.13,74.74,1.21,Low
2026-01-14 10:45:00,82.89,53945,31.08,76.16,1.08,Low
2026-01-14 10:50:00,82.8,52135,30.99,76.67,1.05,Low
2026-01-14 10:55:00,82.76,50848,31.05,72.0,1.26,Low
2026-01-14 11:00:00,82.65,52936,32.53,71.34,1.4,Low
2026-01-14 11:05:00,82.57,55796,31.75,71.93,1.32,Low
2026-01-14 11:10:00,82.43,52154,32.64,68.82,1.54,Low
2026-01-14 11:15:00,82.34,55702,31.04,73.98,1.17,Low
2026-01-14 11:20:00,82.29,52204,31.97,74.76,1.2,Low
2026-01-14 11:25:00,82.18,56998,32.12,74.43,1.22,Low
2026-01-14 11:30:00,82.05,53625,32.07,70.5,1.41,Low
2026-01-14 11:35:00,81.97,54759,31.7,71.21,1.35,Low
2026-01-14 11:40:00,81.86,56817,31.09,75.99,1.08,Low
2026-01-14 11:45:00,81.76,53551,31.39,72.62,1.26,Low
2026-01-14 11:50:00,81.7,57078,32.62,71.41,1.41,Low
2026-01-14 11:55:00,81.57,52964,32.67,69.12,1.52,Low
2026-01-14 12:00:00,81.45,52137,32.74,68.6,1.56,Low
2026-01-14 12:05:00,81.39,55508,32.46,70.44,1.44,Low
2026-01-14 12:10:00,81.34,55870,31.95,73.93,1.24,Low
2026-01-14 12:15:00,81.27,51911,31.38,73.33,1.22,Low
2026-01-14 12:20:00,81.2,52348,32.16,74.84,1.21,Low
2026-01-14 12:25:00,81.15,52583,31.25,72.36,1.26,Low
2026-01-14 12:30:00,81.03,54291,32.33,71.43,1.38,Low
2026-01-14 12:35:00,80.96,55836,32.12,69.66,1.45,Low
2026-01-14 12:40:00,80.87,52248,31.14,72.11,1.26,Low
2026-01-14 12:45:00,80.74,54913,32.29,74.28,1.24,Low
2026-01-14 12:50:00,80.7,54434,31.21,75.6,1.11,Low
2026-01-14 12:55:00,80.62,52447,31.63,73.46,1.24,Low
2026-01-14 13:00:00,80.55,54993,32.48,72.95,1.32,Low
2026-01-14 13:05:00,80.46,50405,31.24,72.84,1.24,Low
2026-01-14 13:10:00,80.42,50298,31.88,71.7,1.34,Low
2026-01-14 13:15:00,80.35,49981,32.54,69.88,1.48,Low
2026-01-14 13:20:00,80.24,52886,31.7,72.29,1.3,Low
2026-01-14 13:25:00,80.12,48656,32.14,73.54,1.27,Low
2026-01-14 13:30:00,80.07,51815,30.82,75.69,1.08,Low
2026-01-14 13:35:00,79.97,47444,31.32,71.56,1.3,Low
2026-01-14 13:40:00,79.91,49390,30.8,74.31,1.14,Low
2026-01-14 13:45:00,79.87,51872,30.79,73.46,1.18,Low
2026-01-14 13:50:00,79.77,50456,31.87,69.85,1.42,Low
2026-01-14 13:55:00,79.71,47390,30.86,73.0,1.2,Low
2026-01-14 14:00:00,79.63,48225,30.05,74.26,1.1,Low
2026-01-14 14:05:00,79.57,49191,30.7,72.52,1.21,Low
2026-01-14 14:10:00,79.51,47287,30.31,78.69,0.92,Low
2026-01-14 14:15:00,79.43,47697,31.38,74.93,1.15,Low
2026-01-14 14:20:00,79.39,43766,30.97,73.26,1.2,Low
2026-01-14 14:25:00,79.29,43787,31.27,74.06,1.18,Low
2026-01-14 14:30:00,79.24,45992,30.08,75.66,1.04,Low
2026-01-14 14:35:00,79.18,45881,30.59,74.87,1.1,Low
2026-01-14 14:40:00,79.08,42009,29.62,75.51,1.02,Low
2026-01-14 14:45:00,79.02,39014,29.88,77.6,0.94,Low
2026-01-14 14:50:00,78.94,37782,29.93,74.33,1.08,Low
2026-01-14 14:55:00,78.87,37332,29.89,76.65,0.98,Low
2026-01-14 15:00:00,78.82,38988,28.98,79.61,0.82,Low
2026-01-14 15:05:00,78.78,37719,29.87,75.18,1.05,Low
2026-01-14 15:10:00,78.74,38383,30.35,75.97,1.04,Low
2026-01-14 15:15:00,78.7,34743,29.18,78.66,0.86,Low
2026-01-14 15:20:00,78.65,37574,28.24,80.22,0.76,Low
2026-01-14 15:25:00,78.58,36231,28.61,78.25,0.85,Low
2026-01-14 15:30:00,78.52,31572,29.0,79.49,0.82,Low
2026-01-14 15:35:00,78.49,32098,28.58,78.78,0.83,Low
2026-01-14 15:40:00,78.42,29740,27.6,83.55,0.61,Low
2026-01-14 15:45:00,78.37,32491,28.25,83.54,0.63,Low
2026-01-14 15:50:00,78.33,28913,28.17,83.14,0.64,Low
2026-01-14 15:55:00,78.28,30516,28.2,82.34,0.68,Low
2026-01-14 16:00:00,78.23,26917,28.96,78.95,0.84,Low
2026-01-14 16:05:00,78.2,27984,28.03,83.31,0.63,Low
2026-01-14 16:10:00,78.17,23142,28.03,80.05,0.76,Low
2026-01-14 16:15:00,78.14,24589,27.71,84.92,0.56,Low
2026-01-14 16:20:00,84.84,25391,27.9,82.63,0.65,Low
2026-01-14 16:25:00,84.81,19545,28.22,82.81,0.66,Low
2026-01-14 16:30:00,84.74,22894,27.07,82.54,0.63,Low
2026-01-14 16:35:00,84.66,19304,27.76,82.79,0.64,Low
2026-01-14 16:40:00,84.59,17003,27.03,84.37,0.56,Low
2026-01-14 16:45:00,84.54,18018,26.34,84.18,0.54,Low
2026-01-14 16:50:00,84.51,14836,25.6,85.83,0.47,Low
2026-01-14 16:55:00,84.46,13790,25.77,84.77,0.5,Low
2026-01-14 17:00:00,84.4,17037,26.54,85.97,0.49,Low
2026-01-14 17:05:00,84.37,16046,26.73,84.21,0.55,Low
2026-01-14 17:10:00,84.29,9895,26.55,84.51,0.54,Low
2026-01-14 17:15:00,84.22,10533,24.61,89.48,0.33,Low
2026-01-14 17:20:00,84.18,7084,24.73,86.45,0.42,Low
2026-01-14 17:25:00,84.15,10186,24.27,90.94,0.27,Low
2026-01-14 17:30:00,84.11,9841,25.92,88.19,0.4,Low
2026-01-14 17:35:00,84.03,6417,25.37,88.22,0.38,Low
2026-01-14 17:40:00,83.95,2673,24.59,87.1,0.4,Low
2026-01-14 17:45:00,83.88,3822,24.99,89.29,0.34,Low
2026-01-14 17:50:00,83.8,4290,24.37,92.07,0.24,Low
2026-01-14 17:55:00,83.73,24,24.96,86.41,0.43,Low
2026-01-14 18:00:00,83.65,0,24.76,89.13,0.34,Low
2026-01-14 18:05:00,83.62,41,23.71,91.1,0.26,Low
2026-01-14 18:10:00,83.57,0,24.27,87.45,0.38,Low
2026-01-14 18:15:00,83.52,2055,22.66,95.0,0.14,Low
2026-01-14 18:20:00,83.49,0,23.49,92.85,0.21,Low
2026-01-14 18:25:00,83.42,1046,23.91,91.55,0.25,Low
2026-01-14 18:30:00,83.35,2422,22.8,91.46,0.24,Low
2026-01-14 18:35:00,83.29,1021,23.67,93.65,0.19,Low
2026-01-14 18:40:00,83.24,0,21.7,95.0,0.13,Low
2026-01-14 18:45:00,83.21,0,23.02,92.18,0.22,Low
2026-01-14 18:50:00,83.14,0,22.55,92.83,0.2,Low
2026-01-14 18:55:00,83.1,0,22.21,94.17,0.16,Low
2026-01-14 19:00:00,83.04,2153,22.09,95.0,0.13,Low
2026-01-14 19:05:00,82.97,2308,22.04,95.0,0.13,Low
2026-01-14 19:10:00,82.93,0,21.81,94.32,0.15,Low
2026-01-14 19:15:00,82.9,0,20.48,95.0,0.12,Low
2026-01-14 19:20:00,82.82,0,21.39,94.67,0.14,Low
2026-01-14 19:25:00,82.76,1953,21.62,95.0,0.13,Low
2026-01-14 19:30:00,82.72,443,20.94,95.0,0.12,Low
2026-01-14 19:35:00,82.65,10,20.84,95.0,0.12,Low
2026-01-14 19:40:00,82.58,0,20.14,95.0,0.12,Low
2026-01-14 19:45:00,82.55,0,20.61,95.0,0.12,Low
2026-01-14 19:50:00,82.48,1978,19.73,95.0,0.12,Low
2026-01-14 19:55:00,82.41,1532,19.87,95.0,0.12,Low
2026-01-14 20:00:00,82.37,1288,20.75,95.0,0.12,Low
2026-01-14 20:05:00,82.33,0,20.64,95.0,0.12,Low
2026-01-14 20:10:00,82.26,0,19.81,95.0,0.12,Low
2026-01-14 20:15:00,82.22,2438,18.89,95.0,0.11,Low
2026-01-14 20:20:00,82.19,0,18.66,95.0,0.11,Low
2026-01-14 20:25:00,82.14,0,18.85,95.0,0.11,Low
2026-01-14 20:30:00,82.07,0,19.64,95.0,0.11,Low
2026-01-14 20:35:00,82.0,0,18.25,95.0,0.1,Low
2026-01-14 20:40:00,81.93,2738,18.95,95.0,0.11,Low
2026-01-14 20:45:00,81.88,0,18.83,95.0,0.11,Low
2026-01-14 20:50:00,81.82,1723,19.59,95.0,0.11,Low
2026-01-14 20:55:00,81.76,2683,18.72,95.0,0.11,Low
2026-01-14 21:00:00,81.71,0,18.95,95.0,0.11,Low
2026-01-14 21:05:00,81.67,2581,18.1,95.0,0.1,Low
2026-01-14 21:10:00,81.62,0,17.28,95.0,0.1,Low
2026-01-14 21:15:00,81.56,682,17.21,95.0,0.1,Low
2026-01-14 21:20:00,81.49,0,18.25,95.0,0.1,Low
2026-01-14 21:25:00,81.46,0,18.15,95.0,0.1,Low
2026-01-14 21:30:00,81.39,1995,16.78,95.0,0.1,Low
2026-01-14 21:35:00,81.32,0,16.96,95.0,0.1,Low
2026-01-14 21:40:00,81.29,0,17.48,95.0,0.1,Low
2026-01-14 21:45:00,81.25,564,16.45,95.0,0.09,Low
2026-01-14 21:50:00,81.2,482,17.31,95.0,0.1,Low
2026-01-14 21:55:00,81.13,2191,16.91,95.0,0.1,Low
2026-01-14 22:00:00,81.07,0,16.94,95.0,0.1,Low
2026-01-14 22:05:00,81.01,1743,16.01,95.0,0.09,Low
2026-01-14 22:10:00,80.96,0,17.42,95.0,0.1,Low
2026-01-14 22:15:00,80.89,0,16.44,95.0,0.09,Low
2026-01-14 22:20:00,80.84,0,15.81,95.0,0.09,Low
2026-01-14 22:25:00,80.8,1699,17.43,95.0,0.1,Low
2026-01-14 22:30:00,80.75,0,17.01,95.0,0.1,Low
2026-01-14 22:35:00,80.69,0,16.0,95.0,0.09,Low
2026-01-14 22:40:00,80.61,0,15.86,95.0,0.09,Low
2026-01-14 22:45:00,80.56,2288,16.28,95.0,0.09,Low
2026-01-14 22:50:00,80.52,679,16.9,95.0,0.1,Low
2026-01-14 22:55:00,80.44,0,16.74,95.0,0.1,Low
2026-01-14 23:00:00,80.39,200,17.19,95.0,0.1,Low
2026-01-14 23:05:00,80.34,2876,16.75,95.0,0.1,Low
2026-01-14 23:10:00,80.3,1265,15.98,95.0,0.09,Low
2026-01-14 23:15:00,80.25,573,15.5,95.0,0.09,Low
2026-01-14 23:20:00,80.17,1811,15.15,95.0,0.09,Low
2026-01-14 23:25:00,80.14,0,15.62,95.0,0.09,Low
2026-01-14 23:30:00,80.1,0,16.91,95.0,0.1,Low
2026-01-14 23:35:00,80.04,0,16.0,95.0,0.09,Low
2026-01-14 23:40:00,79.96,0,16.54,95.0,0.09,Low
2026-01-14 23:45:00,79.91,0,15.75,95.0,0.09,Low
2026-01-14 23:50:00,79.84,1507,16.12,95.0,0.09,Low
2026-01-14 23:55:00,79.77,2700,16.51,95.0,0.09,Low
2026-01-15 00:00:00,78.02,0,19.3,89.47,0.24,Low
2026-01-15 00:05:00,77.98,0,19.76,93.21,0.16,Low
2026-01-15 00:10:00,77.92,0,19.43,92.92,0.16,Low
2026-01-15 00:15:00,77.86,2862,19.49,92.27,0.18,Low
2026-01-15 00:20:00,77.79,0,19.66,90.41,0.22,Low
2026-01-15 00:25:00,77.72,0,19.58,89.74,0.23,Low
2026-01-15 00:30:00,77.65,0,19.55,88.21,0.27,Low
2026-01-15 00:35:00,77.62,0,19.2,89.85,0.23,Low
2026-01-15 00:40:00,77.58,1285,19.07,93.07,0.15,Low
2026-01-15 00:45:00,77.54,640,19.85,89.67,0.24,Low
2026-01-15 00:50:00,77.51,0,18.27,94.78,0.11,Low
2026-01-15 00:55:00,77.44,1756,19.45,89.65,0.23,Low
2026-01-15 01:00:00,77.4,0,19.28,92.4,0.17,Low
2026-01-15 01:05:00,77.33,2286,20.02,87.04,0.3,Low
2026-01-15 01:10:00,77.27,1727,20.1,91.22,0.21,Low
2026-01-15 01:15:00,77.23,0,19.85,90.18,0.23,Low
2026-01-15 01:20:00,77.19,2055,20.29,88.4,0.28,Low
2026-01-15 01:25:00,77.15,2500,19.05,94.91,0.11,Low
2026-01-15 01:30:00,77.09,1955,19.46,89.49,0.24,Low
2026-01-15 01:35:00,77.05,0,19.4,91.99,0.18,Low
2026-01-15 01:40:00,76.99,314,20.16,86.73,0.31,Low
2026-01-15 01:45:00,76.94,1802,20.34,90.24,0.23,Low
2026-01-15 01:50:00,76.89,0,20.1,89.52,0.25,Low
2026-01-15 01:55:00,76.82,2244,20.31,90.7,0.22,Low
2026-01-15 02:00:00,76.76,0,20.21,90.04,0.24,Low
2026-01-15 02:05:00,76.73,2320,19.47,92.36,0.17,Low
2026-01-15 02:10:00,76.69,0,21.24,87.62,0.31,Low
2026-01-15 02:15:00,76.66,0,20.31,88.99,0.26,Low
2026-01-15 02:20:00,76.59,0,20.2,87.08,0.31,Low
2026-01-15 02:25:00,76.55,1486,20.74,87.57,0.3,Low
2026-01-15 02:30:00,76.49,2427,20.19,91.56,0.2,Low
2026-01-15 02:35:00,76.43,0,20.95,86.24,0.34,Low
2026-01-15 02:40:00,76.36,2854,20.08,92.73,0.17,Low
2026-01-15 02:45:00,76.29,0,20.99,89.64,0.26,Low
2026-01-15 02:50:00,76.23,2900,21.23,87.26,0.32,Low
2026-01-15 02:55:00,76.19,468,20.32,91.81,0.2,Low
2026-01-15 03:00:00,76.15,1897,20.59,85.74,0.35,Low
2026-01-15 03:05:00,76.1,0,22.25,85.98,0.38,Low
2026-01-15 03:10:00,76.05,0,21.46,89.09,0.28,Low
2026-01-15 03:15:00,75.98,1028,21.99,85.78,0.38,Low
2026-01-15 03:20:00,75.94,0,21.82,82.88,0.45,Low
2026-01-15 03:25:00,75.9,0,21.58,88.14,0.31,Low
2026-01-15 03:30:00,75.82,0,22.96,83.5,0.46,Low
2026-01-15 03:35:00,75.77,846,22.57,81.6,0.5,Low
2026-01-15 03:40:00,75.7,0,21.51,86.06,0.36,Low
2026-01-15 03:45:00,75.65,849,23.27,80.65,0.55,Low
2026-01-15 03:50:00,75.58,532,23.43,84.09,0.46,Low
2026-01-15 03:55:00,75.55,0,21.92,87.22,0.34,Low
2026-01-15 04:00:00,75.5,0,23.67,79.65,0.6,Low
2026-01-15 04:05:00,75.44,2660,23.78,84.01,0.47,Low
2026-01-15 04:10:00,75.38,0,23.18,79.8,0.57,Low
2026-01-15 04:15:00,75.33,2834,23.33,83.34,0.48,Low
2026-01-15 04:20:00,75.25,0,22.8,84.44,0.43,Low
2026-01-15 04:25:00,75.18,0,23.38,79.78,0.58,Low
2026-01-15 04:30:00,75.11,0,24.92,77.37,0.71,Low
2026-01-15 04:35:00,75.03,0,24.18,81.06,0.57,Low
2026-01-15 04:40:00,74.98,1634,24.45,79.59,0.63,Low
2026-01-15 04:45:00,74.93,1638,23.46,83.61,0.47,Low
2026-01-15 04:50:00,74.87,0,24.69,77.06,0.71,Low
2026-01-15 04:55:00,74.81,730,24.9,76.69,0.73,Low
2026-01-15 05:00:00,74.75,167,25.5,77.59,0.73,Low
2026-01-15 05:05:00,74.7,811,25.14,75.89,0.77,Low
2026-01-15 05:10:00,74.66,845,25.63,78.73,0.7,Low
2026-01-15 05:15:00,74.61,1817,24.5,79.22,0.64,Low
2026-01-15 05:20:00,74.58,416,26.3,77.89,0.76,Low
2026-01-15 05:25:00,74.55,0,25.97,78.92,0.71,Low
2026-01-15 05:30:00,74.47,1584,26.72,73.7,0.92,Low
2026-01-15 05:35:00,74.43,463,26.39,77.29,0.78,Low
2026-01-15 05:40:00,74.4,2866,25.33,78.06,0.71,Low
2026-01-15 05:45:00,74.37,2383,27.36,72.27,1.01,Low
2026-01-15 05:50:00,74.32,0,25.8,75.68,0.81,Low
2026-01-15 05:55:00,74.26,0,27.74,71.94,1.04,Low
2026-01-15 06:00:00,74.2,0,27.34,71.89,1.02,Low
2026-01-15 06:05:00,74.12,0,27.74,73.23,1.0,Low
2026-01-15 06:10:00,74.06,3043,27.45,73.51,0.97,Low
2026-01-15 06:15:00,74.03,6154,28.4,68.73,1.21,Low
2026-01-15 06:20:00,73.98,7721,28.58,70.78,1.14,Low
2026-01-15 06:25:00,73.93,13176,28.49,72.95,1.05,Low
2026-01-15 06:30:00,73.86,11651,28.51,68.23,1.24,Low
2026-01-15 06:35:00,73.79,13974,27.91,71.72,1.06,Low
2026-01-15 06:40:00,73.72,19041,28.03,69.3,1.16,Low
2026-01-15 06:45:00,73.65,21576,27.84,71.16,1.08,Low
2026-01-15 06:50:00,73.61,18752,29.15,70.36,1.2,Low
2026-01-15 06:55:00,73.56,26320,28.7,72.38,1.09,Low
2026-01-15 07:00:00,73.52,25638,29.97,65.33,1.47,Low
2026-01-15 07:05:00,73.49,27802,29.93,65.22,1.47,Low
2026-01-15 07:10:00,73.42,29039,29.53,69.42,1.26,Low
2026-01-15 07:15:00,73.34,29677,28.58,70.38,1.16,Low
2026-01-15 07:20:00,73.27,32298,30.37,67.28,1.42,Low
2026-01-15 07:25:00,73.22,34061,29.38,67.94,1.31,Low
2026-01-15 07:30:00,73.16,40813,30.93,66.63,1.49,Low
2026-01-15 07:35:00,73.1,37628,30.18,65.68,1.47,Low
2026-01-15 07:40:00,73.03,44954,30.78,62.76,1.65,Medium
2026-01-15 07:45:00,72.93,44891,31.49,65.64,1.59,Low
2026-01-15 07:50:00,72.88,48072,29.91,64.72,1.49,Low
2026-01-15 07:55:00,72.83,50379,30.01,68.44,1.34,Low
2026-01-15 08:00:00,72.75,51763,31.63,60.56,1.84,Medium
2026-01-15 08:05:00,72.68,49074,30.55,63.16,1.61,Medium
2026-01-15 08:10:00,72.63,50818,30.93,67.61,1.45,Low
2026-01-15 08:15:00,72.56,58484,31.85,60.27,1.87,Medium
2026-01-15 08:20:00,72.47,57728,32.16,61.0,1.87,Medium
2026-01-15 08:25:00,72.36,56976,32.35,62.0,1.84,Medium
2026-01-15 08:30:00,72.27,61314,32.06,64.46,1.7,Medium
2026-01-15 08:35:00,72.18,61134,31.27,66.82,1.51,Low
2026-01-15 08:40:00,72.09,65674,31.97,65.23,1.65,Medium
2026-01-15 08:45:00,71.95,63782,32.3,61.55,1.86,Medium
2026-01-15 08:50:00,71.82,65054,33.03,62.45,1.89,Medium
2026-01-15 08:55:00,71.76,67698,31.67,60.42,1.85,Medium
2026-01-15 09:00:00,71.6,71375,32.78,58.94,2.04,Medium
2026-01-15 09:05:00,71.32,71017,32.72,63.58,1.8,Medium
2026-01-15 09:10:00,71.02,73354,33.35,59.43,2.08,Medium
2026-01-15 09:15:00,70.79,77412,32.5,59.16,2.0,Medium
2026-01-15 09:20:00,70.66,75242,32.94,60.51,1.98,Medium
2026-01-15 09:25:00,70.34,76150,33.1,60.16,2.01,Medium
2026-01-15 09:30:00,70.12,81681,34.34,59.6,2.19,Medium
2026-01-15 09:35:00,69.95,83450,33.55,57.75,2.19,High
2026-01-15 09:40:00,69.65,83701,34.4,57.67,2.3,High
2026-01-15 09:45:00,69.47,80974,33.46,56.32,2.26,High
2026-01-15 09:50:00,69.33,84005,33.64,57.29,2.23,High
2026-01-15 09:55:00,69.14,86210,33.56,57.93,2.18,High
2026-01-15 10:00:00,68.85,84838,33.72,56.54,2.28,High
2026-01-15 10:05:00,68.57,87917,34.2,56.34,2.35,High
2026-01-15 10:10:00,68.3,88661,33.31,60.59,2.02,High
2026-01-15 10:15:00,68.16,90287,34.51,58.97,2.24,High
2026-01-15 10:20:00,67.85,88231,33.42,60.81,2.02,High
2026-01-15 10:25:00,67.66,94448,33.51,56.04,2.28,High
2026-01-15 10:30:00,67.53,95042,33.98,58.94,2.18,High
2026-01-15 10:35:00,67.26,91209,34.86,52.96,2.62,High
2026-01-15 10:40:00,66.95,92372,34.26,59.11,2.21,High
2026-01-15 10:45:00,66.83,92191,34.97,53.63,2.6,High
2026-01-15 10:50:00,66.65,93183,33.8,57.9,2.21,High
2026-01-15 10:55:00,66.51,96400,35.27,57.11,2.45,High
2026-01-15 11:00:00,66.2,96098,34.04,59.58,2.16,High
2026-01-15 11:05:00,65.94,94800,33.93,56.25,2.32,High
2026-01-15 11:10:00,65.68,99900,34.18,60.19,2.14,High
2026-01-15 11:15:00,65.44,96636,35.22,55.8,2.52,High
2026-01-15 11:20:00,65.22,97175,33.94,60.67,2.09,High
2026-01-15 11:25:00,65.0,100000,35.44,56.56,2.5,High
2026-01-15 11:30:00,64.76,100000,35.03,56.67,2.44,High
2026-01-15 11:35:00,64.49,96573,34.68,54.61,2.51,High
2026-01-15 11:40:00,64.17,96677,34.1,56.92,2.3,High
2026-01-15 11:45:00,64.05,100000,35.23,56.62,2.47,High
2026-01-15 11:50:00,63.85,100000,35.37,51.66,2.77,High
2026-01-15 11:55:00,63.63,100000,35.87,53.06,2.77,High
2026-01-15 12:00:00,63.4,100000,35.4,51.97,2.76,High
2026-01-15 12:05:00,63.08,100000,35.25,57.65,2.41,High
2026-01-15 12:10:00,62.76,100000,34.67,58.62,2.28,High
2026-01-15 12:15:00,62.56,100000,34.7,54.65,2.51,High
2026-01-15 12:20:00,62.43,97498,35.1,54.43,2.58,High
2026-01-15 12:25:00,62.19,100000,34.07,58.05,2.24,High
2026-01-15 12:30:00,61.88,98531,35.22,54.57,2.59,High
2026-01-15 12:35:00,61.62,96188,35.56,54.5,2.64,High
2026-01-15 12:40:00,61.45,95745,34.83,57.06,2.39,High
2026-01-15 12:45:00,61.18,96680,34.8,57.03,2.39,High
2026-01-15 12:50:00,61.0,98602,35.72,54.26,2.68,High
2026-01-15 12:55:00,60.83,99913,34.93,54.9,2.53,High
2026-01-15 13:00:00,60.54,96537,33.73,57.68,2.22,High
2026-01-15 13:05:00,60.29,94973,33.99,56.12,2.33,High
2026-01-15 13:10:00,60.09,92808,35.29,53.12,2.68,High
2026-01-15 13:15:00,59.95,97086,34.09,55.7,2.37,High
2026-01-15 13:20:00,59.79,92071,34.59,53.81,2.54,High
2026-01-15 13:25:00,59.51,94415,35.35,52.59,2.72,High
2026-01-15 13:30:00,59.24,94524,34.01,55.2,2.38,High
2026-01-15 13:35:00,59.03,88770,33.39,61.58,1.97,Medium
2026-01-15 13:40:00,58.75,89767,34.6,53.44,2.56,High
2026-01-15 13:45:00,58.58,92168,34.26,57.27,2.31,High
2026-01-15 13:50:00,58.38,91118,33.4,56.71,2.23,High
2026-01-15 13:55:00,58.2,85489,33.45,61.62,1.98,Medium
2026-01-15 14:00:00,57.99,89348,34.28,59.69,2.18,High
2026-01-15 14:05:00,57.67,88467,34.35,57.34,2.31,High
2026-01-15 14:10:00,57.53,86482,33.65,60.77,2.05,High
2026-01-15 14:15:00,57.37,83708,33.84,57.71,2.23,High
2026-01-15 14:20:00,57.12,84634,32.65,59.36,2.0,Medium
2026-01-15 14:25:00,56.97,82428,34.22,59.61,2.17,High
2026-01-15 14:30:00,56.75,79459,33.09,57.37,2.16,High
2026-01-15 14:35:00,56.63,75136,33.17,60.29,2.02,Medium
2026-01-15 14:40:00,56.48,74149,33.02,59.12,2.06,High
2026-01-15 14:45:00,56.27,75488,33.44,57.17,2.21,High
2026-01-15 14:50:00,56.0,71321,33.81,60.0,2.11,Medium
2026-01-15 14:55:00,55.72,71351,32.12,64.58,1.7,Medium
2026-01-15 15:00:00,55.46,73169,32.7,62.12,1.87,Medium
2026-01-15 15:05:00,55.35,68753,32.66,62.51,1.85,Medium
2026-01-15 15:10:00,55.31,66787,31.83,63.1,1.74,Medium
2026-01-15 15:15:00,55.18,64812,32.45,62.86,1.81,Medium
2026-01-15 15:20:00,55.07,65502,32.08,59.77,1.92,Medium
2026-01-15 15:25:00,55.01,59894,31.1,67.43,1.47,Medium
2026-01-15 15:30:00,54.93,61086,31.34,65.76,1.57,Medium
2026-01-15 15:35:00,54.83,59415,31.16,63.58,1.65,Medium
2026-01-15 15:40:00,54.74,57848,31.61,65.7,1.59,Medium
2026-01-15 15:45:00,54.69,58325,31.0,63.57,1.64,Medium
2026-01-15 15:50:00,54.61,53813,30.49,63.88,1.58,Medium
2026-01-15 15:55:00,54.53,49201,30.48,66.21,1.47,Medium
2026-01-15 16:00:00,54.47,50751,31.07,66.56,1.51,Medium
2026-01-15 16:05:00,54.42,46031,31.17,62.81,1.69,Medium
2026-01-15 16:10:00,54.37,44847,30.67,63.73,1.6,Medium
2026-01-15 16:15:00,54.3,44378,31.04,62.27,1.7,Medium
2026-01-15 16:20:00,54.25,41421,31.29,64.65,1.61,Medium
2026-01-15 16:25:00,54.22,38033,29.24,69.51,1.24,Medium
2026-01-15 16:30:00,54.14,36515,29.13,66.3,1.36,Medium
2026-01-15 16:35:00,54.08,34557,30.29,64.12,1.55,Medium
2026-01-15 16:40:00,54.0,36304,29.73,65.38,1.45,Medium
2026-01-15 16:45:00,53.93,33451,29.06,66.41,1.35,Medium
2026-01-15 16:50:00,53.9,27631,28.67,69.08,1.21,Medium
2026-01-15 16:55:00,53.83,26165,28.75,70.98,1.15,Low
2026-01-15 17:00:00,53.76,27640,28.76,68.24,1.25,Medium
2026-01-15 17:05:00,53.72,22903,28.82,72.14,1.1,Low
2026-01-15 17:10:00,53.69,19436,28.81,67.17,1.3,Medium
2026-01-15 17:15:00,53.62,20098,27.88,71.36,1.08,Low
2026-01-15 17:20:00,53.57,18818,28.76,69.67,1.2,Low
2026-01-15 17:25:00,53.5,17375,28.43,68.56,1.22,Medium
2026-01-15 17:30:00,53.46,10768,28.11,73.07,1.02,Low
2026-01-15 17:35:00,53.43,12337,28.56,72.25,1.08,Low
2026-01-15 17:40:00,53.36,6688,27.47,73.22,0.98,Low
2026-01-15 17:45:00,53.3,4251,26.93,73.98,0.92,Low
2026-01-15 17:50:00,53.23,4705,27.08,72.92,0.97,Low
2026-01-15 17:55:00,53.16,4625,27.86,71.69,1.06,Low
2026-01-15 18:00:00,53.08,0,27.78,73.3,1.0,Low
2026-01-15 18:05:00,53.04,72,25.99,75.58,0.82,Low
2026-01-15 18:10:00,52.99,0,26.26,77.19,0.78,Low
2026-01-15 18:15:00,52.91,0,26.79,73.97,0.92,Low
2026-01-15 18:20:00,52.87,627,26.67,72.78,0.95,Low
2026-01-15 18:25:00,52.82,0,25.96,77.17,0.77,Low
2026-01-15 18:30:00,52.79,0,25.86,74.53,0.85,Low
2026-01-15 18:35:00,52.75,0,26.55,73.71,0.91,Low
2026-01-15 18:40:00,52.68,0,25.04,76.22,0.76,Low
2026-01-15 18:45:00,52.64,927,25.13,79.38,0.66,Low
2026-01-15 18:50:00,52.57,1075,24.57,81.59,0.57,Low
2026-01-15 18:55:00,52.49,202,26.01,76.14,0.8,Low
2026-01-15 19:00:00,52.42,706,25.83,78.03,0.73,Low
2026-01-15 19:05:00,52.35,0,24.06,79.54,0.61,Low
2026-01-15 19:10:00,52.3,604,23.76,82.44,0.52,Low
2026-01-15 19:15:00,52.27,0,23.83,79.63,0.6,Low
2026-01-15 19:20:00,52.19,2935,25.2,80.73,0.62,Low
2026-01-15 19:25:00,52.13,0,23.47,79.36,0.6,Low
2026-01-15 19:30:00,52.06,0,23.39,80.42,0.56,Low
2026-01-15 19:35:00,51.99,0,24.4,77.36,0.69,Low
2026-01-15 19:40:00,51.94,174,24.32,79.51,0.62,Low
2026-01-15 19:45:00,51.87,0,23.9,80.83,0.57,Low
2026-01-15 19:50:00,51.83,382,24.14,79.09,0.63,Low
2026-01-15 19:55:00,51.76,520,23.06,85.33,0.41,Low
2026-01-15 20:00:00,51.7,1632,22.54,86.57,0.37,Low
2026-01-15 20:05:00,51.65,0,23.74,79.83,0.59,Low
2026-01-15 20:10:00,51.57,2143,22.65,83.27,0.46,Low
2026-01-15 20:15:00,51.54,16,22.74,86.46,0.37,Low
2026-01-15 20:20:00,51.49,0,21.83,83.27,0.44,Medium
2026-01-15 20:25:00,51.43,212,22.01,87.83,0.32,Low
2026-01-15 20:30:00,51.39,2621,22.98,85.65,0.4,Low
2026-01-15 20:35:00,51.33,0,21.17,88.88,0.28,Medium
2026-01-15 20:40:00,51.28,2639,21.5,87.0,0.33,Medium
2026-01-15 20:45:00,51.24,0,22.41,86.57,0.36,Low
2026-01-15 20:50:00,51.19,2885,21.5,84.37,0.4,Medium
2026-01-15 20:55:00,51.14,2923,21.9,84.22,0.41,Medium
2026-01-15 21:00:00,51.06,0,22.21,87.9,0.32,Low
2026-01-15 21:05:00,50.98,501,21.52,84.99,0.39,Medium
2026-01-15 21:10:00,50.94,1899,21.98,84.24,0.42,Medium
2026-01-15 21:15:00,50.88,1310,20.6,85.95,0.34,Medium
2026-01-15 21:20:00,50.8,1621,20.31,87.64,0.29,Medium
2026-01-15 21:25:00,50.74,0,21.12,87.62,0.31,Medium
2026-01-15 21:30:00,50.66,2640,19.9,92.17,0.18,Medium
2026-01-15 21:35:00,50.61,0,19.83,89.6,0.24,Medium
2026-01-15 21:40:00,50.57,2595,19.63,89.53,0.24,Medium
2026-01-15 21:45:00,50.49,2816,20.07,88.51,0.27,Medium
2026-01-15 21:50:00,50.45,2435,20.12,91.51,0.2,Medium
2026-01-15 21:55:00,50.42,902,20.85,89.12,0.27,Medium
2026-01-15 22:00:00,50.35,856,20.07,87.83,0.29,Medium
2026-01-15 22:05:00,50.28,0,20.62,88.75,0.27,Medium
2026-01-15 22:10:00,50.23,1922,20.65,86.83,0.32,Medium
2026-01-15 22:15:00,50.19,463,19.73,90.02,0.23,Medium
2026-01-15 22:20:00,50.11,0,19.13,89.68,0.23,Medium
2026-01-15 22:25:00,50.05,0,19.97,91.65,0.19,Medium
2026-01-15 22:30:00,50.01,1882,20.24,92.04,0.19,Medium
2026-01-15 22:35:00,49.95,0,20.4,89.98,0.24,Medium
2026-01-15 22:40:00,49.88,0,18.57,91.19,0.19,Medium
2026-01-15 22:45:00,49.83,0,18.78,91.66,0.18,Medium
2026-01-15 22:50:00,49.8,2672,19.7,88.42,0.27,Medium
2026-01-15 22:55:00,49.76,2805,18.92,93.63,0.14,Medium
2026-01-15 23:00:00,49.7,1578,20.11,89.92,0.24,Medium
2026-01-15 23:05:00,49.66,2960,18.4,95.0,0.11,Medium
2026-01-15 23:10:00,49.62,734,18.59,92.36,0.16,Medium
2026-01-15 23:15:00,49.56,0,19.7,92.0,0.18,Medium
2026-01-15 23:20:00,49.5,1357,18.49,95.0,0.11,Medium
2026-01-15 23:25:00,49.45,1314,18.78,95.0,0.11,Medium
2026-01-15 23:30:00,49.41,955,19.85,88.61,0.26,Medium
2026-01-15 23:35:00,49.35,839,18.39,95.0,0.11,Medium
2026-01-15 23:40:00,49.29,0,19.43,91.45,0.19,Medium
2026-01-15 23:45:00,49.23,0,18.02,94.4,0.12,Medium
2026-01-15 23:50:00,49.19,1989,19.8,92.16,0.18,Medium
2026-01-15 23:55:00,49.11,0,18.46,93.6,0.14,Medium
2026-01-16 00:00:00,79.66,2856,15.1,95.0,0.09,Low
2026-01-16 00:05:00,79.62,0,16.58,95.0,0.09,Low
2026-01-16 00:10:00,79.58,0,15.77,95.0,0.09,Low
2026-01-16 00:15:00,79.54,2712,16.31,95.0,0.09,Low
2026-01-16 00:20:00,79.5,792,16.39,95.0,0.09,Low
2026-01-16 00:25:00,79.44,2050,16.38,95.0,0.09,Low
2026-01-16 00:30:00,79.39,1676,16.79,95.0,0.1,Low
2026-01-16 00:35:00,79.35,0,15.36,95.0,0.09,Low
2026-01-16 00:40:00,79.3,2713,15.43,95.0,0.09,Low
2026-01-16 00:45:00,79.25,0,16.66,95.0,0.09,Low
2026-01-16 00:50:00,79.19,396,16.91,95.0,0.1,Low
2026-01-16 00:55:00,79.14,0,16.95,95.0,0.1,Low
2026-01-16 01:00:00,79.1,707,16.91,95.0,0.1,Low
2026-01-16 01:05:00,79.03,0,17.12,95.0,0.1,Low
2026-01-16 01:10:00,78.97,0,16.97,95.0,0.1,Low
2026-01-16 01:15:00,78.93,0,16.79,95.0,0.1,Low
2026-01-16 01:20:00,78.86,2140,16.11,95.0,0.09,Low
2026-01-16 01:25:00,78.82,0,16.19,95.0,0.09,Low
2026-01-16 01:30:00,78.75,0,16.41,95.0,0.09,Low
2026-01-16 01:35:00,78.72,0,17.33,95.0,0.1,Low
2026-01-16 01:40:00,78.66,0,17.33,95.0,0.1,Low
2026-01-16 01:45:00,78.61,958,17.7,95.0,0.1,Low
2026-01-16 01:50:00,78.56,397,16.05,95.0,0.09,Low
2026-01-16 01:55:00,78.5,2600,16.02,95.0,0.09,Low
2026-01-16 02:00:00,78.45,0,16.49,95.0,0.09,Low
2026-01-16 02:05:00,78.41,0,17.12,95.0,0.1,Low
2026-01-16 02:10:00,78.35,0,16.57,95.0,0.09,Low
2026-01-16 02:15:00,78.27,0,17.81,95.0,0.1,Low
2026-01-16 02:20:00,78.22,0,17.95,95.0,0.1,Low
2026-01-16 02:25:00,78.16,0,17.84,95.0,0.1,Low
2026-01-16 02:30:00,78.13,0,16.98,95.0,0.1,Low
2026-01-16 02:35:00,78.06,0,18.3,95.0,0.11,Low
2026-01-16 02:40:00,78.01,1172,18.79,95.0,0.11,Low
2026-01-16 02:45:00,77.93,0,18.07,95.0,0.1,Low
2026-01-16 02:50:00,77.89,2400,18.47,95.0,0.11,Low
2026-01-16 02:55:00,77.85,1619,17.4,95.0,0.1,Low
2026-01-16 03:00:00,77.81,1713,18.69,95.0,0.11,Low
2026-01-16 03:05:00,77.73,0,17.56,95.0,0.1,Low
2026-01-16 03:10:00,77.68,0,18.57,95.0,0.11,Low
2026-01-16 03:15:00,77.65,0,19.57,95.0,0.11,Low
2026-01-16 03:20:00,77.58,0,18.98,95.0,0.11,Low
2026-01-16 03:25:00,77.51,434,18.79,95.0,0.11,Low
2026-01-16 03:30:00,77.46,1897,18.31,95.0,0.11,Low
2026-01-16 03:35:00,77.41,2147,18.34,95.0,0.11,Low
2026-01-16 03:40:00,77.34,0,19.81,95.0,0.12,Low
2026-01-16 03:45:00,77.29,698,19.69,95.0,0.11,Low
2026-01-16 03:50:00,77.23,900,19.97,95.0,0.12,Low
2026-01-16 03:55:00,77.16,1168,19.26,95.0,0.11,Low
2026-01-16 04:00:00,77.11,0,19.7,95.0,0.11,Low
2026-01-16 04:05:00,77.05,2924,19.75,95.0,0.12,Low
2026-01-16 04:10:00,77.0,357,20.55,95.0,0.12,Low
2026-01-16 04:15:00,76.96,0,21.31,95.0,0.13,Low
2026-01-16 04:20:00,76.89,2406,20.14,95.0,0.12,Low
2026-01-16 04:25:00,76.83,0,20.29,95.0,0.12,Low
2026-01-16 04:30:00,76.79,534,21.79,95.0,0.13,Low
2026-01-16 04:35:00,76.75,0,21.82,95.0,0.13,Low
2026-01-16 04:40:00,76.68,0,22.02,95.0,0.13,Low
2026-01-16 04:45:00,76.64,0,21.55,93.72,0.16,Low
2026-01-16 04:50:00,76.56,0,21.81,95.0,0.13,Low
2026-01-16 04:55:00,76.48,1623,21.83,95.0,0.13,Low
2026-01-16 05:00:00,76.41,0,21.43,93.76,0.16,Low
2026-01-16 05:05:00,76.35,1147,21.36,94.57,0.14,Low
2026-01-16 05:10:00,76.31,2395,21.92,95.0,0.13,Low
2026-01-16 05:15:00,76.26,0,23.01,92.92,0.2,Low
2026-01-16 05:20:00,76.21,0,21.86,92.97,0.18,Low
2026-01-16 05:25:00,76.15,2573,22.39,92.39,0.21,Low
2026-01-16 05:30:00,76.1,0,23.6,93.14,0.2,Low
2026-01-16 05:35:00,76.03,1403,22.36,94.34,0.15,Low
2026-01-16 05:40:00,75.97,569,23.36,90.41,0.28,Low
2026-01-16 05:45:00,75.92,2783,24.16,90.77,0.28,Low
2026-01-16 05:50:00,75.88,656,24.5,92.32,0.24,Low
2026-01-16 05:55:00,75.83,0,23.42,91.09,0.26,Low
2026-01-16 06:00:00,75.75,252,23.45,91.3,0.25,Low
2026-01-16 06:05:00,75.69,3172,23.54,89.8,0.3,Low
2026-01-16 06:10:00,75.65,568,25.06,88.1,0.38,Low
2026-01-16 06:15:00,75.6,709,24.84,87.27,0.4,Low
2026-01-16 06:20:00,75.55,5952,24.71,90.98,0.28,Low
2026-01-16 06:25:00,75.47,3183,25.53,89.02,0.36,Low
2026-01-16 06:30:00,75.42,9562,25.47,87.84,0.4,Low
2026-01-16 06:35:00,75.39,6284,26.14,87.72,0.42,Low
2026-01-16 06:40:00,75.35,11886,25.36,85.05,0.48,Low
2026-01-16 06:45:00,75.31,12778,25.16,85.47,0.46,Low
2026-01-16 06:50:00,75.23,14587,26.4,83.26,0.58,Low
2026-01-16 06:55:00,75.17,12417,25.46,85.52,0.47,Low
2026-01-16 07:00:00,75.13,15787,26.58,83.06,0.59,Low
2026-01-16 07:05:00,75.09,13793,26.49,82.9,0.59,Low
2026-01-16 07:10:00,75.05,14831,27.39,85.27,0.54,Low
2026-01-16 07:15:00,74.99,17489,26.08,83.43,0.56,Low
2026-01-16 07:20:00,74.96,18548,26.59,87.44,0.44,Low
2026-01-16 07:25:00,74.89,19804,26.18,86.44,0.46,Low
2026-01-16 07:30:00,74.84,18387,27.86,80.59,0.73,Low
2026-01-16 07:35:00,74.78,20189,28.11,79.74,0.77,Low
2026-01-16 07:40:00,74.74,21267,28.01,78.74,0.8,Low
2026-01-16 07:45:00,74.69,21605,28.12,81.56,0.7,Low
2026-01-16 07:50:00,74.61,27253,28.29,82.71,0.66,Low
2026-01-16 07:55:00,74.54,24432,27.76,80.14,0.74,Low
2026-01-16 08:00:00,74.47,24850,28.76,81.73,0.72,Low
2026-01-16 08:05:00,74.4,30831,27.67,82.14,0.66,Low
2026-01-16 08:10:00,74.36,30404,29.13,80.14,0.8,Low
2026-01-16 08:15:00,74.29,32276,27.66,82.99,0.63,Low
2026-01-16 08:20:00,74.23,30705,27.69,82.57,0.65,Low
2026-01-16 08:25:00,74.18,33587,28.04,82.28,0.67,Low
2026-01-16 08:30:00,74.11,31415,28.0,82.2,0.67,Low
2026-01-16 08:35:00,74.07,33737,29.38,79.97,0.82,Low
2026-01-16 08:40:00,74.01,36790,29.16,81.62,0.74,Low
2026-01-16 08:45:00,73.97,37880,29.18,76.35,0.96,Low
2026-01-16 08:50:00,73.9,34440,28.58,80.46,0.76,Low
2026-01-16 08:55:00,73.8,40928,29.93,77.49,0.95,Low
2026-01-16 09:00:00,73.76,41388,28.76,82.72,0.68,Low
2026-01-16 09:05:00,73.69,39638,30.5,77.0,1.0,Low
2026-01-16 09:10:00,73.63,39665,30.09,77.31,0.97,Low
2026-01-16 09:15:00,73.53,41940,29.72,79.04,0.88,Low
2026-01-16 09:20:00,73.43,40185,29.33,80.97,0.78,Low
2026-01-16 09:25:00,73.39,43238,29.74,75.69,1.02,Low
2026-01-16 09:30:00,73.31,41312,29.65,75.87,1.0,Low
2026-01-16 09:35:00,73.21,46628,29.97,76.36,1.0,Low
2026-01-16 09:40:00,73.15,42062,31.03,74.86,1.13,Low
2026-01-16 09:45:00,73.11,45387,30.24,78.88,0.91,Low
2026-01-16 09:50:00,73.05,46437,30.78,75.68,1.08,Low
2026-01-16 09:55:00,72.98,45017,29.88,79.43,0.87,Low
2026-01-16 10:00:00,72.88,46727,30.94,75.5,1.1,Low
2026-01-16 10:05:00,72.78,48200,31.38,74.58,1.17,Low
2026-01-16 10:10:00,72.7,47040,31.37,76.55,1.08,Low
2026-01-16 10:15:00,72.63,47437,30.64,78.05,0.97,Low
2026-01-16 10:20:00,72.57,48999,30.57,73.61,1.16,Low
2026-01-16 10:25:00,72.52,47844,31.02,76.51,1.06,Low
2026-01-16 10:30:00,72.46,53378,31.54,71.37,1.33,Low
2026-01-16 10:35:00,72.38,53990,32.3,73.31,1.29,Low
2026-01-16 10:40:00,72.32,53227,31.15,75.55,1.11,Low
2026-01-16 10:45:00,72.25,53402,31.5,71.47,1.32,Low
2026-01-16 10:50:00,72.19,53438,32.08,74.95,1.2,Low
2026-01-16 10:55:00,72.11,51357,31.35,73.98,1.19,Low
2026-01-16 11:00:00,72.03,51354,30.92,72.52,1.23,Low
2026-01-16 11:05:00,71.93,52059,30.85,75.25,1.1,Low
2026-01-16 11:10:00,71.84,55609,31.12,71.92,1.27,Low
2026-01-16 11:15:00,71.75,55635,32.5,70.47,1.44,Low
2026-01-16 11:20:00,71.61,55431,32.65,71.15,1.42,Low
2026-01-16 11:25:00,71.57,57308,31.98,71.24,1.37,Low
2026-01-16 11:30:00,71.53,53489,31.15,74.69,1.15,Low
2026-01-16 11:35:00,71.49,52474,31.56,75.42,1.14,Low
2026-01-16 11:40:00,71.41,57359,31.32,76.45,1.08,Low
2026-01-16 11:45:00,71.33,56873,31.94,72.65,1.3,Low
2026-01-16 11:50:00,71.19,53638,32.27,74.0,1.25,Low
2026-01-16 11:55:00,71.14,54598,31.24,71.93,1.28,Low
2026-01-16 12:00:00,71.06,56289,32.22,71.51,1.37,Low
2026-01-16 12:05:00,71.01,53820,31.36,71.25,1.32,Low
2026-01-16 12:10:00,70.88,56722,32.06,69.95,1.43,Low
2026-01-16 12:15:00,70.73,55292,32.82,72.69,1.36,Low
2026-01-16 12:20:00,70.63,54469,32.69,72.75,1.35,Low
2026-01-16 12:25:00,70.57,53339,32.91,71.46,1.43,Low
2026-01-16 12:30:00,70.5,52194,32.33,71.94,1.36,Low
2026-01-16 12:35:00,75.49,51485,31.75,74.1,1.21,Low
2026-01-16 12:40:00,75.41,55652,32.75,70.91,1.44,Low
2026-01-16 12:45:00,75.32,50966,32.59,71.83,1.38,Low
2026-01-16 12:50:00,75.24,53873,31.3,72.42,1.26,Low
2026-01-16 12:55:00,75.15,51394,31.88,72.19,1.31,Low
2026-01-16 13:00:00,75.04,54729,32.28,69.12,1.49,Low
2026-01-16 13:05:00,74.94,54738,31.54,74.98,1.16,Low
2026-01-16 13:10:00,74.85,52789,30.98,77.07,1.03,Low
2026-01-16 13:15:00,74.77,53120,32.36,73.87,1.27,Low
2026-01-16 13:20:00,74.69,53164,31.33,73.97,1.19,Low
2026-01-16 13:25:00,74.56,53738,32.38,73.02,1.31,Low
2026-01-16 13:30:00,74.45,49300,31.3,74.32,1.17,Low
2026-01-16 13:35:00,74.32,48481,32.27,72.76,1.31,Low
2026-01-16 13:40:00,74.24,50499,30.7,72.98,1.19,Low
2026-01-16 13:45:00,74.11,48423,32.12,70.25,1.42,Low
2026-01-16 13:50:00,74.02,48646,30.22,77.74,0.96,Low
2026-01-16 13:55:00,73.96,50935,30.05,76.77,0.99,Low
2026-01-16 14:00:00,85.18,48406,30.77,74.44,1.13,Low
2026-01-16 14:05:00,85.12,44622,30.92,75.82,1.08,Low
2026-01-16 14:10:00,85.05,46189,30.99,74.39,1.15,Low
2026-01-16 14:15:00,84.99,43394,30.66,78.31,0.96,Low
2026-01-16 14:20:00,84.91,45299,30.84,73.86,1.16,Low
2026-01-16 14:25:00,84.86,47298,30.8,77.09,1.02,Low
2026-01-16 14:30:00,84.79,46354,30.08,76.2,1.01,Low
2026-01-16 14:35:00,84.73,43342,30.98,72.31,1.24,Low
2026-01-16 14:40:00,84.68,42691,30.36,78.51,0.93,Low
2026-01-16 14:45:00,84.64,42378,30.22,77.27,0.98,Low
2026-01-16 14:50:00,84.61,38369,29.49,80.33,0.81,Low
2026-01-16 14:55:00,84.54,41319,29.73,77.09,0.96,Low
2026-01-16 15:00:00,84.48,38518,28.78,80.51,0.77,Low
2026-01-16 15:05:00,84.42,38604,29.64,76.67,0.97,Low
2026-01-16 15:10:00,84.37,37864,29.11,79.48,0.83,Low
2026-01-16 15:15:00,84.29,38080,29.29,80.44,0.8,Low
2026-01-16 15:20:00,84.22,34087,29.07,78.9,0.85,Low
2026-01-16 15:25:00,84.18,34914,28.8,81.6,0.73,Low
2026-01-16 15:30:00,84.14,33684,29.42,76.92,0.95,Low
2026-01-16 15:35:00,84.06,33362,28.06,83.29,0.63,Low
2026-01-16 15:40:00,84.02,33560,27.93,84.68,0.58,Low
2026-01-16 15:45:00,83.96,29936,28.36,79.51,0.79,Low
2026-01-16 15:50:00,83.92,27626,28.98,79.56,0.82,Low
2026-01-16 15:55:00,83.86,25535,28.69,82.28,0.7,Low
2026-01-16 16:00:00,83.8,24746,28.33,80.73,0.74,Low
2026-01-16 16:05:00,83.73,27024,27.32,83.0,0.62,Low
2026-01-16 16:10:00,83.69,24481,26.91,87.02,0.46,Low
2026-01-16 16:15:00,83.65,26055,28.46,83.04,0.66,Low
2026-01-16 16:20:00,83.6,24565,27.74,83.76,0.6,Low
2026-01-16 16:25:00,83.57,22729,27.96,82.56,0.66,Low
2026-01-16 16:30:00,83.5,19804,26.78,84.76,0.54,Low
2026-01-16 16:35:00,83.42,20182,26.78,86.48,0.48,Low
2026-01-16 16:40:00,83.36,18827,26.88,84.07,0.56,Low
2026-01-16 16:45:00,83.3,17511,25.81,86.13,0.46,Low
2026-01-16 16:50:00,83.22,18039,25.63,86.61,0.44,Low
2026-01-16 16:55:00,83.14,17904,25.7,85.71,0.47,Low
2026-01-16 17:00:00,83.08,11494,26.26,85.5,0.49,Low
2026-01-16 17:05:00,83.03,15647,26.02,88.07,0.4,Low
2026-01-16 17:10:00,83.0,9754,24.81,90.61,0.29,Low
2026-01-16 17:15:00,82.95,10347,25.78,86.56,0.45,Low
2026-01-16 17:20:00,82.89,12184,24.75,87.17,0.4,Low
2026-01-16 17:25:00,82.84,9177,24.65,90.27,0.3,Low
2026-01-16 17:30:00,82.78,7061,25.04,87.74,0.39,Low
2026-01-16 17:35:00,82.73,6571,24.52,90.2,0.3,Low
2026-01-16 17:40:00,82.7,3184,25.35,86.06,0.45,Low
2026-01-16 17:45:00,82.66,2321,25.46,88.81,0.36,Low
2026-01-16 17:50:00,82.6,4795,25.01,85.82,0.45,Low
2026-01-16 17:55:00,82.56,3878,24.49,92.25,0.24,Low
2026-01-16 18:00:00,82.5,2538,23.94,91.77,0.24,Low
2026-01-16 18:05:00,82.44,1634,23.14,93.0,0.2,Low
2026-01-16 18:10:00,82.39,0,23.34,93.36,0.19,Low
2026-01-16 18:15:00,82.34,0,23.65,92.7,0.21,Low
2026-01-16 18:20:00,82.29,0,22.93,95.0,0.14,Low
2026-01-16 18:25:00,82.26,0,22.3,93.73,0.17,Low
2026-01-16 18:30:00,82.21,0,22.05,92.84,0.19,Low
2026-01-16 18:35:00,82.16,1588,22.73,94.56,0.15,Low
2026-01-16 18:40:00,82.09,173,22.49,95.0,0.14,Low
2026-01-16 18:45:00,82.05,0,23.02,92.2,0.22,Low
2026-01-16 18:50:00,81.97,0,22.41,93.19,0.18,Low
2026-01-16 18:55:00,81.93,0,21.77,95.0,0.13,Low
2026-01-16 19:00:00,81.87,0,21.36,95.0,0.13,Low
2026-01-16 19:05:00,81.82,2510,22.05,95.0,0.13,Low
2026-01-16 19:10:00,81.74,209,21.54,94.5,0.14,Low
2026-01-16 19:15:00,81.71,0,22.02,95.0,0.13,Low
2026-01-16 19:20:00,81.67,0,21.13,94.77,0.13,Low
2026-01-16 19:25:00,81.59,0,20.71,95.0,0.12,Low
2026-01-16 19:30:00,81.56,1834,20.9,95.0,0.12,Low
2026-01-16 19:35:00,81.51,0,19.99,95.0,0.12,Low
2026-01-16 19:40:00,81.47,1411,20.61,95.0,0.12,Low
2026-01-16 19:45:00,81.42,533,21.08,94.91,0.13,Low
2026-01-16 19:50:00,81.35,525,20.1,95.0,0.12,Low
2026-01-16 19:55:00,81.29,2830,20.01,95.0,0.12,Low
2026-01-16 20:00:00,81.23,1136,20.58,95.0,0.12,Low
2026-01-16 20:05:00,81.19,464,19.81,95.0,0.12,Low
2026-01-16 20:10:00,81.13,0,20.12,95.0,0.12,Low
2026-01-16 20:15:00,81.08,2427,19.6,95.0,0.11,Low
2026-01-16 20:20:00,81.02,1658,20.29,95.0,0.12,Low
2026-01-16 20:25:00,80.97,1345,19.61,95.0,0.11,Low
2026-01-16 20:30:00,80.92,1943,19.88,95.0,0.12,Low
2026-01-16 20:35:00,80.85,119,18.69,95.0,0.11,Low
2026-01-16 20:40:00,80.79,0,17.96,95.0,0.1,Low
2026-01-16 20:45:00,80.72,2383,18.94,95.0,0.11,Low
2026-01-16 20:50:00,80.65,242,18.19,95.0,0.1,Low
2026-01-16 20:55:00,80.59,0,17.63,95.0,0.1,Low
2026-01-16 21:00:00,80.52,2552,19.27,95.0,0.11,Low
2026-01-16 21:05:00,80.46,0,17.63,95.0,0.1,Low
2026-01-16 21:10:00,80.4,0,18.15,95.0,0.1,Low
2026-01-16 21:15:00,80.36,1511,17.99,95.0,0.1,Low
2026-01-16 21:20:00,80.31,2916,17.36,95.0,0.1,Low
2026-01-16 21:25:00,80.28,458,18.59,95.0,0.11,Low
2026-01-16 21:30:00,80.22,2198,17.97,95.0,0.1,Low
2026-01-16 21:35:00,80.17,0,18.22,95.0,0.1,Low
2026-01-16 21:40:00,80.13,2547,18.17,95.0,0.1,Low
2026-01-16 21:45:00,80.07,1974,16.53,95.0,0.09,Low
2026-01-16 21:50:00,80.0,0,17.76,95.0,0.1,Low
2026-01-16 21:55:00,79.94,1040,16.55,95.0,0.09,Low
2026-01-16 22:00:00,79.86,506,16.55,95.0,0.09,Low
2026-01-16 22:05:00,79.8,2908,17.69,95.0,0.1,Low
2026-01-16 22:10:00,79.76,1341,16.15,95.0,0.09,Low
2026-01-16 22:15:00,79.7,1785,17.48,95.0,0.1,Low
2026-01-16 22:20:00,79.63,2275,16.41,95.0,0.09,Low
2026-01-16 22:25:00,79.56,0,15.82,95.0,0.09,Low
2026-01-16 22:30:00,79.53,0,16.37,95.0,0.09,Low
2026-01-16 22:35:00,79.49,597,16.56,95.0,0.09,Low
2026-01-16 22:40:00,79.43,1225,16.72,95.0,0.1,Low
2026-01-16 22:45:00,79.38,2049,17.38,95.0,0.1,Low
2026-01-16 22:50:00,79.31,0,16.27,95.0,0.09,Low
2026-01-16 22:55:00,79.26,0,15.8,95.0,0.09,Low
2026-01-16 23:00:00,79.2,0,15.48,95.0,0.09,Low
2026-01-16 23:05:00,79.14,48,15.5,95.0,0.09,Low
2026-01-16 23:10:00,79.08,268,16.9,95.0,0.1,Low
2026-01-16 23:15:00,79.02,2484,15.16,95.0,0.09,Low
2026-01-16 23:20:00,78.97,0,15.63,95.0,0.09,Low
2026-01-16 23:25:00,78.89,2995,15.3,95.0,0.09,Low
2026-01-16 23:30:00,78.81,212,15.48,95.0,0.09,Low
2026-01-16 23:35:00,78.78,2851,15.58,95.0,0.09,Low
2026-01-16 23:40:00,78.75,0,16.12,95.0,0.09,Low
2026-01-16 23:45:00,78.7,0,15.86,95.0,0.09,Low
2026-01-16 23:50:00,78.64,1058,16.28,95.0,0.09,Low
2026-01-16 23:55:00,78.58,1765,16.19,95.0,0.09,Low
2026-01-17 00:00:00,75.38,1537,18.52,95.0,0.11,Low
2026-01-17 00:05:00,75.34,1152,19.26,88.73,0.25,Low
2026-01-17 00:10:00,75.28,1581,19.02,90.93,0.2,Low
2026-01-17 00:15:00,75.2,0,18.93,91.39,0.19,Low
2026-01-17 00:20:00,75.13,1241,18.25,95.0,0.1,Low
2026-01-17 00:25:00,75.08,2356,19.12,89.83,0.23,Low
2026-01-17 00:30:00,75.0,2329,18.98,89.48,0.23,Low
2026-01-17 00:35:00,74.93,2759,19.71,93.59,0.15,Low
2026-01-17 00:40:00,74.86,2034,19.64,92.76,0.17,Low
2026-01-17 00:45:00,74.82,0,19.69,89.55,0.24,Low
2026-01-17 00:50:00,74.76,136,19.2,89.24,0.24,Low
2026-01-17 00:55:00,74.69,0,19.33,93.03,0.16,Low
2026-01-17 01:00:00,74.62,0,18.72,92.38,0.16,Low
2026-01-17 01:05:00,74.55,1976,19.22,89.36,0.24,Low
2026-01-17 01:10:00,74.47,736,19.58,88.64,0.26,Low
2026-01-17 01:15:00,74.4,1955,18.81,94.98,0.11,Low
2026-01-17 01:20:00,74.35,0,18.86,90.43,0.21,Low
2026-01-17 01:25:00,74.29,0,18.88,91.15,0.19,Low
2026-01-17 01:30:00,74.23,2219,18.95,94.78,0.11,Low
2026-01-17 01:35:00,74.2,0,20.13,89.48,0.25,Low
2026-01-17 01:40:00,74.13,0,20.27,86.73,0.32,Low
2026-01-17 01:45:00,74.08,2033,20.2,88.16,0.28,Low
2026-01-17 01:50:00,74.0,0,19.22,93.47,0.15,Low
2026-01-17 01:55:00,73.94,0,20.27,89.27,0.26,Low
2026-01-17 02:00:00,73.88,805,19.27,89.55,0.23,Low
2026-01-17 02:05:00,73.81,0,20.25,89.95,0.24,Low
2026-01-17 02:10:00,73.74,1466,20.2,92.43,0.18,Low
2026-01-17 02:15:00,73.7,0,20.5,86.92,0.32,Low
2026-01-17 02:20:00,73.66,0,20.44,86.86,0.32,Low
2026-01-17 02:25:00,73.62,2340,20.08,90.69,0.22,Low
2026-01-17 02:30:00,73.58,0,20.49,90.84,0.22,Low
2026-01-17 02:35:00,73.52,0,20.15,89.25,0.25,Low
2026-01-17 02:40:00,73.47,0,20.3,87.2,0.3,Low
2026-01-17 02:45:00,73.43,0,21.37,89.44,0.27,Low
2026-01-17 02:50:00,73.39,567,20.17,91.28,0.21,Low
2026-01-17 02:55:00,73.33,0,22.01,83.2,0.44,Low
2026-01-17 03:00:00,73.3,2750,20.74,88.81,0.27,Low
2026-01-17 03:05:00,73.27,629,21.4,83.97,0.41,Low
2026-01-17 03:10:00,73.19,0,21.08,89.3,0.27,Low
2026-01-17 03:15:00,73.15,0,20.78,88.9,0.27,Low
2026-01-17 03:20:00,73.12,0,22.36,84.27,0.43,Low
2026-01-17 03:25:00,73.08,243,21.21,86.5,0.34,Low
2026-01-17 03:30:00,73.03,2307,22.15,85.99,0.37,Low
2026-01-17 03:35:00,72.98,0,21.64,88.17,0.31,Low
2026-01-17 03:40:00,72.91,1640,23.26,83.97,0.46,Low
2026-01-17 03:45:00,72.84,0,23.55,79.83,0.59,Low
2026-01-17 03:50:00,72.8,0,23.63,78.69,0.62,Low
2026-01-17 03:55:00,72.73,0,22.34,87.49,0.34,Low
2026-01-17 04:00:00,72.65,0,23.52,83.63,0.47,Low
2026-01-17 04:05:00,72.62,0,22.52,85.09,0.41,Low
2026-01-17 04:10:00,72.56,0,22.99,83.65,0.46,Low
2026-01-17 04:15:00,72.49,1395,22.75,86.3,0.38,Low
2026-01-17 04:20:00,72.42,0,23.79,83.23,0.49,Low
2026-01-17 04:25:00,72.38,0,23.73,82.13,0.52,Low
2026-01-17 04:30:00,72.34,849,23.3,81.52,0.53,Low
2026-01-17 04:35:00,72.29,0,24.95,76.1,0.75,Low
2026-01-17 04:40:00,72.21,1321,24.9,75.87,0.76,Low
2026-01-17 04:45:00,72.16,2688,23.7,83.46,0.48,Low
2026-01-17 04:50:00,72.13,0,24.67,76.47,0.73,Low
2026-01-17 04:55:00,72.07,0,24.91,81.43,0.59,Low
2026-01-17 05:00:00,72.01,0,25.77,78.55,0.71,Low
2026-01-17 05:05:00,71.95,1544,24.91,77.43,0.71,Low
2026-01-17 05:10:00,71.9,0,25.34,77.59,0.72,Low
2026-01-17 05:15:00,71.87,2883,26.2,76.79,0.79,Low
2026-01-17 05:20:00,71.81,2994,25.54,79.71,0.66,Low
2026-01-17 05:25:00,71.74,0,25.32,74.9,0.81,Low
2026-01-17 05:30:00,71.67,944,25.83,79.44,0.68,Low
2026-01-17 05:35:00,71.59,0,25.35,76.45,0.76,Low
2026-01-17 05:40:00,71.54,0,25.56,74.46,0.84,Low
2026-01-17 05:45:00,71.47,1584,26.95,76.61,0.83,Low
2026-01-17 05:50:00,71.41,0,27.54,73.32,0.98,Low
2026-01-17 05:55:00,71.37,0,26.08,74.97,0.85,Low
2026-01-17 06:00:00,71.29,59,27.08,72.34,0.99,Low
2026-01-17 06:05:00,71.21,127,26.25,73.96,0.89,Low
2026-01-17 06:10:00,71.15,3007,27.17,71.64,1.02,Low
2026-01-17 06:15:00,71.08,3935,26.54,72.95,0.94,Low
2026-01-17 06:20:00,71.05,11348,27.68,70.22,1.1,Low
2026-01-17 06:25:00,71.01,7895,28.68,68.29,1.25,Low
2026-01-17 06:30:00,70.96,10161,27.17,73.63,0.95,Low
2026-01-17 06:35:00,70.92,16498,27.8,71.48,1.07,Low
2026-01-17 06:40:00,70.86,14393,27.61,72.59,1.01,Low
2026-01-17 06:45:00,70.83,22504,29.12,66.76,1.34,Low
2026-01-17 06:50:00,70.76,18782,29.33,71.27,1.17,Low
2026-01-17 06:55:00,70.68,25286,28.67,70.82,1.15,Low
2026-01-17 07:00:00,70.62,25848,28.35,73.4,1.03,Low
2026-01-17 07:05:00,70.55,28174,29.4,70.01,1.23,Low
2026-01-17 07:10:00,70.49,30777,29.89,66.59,1.41,Low
2026-01-17 07:15:00,70.42,30945,30.04,69.85,1.28,Low
2026-01-17 07:20:00,70.36,36401,30.62,65.86,1.5,Low
2026-01-17 07:25:00,70.29,34713,29.42,65.65,1.41,Low
2026-01-17 07:30:00,70.2,41102,30.69,65.5,1.52,Low
2026-01-17 07:35:00,70.13,37987,29.72,65.22,1.45,Low
2026-01-17 07:40:00,70.06,39756,31.29,61.62,1.75,Medium
2026-01-17 07:45:00,69.99,45201,30.17,66.93,1.42,Medium
2026-01-17 07:50:00,69.89,46182,30.21,68.07,1.37,Medium
2026-01-17 07:55:00,69.84,50935,30.47,64.06,1.57,Medium
2026-01-17 08:00:00,69.78,47072,31.7,62.28,1.76,Medium
2026-01-17 08:05:00,69.72,51354,30.63,62.73,1.64,Medium
2026-01-17 08:10:00,69.6,54373,32.19,60.48,1.9,Medium
2026-01-17 08:15:00,69.55,57736,31.85,62.33,1.78,Medium
2026-01-17 08:20:00,69.46,54709,30.7,63.23,1.62,Medium
2026-01-17 08:25:00,69.34,60991,32.17,63.24,1.76,Medium
2026-01-17 08:30:00,69.26,60918,31.05,67.1,1.48,Medium
2026-01-17 08:35:00,69.11,63171,32.03,63.92,1.72,Medium
2026-01-17 08:40:00,69.04,66622,31.44,61.53,1.77,Medium
2026-01-17 08:45:00,68.95,63354,32.28,60.34,1.92,Medium
2026-01-17 08:50:00,68.87,65923,31.68,65.62,1.61,Medium
2026-01-17 08:55:00,68.81,68020,31.92,65.3,1.64,Medium
2026-01-17 09:00:00,68.74,67815,33.65,57.38,2.22,High
2026-01-17 09:05:00,68.58,73865,31.97,65.18,1.65,Medium
2026-01-17 09:10:00,68.27,74021,32.56,62.23,1.85,Medium
2026-01-17 09:15:00,68.08,76901,33.27,62.32,1.92,Medium
2026-01-17 09:20:00,67.94,77597,32.16,64.38,1.71,Medium
2026-01-17 09:25:00,67.8,77776,32.3,59.74,1.95,Medium
2026-01-17 09:30:00,67.57,76476,33.2,57.15,2.18,High
2026-01-17 09:35:00,67.3,80394,33.5,56.14,2.27,High
2026-01-17 09:40:00,67.15,79969,34.04,60.6,2.1,Medium
2026-01-17 09:45:00,66.96,85698,34.12,57.08,2.3,High
2026-01-17 09:50:00,66.73,85268,33.0,58.69,2.08,High
2026-01-17 09:55:00,66.46,85477,33.59,58.32,2.17,High
2026-01-17 10:00:00,66.15,88491,33.38,61.58,1.97,Medium
2026-01-17 10:05:00,65.83,86545,34.52,57.95,2.3,High
2026-01-17 10:10:00,65.62,86767,33.71,56.34,2.28,High
2026-01-17 10:15:00,65.33,91800,35.15,53.95,2.61,High
2026-01-17 10:20:00,65.21,91363,33.3,58.41,2.13,High
2026-01-17 10:25:00,65.05,92992,34.32,57.82,2.28,High
2026-01-17 10:30:00,64.88,92338,34.85,53.73,2.58,High
2026-01-17 10:35:00,64.67,92731,34.57,56.43,2.39,High
2026-01-17 10:40:00,64.4,96610,33.86,59.67,2.13,High
2026-01-17 10:45:00,64.2,94446,33.83,60.91,2.06,High
2026-01-17 10:50:00,63.94,95428,35.6,56.2,2.55,High
2026-01-17 10:55:00,63.73,95111,34.46,57.95,2.29,High
2026-01-17 11:00:00,63.42,94372,34.03,60.63,2.1,High
2026-01-17 11:05:00,63.12,96785,35.01,58.46,2.34,High
2026-01-17 11:10:00,62.88,99767,34.69,54.82,2.5,High
2026-01-17 11:15:00,62.64,100000,34.79,56.95,2.39,High
2026-01-17 11:20:00,62.32,97650,35.16,52.36,2.7,High
2026-01-17 11:25:00,62.1,98897,34.12,57.52,2.28,High
2026-01-17 11:30:00,61.8,97017,34.53,54.98,2.47,High
2026-01-17 11:35:00,61.6,98251,35.58,53.02,2.73,High
2026-01-17 11:40:00,61.45,98889,35.45,52.39,2.74,High
2026-01-17 11:45:00,61.28,100000,34.16,57.04,2.31,High
2026-01-17 11:50:00,61.04,99042,35.47,53.56,2.68,High
2026-01-17 11:55:00,60.86,100000,34.34,57.97,2.28,High
2026-01-17 12:00:00,60.72,100000,34.57,58.1,2.3,High
2026-01-17 12:05:00,60.49,99934,35.42,52.71,2.72,High
2026-01-17 12:10:00,60.23,99686,35.05,52.39,2.69,High
2026-01-17 12:15:00,59.95,98137,34.45,57.83,2.3,High
2026-01-17 12:20:00,59.68,100000,34.97,57.41,2.39,High
2026-01-17 12:25:00,59.45,98068,35.01,57.29,2.4,High
2026-01-17 12:30:00,59.33,98575,35.92,55.59,2.63,High
2026-01-17 12:35:00,59.17,100000,35.6,57.08,2.49,High
2026-01-17 12:40:00,58.91,100000,34.2,56.2,2.36,High
2026-01-17 12:45:00,58.62,99891,34.4,54.99,2.45,High
2026-01-17 12:50:00,58.35,97038,34.05,56.56,2.32,High
2026-01-17 12:55:00,58.12,94159,34.83,58.57,2.31,High
2026-01-17 13:00:00,57.92,97972,33.93,60.2,2.11,High
2026-01-17 13:05:00,57.66,94220,35.66,51.37,2.84,High
2026-01-17 13:10:00,57.41,95052,33.84,60.14,2.1,High
2026-01-17 13:15:00,57.24,91990,35.4,52.12,2.75,High
2026-01-17 13:20:00,57.02,92228,35.39,57.11,2.46,High
2026-01-17 13:25:00,56.75,90842,33.69,59.65,2.11,High
2026-01-17 13:30:00,56.54,92187,34.57,57.4,2.34,High
2026-01-17 13:35:00,56.34,89160,34.88,56.55,2.43,High
2026-01-17 13:40:00,56.08,92194,35.11,57.9,2.38,High
2026-01-17 13:45:00,55.86,91194,34.41,54.17,2.49,High
2026-01-17 13:50:00,55.61,89589,33.29,61.5,1.97,Medium
2026-01-17 13:55:00,55.48,86644,34.66,55.48,2.46,High
2026-01-17 14:00:00,55.32,84838,33.17,59.34,2.06,High
2026-01-17 14:05:00,55.01,86728,33.9,55.17,2.37,High
2026-01-17 14:10:00,54.78,85395,33.86,60.14,2.1,High
2026-01-17 14:15:00,54.5,80972,32.66,60.69,1.94,Medium
2026-01-17 14:20:00,54.36,81722,33.98,60.51,2.1,High
2026-01-17 14:25:00,54.12,81786,32.51,58.9,2.01,High
2026-01-17 14:30:00,53.86,77263,34.3,59.48,2.19,High
2026-01-17 14:35:00,53.68,78516,34.0,60.73,2.09,Medium
2026-01-17 14:40:00,53.49,74328,33.11,58.04,2.12,High
2026-01-17 14:45:00,53.2,74868,32.47,60.84,1.91,Medium
2026-01-17 14:50:00,52.97,70769,33.7,60.29,2.08,Medium
2026-01-17 14:55:00,52.77,73534,33.13,59.01,2.08,High
2026-01-17 15:00:00,52.52,70713,33.39,56.29,2.25,High
2026-01-17 15:05:00,52.45,67910,32.87,62.19,1.89,Medium
2026-01-17 15:10:00,52.16,70343,33.16,57.71,2.15,High
2026-01-17 15:15:00,52.04,63162,32.06,65.23,1.66,Medium
2026-01-17 15:20:00,51.96,64587,32.67,62.94,1.83,Medium
2026-01-17 15:25:00,51.83,59711,32.34,63.42,1.77,Medium
2026-01-17 15:30:00,51.78,60497,31.58,64.5,1.65,Medium
2026-01-17 15:35:00,51.65,61617,32.43,60.6,1.92,Medium
2026-01-17 15:40:00,51.52,55209,32.34,60.54,1.91,Medium
2026-01-17 15:45:00,51.42,57924,32.12,64.06,1.72,Medium
2026-01-17 15:50:00,51.36,56296,30.31,64.6,1.53,Medium
2026-01-17 15:55:00,51.22,54607,32.11,63.04,1.77,Medium
2026-01-17 16:00:00,51.14,47939,31.79,64.98,1.64,Medium
2026-01-17 16:05:00,51.06,48818,31.24,66.35,1.53,Medium
2026-01-17 16:10:00,51.01,48306,30.27,66.4,1.45,Medium
2026-01-17 16:15:00,50.93,46706,29.56,69.45,1.26,Medium
2026-01-17 16:20:00,50.88,44146,31.0,63.6,1.64,Medium
2026-01-17 16:25:00,50.82,39484,29.52,65.54,1.42,Medium
2026-01-17 16:30:00,50.76,40113,29.79,67.78,1.35,Medium
2026-01-17 16:35:00,50.7,37521,29.48,66.66,1.37,Medium
2026-01-17 16:40:00,50.64,36377,30.61,64.0,1.58,Medium
2026-01-17 16:45:00,50.57,31099,28.76,71.78,1.11,Low
2026-01-17 16:50:00,50.49,30062,28.96,67.95,1.28,Medium
2026-01-17 16:55:00,50.43,29904,29.22,69.31,1.25,Medium
2026-01-17 17:00:00,50.39,24802,29.99,65.51,1.46,Medium
2026-01-17 17:05:00,50.33,26254,29.39,66.07,1.39,Medium
2026-01-17 17:10:00,50.26,21338,27.88,71.82,1.06,Low
2026-01-17 17:15:00,50.21,20062,27.83,73.58,0.99,Low
2026-01-17 17:20:00,50.13,16538,27.59,70.48,1.09,Low
2026-01-17 17:25:00,50.08,16786,28.5,72.33,1.08,Low
2026-01-17 17:30:00,50.01,12352,27.5,70.67,1.08,Low
2026-01-17 17:35:00,49.94,12315,27.74,75.14,0.93,Low
2026-01-17 17:40:00,49.89,8491,27.54,70.5,1.09,Low
2026-01-17 17:45:00,49.82,3704,27.41,71.19,1.05,Low
2026-01-17 17:50:00,49.75,3531,27.28,75.1,0.9,Low
2026-01-17 17:55:00,49.7,5150,27.14,75.1,0.89,Low
2026-01-17 18:00:00,49.65,0,27.45,72.8,1.0,Low
2026-01-17 18:05:00,49.6,0,26.28,73.67,0.9,Low
2026-01-17 18:10:00,49.56,2043,27.29,73.24,0.97,Low
2026-01-17 18:15:00,49.5,0,26.39,72.59,0.94,Low
2026-01-17 18:20:00,49.44,1623,25.97,75.64,0.82,Low
2026-01-17 18:25:00,49.39,2361,27.09,71.8,1.01,Low
2026-01-17 18:30:00,49.34,0,25.56,76.72,0.76,Low
2026-01-17 18:35:00,49.3,916,24.8,78.22,0.68,Low
2026-01-17 18:40:00,49.26,0,25.57,79.2,0.68,Low
2026-01-17 18:45:00,49.21,1359,25.12,81.04,0.6,Medium
2026-01-17 18:50:00,49.17,0,25.1,78.88,0.67,Low
2026-01-17 18:55:00,49.11,1332,25.16,80.16,0.63,Medium
2026-01-17 19:00:00,49.07,1030,24.74,76.27,0.74,Low
2026-01-17 19:05:00,49.0,139,25.6,76.48,0.77,Low
2026-01-17 19:10:00,48.94,1163,23.95,82.6,0.52,Medium
2026-01-17 19:15:00,48.88,0,23.95,78.07,0.65,Low
2026-01-17 19:20:00,48.82,1632,24.93,78.5,0.68,Low
2026-01-17 19:25:00,48.75,2741,24.58,78.42,0.67,Low
2026-01-17 19:30:00,48.71,0,23.8,78.32,0.64,Low
2026-01-17 19:35:00,48.64,0,24.09,80.29,0.59,Medium
2026-01-17 19:40:00,48.59,2291,23.62,81.67,0.53,Medium
2026-01-17 19:45:00,48.53,0,22.97,80.63,0.54,Medium
2026-01-17 19:50:00,48.49,1987,22.36,84.73,0.41,Medium
2026-01-17 19:55:00,48.42,0,22.51,83.63,0.45,Medium
2026-01-17 20:00:00,48.38,0,22.91,80.66,0.54,Medium
2026-01-17 20:05:00,48.31,0,23.74,79.02,0.62,Low
2026-01-17 20:10:00,48.26,1980,23.37,83.15,0.48,Medium
2026-01-17 20:15:00,48.22,2812,22.77,81.27,0.52,Medium
2026-01-17 20:20:00,48.17,0,22.97,85.47,0.41,Medium
2026-01-17 20:25:00,48.11,2022,21.85,85.18,0.39,Medium
2026-01-17 20:30:00,48.06,0,21.19,84.87,0.38,Medium
2026-01-17 20:35:00,48.02,0,22.15,87.19,0.34,Medium
2026-01-17 20:40:00,47.95,0,20.92,87.37,0.31,Medium
2026-01-17 20:45:00,47.87,297,21.86,83.29,0.44,Medium
2026-01-17 20:50:00,47.8,1071,21.13,86.02,0.35,Medium
2026-01-17 20:55:00,47.74,278,20.59,90.86,0.22,Medium
2026-01-17 21:00:00,47.67,1556,22.11,87.68,0.33,Medium
2026-01-17 21:05:00,47.6,2543,20.38,88.8,0.27,Medium
2026-01-17 21:10:00,47.56,1111,21.88,88.33,0.31,Medium
2026-01-17 21:15:00,47.52,0,20.38,91.13,0.21,Medium
2026-01-17 21:20:00,47.48,0,21.71,84.42,0.4,Medium
2026-01-17 21:25:00,47.43,0,21.38,85.5,0.37,Medium
2026-01-17 21:30:00,47.39,2495,21.61,83.33,0.43,Medium
2026-01-17 21:35:00,47.34,1448,20.67,89.99,0.24,Medium
2026-01-17 21:40:00,47.28,2285,19.57,91.69,0.19,Medium
2026-01-17 21:45:00,47.24,0,21.32,88.15,0.3,Medium
2026-01-17 21:50:00,47.16,0,20.46,90.14,0.24,Medium
2026-01-17 21:55:00,47.09,245,20.15,87.18,0.3,Medium
2026-01-17 22:00:00,47.06,0,19.31,90.68,0.21,Medium
2026-01-17 22:05:00,47.02,379,20.94,87.42,0.31,Medium
2026-01-17 22:10:00,46.97,0,19.76,89.91,0.23,Medium
2026-01-17 22:15:00,46.93,2178,19.17,92.23,0.17,Medium
2026-01-17 22:20:00,46.86,528,20.7,86.97,0.32,Medium
2026-01-17 22:25:00,46.81,0,19.85,91.68,0.19,Medium
2026-01-17 22:30:00,46.74,0,19.7,87.7,0.28,Medium
2026-01-17 22:35:00,46.71,1521,20.53,90.86,0.22,Medium
2026-01-17 22:40:00,46.67,0,18.57,94.57,0.12,Medium
2026-01-17 22:45:00,46.63,2066,20.34,89.78,0.24,Medium
2026-01-17 22:50:00,46.56,2424,19.91,91.86,0.19,Medium
2026-01-17 22:55:00,46.51,0,20.08,87.0,0.31,Medium
2026-01-17 23:00:00,46.44,0,19.42,89.69,0.23,Medium
2026-01-17 23:05:00,46.41,0,18.93,90.71,0.2,Medium
2026-01-17 23:10:00,46.34,0,18.53,90.64,0.2,Medium
2026-01-17 23:15:00,46.26,1832,19.97,89.14,0.25,Medium
2026-01-17 23:20:00,46.21,2308,18.35,92.16,0.17,Medium
2026-01-17 23:25:00,46.17,1307,18.75,95.0,0.11,Medium
2026-01-17 23:30:00,46.11,25,18.88,92.91,0.15,Medium
2026-01-17 23:35:00,46.04,0,19.44,89.45,0.24,Medium
2026-01-17 23:40:00,45.99,0,18.42,95.0,0.11,Medium
2026-01-17 23:45:00,45.94,0,18.34,90.85,0.19,Medium
2026-01-17 23:50:00,45.88,1479,18.7,93.22,0.15,Medium
2026-01-17 23:55:00,45.81,1989,18.25,95.0,0.1,Medium
2026-01-18 00:00:00,75.86,1680,20.12,83.24,0.39,Low
2026-01-18 00:05:00,75.78,670,21.82,78.51,0.56,Low
2026-01-18 00:10:00,75.74,0,20.24,81.42,0.44,Low
2026-01-18 00:15:00,75.7,0,20.98,78.98,0.52,Low
2026-01-18 00:20:00,75.63,0,21.84,78.33,0.57,Low
2026-01-18 00:25:00,75.58,398,21.33,81.35,0.47,Low
2026-01-18 00:30:00,75.53,0,22.04,75.1,0.66,Low
2026-01-18 00:35:00,75.49,0,20.25,81.33,0.44,Low
2026-01-18 00:40:00,75.44,2664,20.92,82.01,0.45,Low
2026-01-18 00:45:00,75.37,1006,20.79,80.23,0.49,Low
2026-01-18 00:50:00,75.3,0,20.69,82.84,0.42,Low
2026-01-18 00:55:00,75.23,0,22.01,77.07,0.61,Low
2026-01-18 01:00:00,75.17,426,20.33,79.2,0.5,Low
2026-01-18 01:05:00,75.12,0,21.39,81.06,0.48,Low
2026-01-18 01:10:00,75.06,1230,20.75,77.65,0.55,Low
2026-01-18 01:15:00,75.02,0,22.14,75.97,0.64,Low
2026-01-18 01:20:00,74.98,0,21.92,78.07,0.58,Low
2026-01-18 01:25:00,74.93,2047,21.02,79.76,0.5,Low
2026-01-18 01:30:00,74.88,0,22.44,74.22,0.7,Low
2026-01-18 01:35:00,74.8,0,22.63,77.41,0.62,Low
2026-01-18 01:40:00,74.74,0,21.06,79.84,0.5,Low
2026-01-18 01:45:00,74.66,1787,21.33,77.86,0.56,Low
2026-01-18 01:50:00,74.58,544,22.49,77.7,0.61,Low
2026-01-18 01:55:00,74.53,256,21.59,78.3,0.56,Low
2026-01-18 02:00:00,74.49,1977,22.34,74.81,0.68,Low
2026-01-18 02:05:00,74.43,0,21.63,78.79,0.55,Low
2026-01-18 02:10:00,74.4,0,21.96,78.19,0.58,Low
2026-01-18 02:15:00,74.32,1298,22.03,78.33,0.57,Low
2026-01-18 02:20:00,74.27,2300,22.0,76.41,0.62,Low
2026-01-18 02:25:00,74.19,1411,23.12,75.01,0.71,Low
2026-01-18 02:30:00,74.14,2835,22.74,74.63,0.7,Low
2026-01-18 02:35:00,74.11,0,23.35,76.03,0.69,Low
2026-01-18 02:40:00,74.05,0,22.89,73.11,0.75,Low
2026-01-18 02:45:00,73.98,0,22.32,74.96,0.68,Low
2026-01-18 02:50:00,73.92,1422,23.85,70.62,0.87,Low
2026-01-18 02:55:00,73.88,0,22.56,74.22,0.71,Low
2026-01-18 03:00:00,73.81,199,23.85,72.25,0.82,Low
2026-01-18 03:05:00,73.73,0,24.34,73.57,0.8,Low
2026-01-18 03:10:00,73.66,314,23.49,72.11,0.81,Low
2026-01-18 03:15:00,73.58,876,24.49,69.22,0.95,Low
2026-01-18 03:20:00,73.54,0,24.44,70.42,0.91,Low
2026-01-18 03:25:00,73.48,564,24.14,74.21,0.78,Low
2026-01-18 03:30:00,73.43,0,24.44,73.78,0.8,Low
2026-01-18 03:35:00,73.35,0,23.54,72.44,0.8,Low
2026-01-18 03:40:00,73.31,2034,24.1,75.35,0.74,Low
2026-01-18 03:45:00,73.24,0,23.94,74.94,0.75,Low
2026-01-18 03:50:00,73.18,0,23.74,70.85,0.86,Low
2026-01-18 03:55:00,73.14,0,24.02,71.98,0.84,Low
2026-01-18 04:00:00,73.08,0,25.24,68.74,1.0,Low
2026-01-18 04:05:00,73.05,551,24.33,71.34,0.87,Low
2026-01-18 04:10:00,73.02,2790,24.4,74.47,0.78,Low
2026-01-18 04:15:00,72.97,0,25.43,68.9,1.01,Low
2026-01-18 04:20:00,72.93,1490,26.47,69.11,1.07,Low
2026-01-18 04:25:00,72.89,2221,26.73,65.87,1.2,Low
2026-01-18 04:30:00,72.83,2636,25.99,65.28,1.17,Low
2026-01-18 04:35:00,72.8,0,25.56,67.85,1.05,Low
2026-01-18 04:40:00,72.74,954,26.92,68.24,1.13,Low
2026-01-18 04:45:00,72.68,2204,25.84,66.76,1.11,Low
2026-01-18 04:50:00,72.64,2621,25.62,69.78,0.99,Low
2026-01-18 04:55:00,72.6,0,25.95,66.14,1.13,Low
2026-01-18 05:00:00,72.56,0,26.13,70.31,1.01,Low
2026-01-18 05:05:00,72.5,0,27.93,61.83,1.44,Low
2026-01-18 05:10:00,72.45,140,28.06,63.33,1.39,Low
2026-01-18 05:15:00,72.41,0,28.28,65.12,1.34,Low
2026-01-18 05:20:00,72.38,0,27.11,66.38,1.21,Low
2026-01-18 05:25:00,72.33,0,27.34,62.54,1.36,Low
2026-01-18 05:30:00,72.25,69,27.64,64.09,1.33,Low
2026-01-18 05:35:00,72.21,0,28.8,62.45,1.49,Low
2026-01-18 05:40:00,72.17,0,27.9,66.12,1.27,Low
2026-01-18 05:45:00,72.14,0,27.92,65.42,1.3,Low
2026-01-18 05:50:00,72.07,0,28.64,61.19,1.52,Low
2026-01-18 05:55:00,72.02,5,29.42,59.67,1.65,Medium
2026-01-18 06:00:00,71.95,2984,29.14,58.97,1.66,Medium
2026-01-18 06:05:00,71.88,1727,29.72,58.0,1.75,Medium
2026-01-18 06:10:00,71.81,5372,28.62,59.42,1.59,Low
2026-01-18 06:15:00,71.77,7615,28.87,63.0,1.47,Low
2026-01-18 06:20:00,71.72,12898,30.0,56.01,1.87,Medium
2026-01-18 06:25:00,71.67,11542,29.87,61.61,1.62,Low
2026-01-18 06:30:00,71.62,13056,30.93,56.2,1.96,Medium
2026-01-18 06:35:00,71.55,18033,29.86,56.42,1.83,Medium
2026-01-18 06:40:00,71.51,18291,30.55,57.93,1.84,Medium
2026-01-18 06:45:00,71.45,21263,30.42,60.12,1.73,Low
2026-01-18 06:50:00,71.37,23652,31.21,55.96,2.0,Medium
2026-01-18 06:55:00,71.32,25988,30.95,56.57,1.95,Medium
2026-01-18 07:00:00,71.26,30017,30.82,56.82,1.92,Medium
2026-01-18 07:05:00,71.21,34451,31.95,53.05,2.23,Medium
2026-01-18 07:10:00,71.17,35657,31.34,55.24,2.05,Medium
2026-01-18 07:15:00,71.13,38820,31.68,57.93,1.96,Medium
2026-01-18 07:20:00,71.04,41625,32.05,51.8,2.3,Medium
2026-01-18 07:25:00,71.0,42333,31.93,51.75,2.29,Medium
2026-01-18 07:30:00,70.9,46555,31.97,52.48,2.26,Medium
2026-01-18 07:35:00,70.82,46418,31.24,55.15,2.04,Medium
2026-01-18 07:40:00,70.73,50626,32.68,52.15,2.36,Medium
2026-01-18 07:45:00,70.67,50334,32.01,56.67,2.06,Medium
2026-01-18 07:50:00,70.59,51468,33.49,49.45,2.61,Medium
2026-01-18 07:55:00,70.49,55368,32.7,51.06,2.42,Medium
2026-01-18 08:00:00,70.39,58495,33.29,48.57,2.63,Medium
2026-01-18 08:05:00,70.24,61984,33.55,48.55,2.67,Medium
2026-01-18 08:10:00,70.1,59889,32.66,52.33,2.35,Medium
2026-01-18 08:15:00,69.98,64744,34.27,50.84,2.65,High
2026-01-18 08:20:00,69.88,65674,34.13,50.38,2.66,High
2026-01-18 08:25:00,69.74,69560,33.17,52.77,2.4,High
2026-01-18 08:30:00,69.64,69831,32.96,50.42,2.49,High
2026-01-18 08:35:00,69.38,73860,33.62,51.86,2.51,High
2026-01-18 08:40:00,69.18,73942,34.88,47.67,2.92,High
2026-01-18 08:45:00,68.99,74714,34.76,51.02,2.72,High
2026-01-18 08:50:00,68.84,78717,33.45,49.88,2.59,High
2026-01-18 08:55:00,68.59,80690,35.19,44.42,3.16,High
2026-01-18 09:00:00,68.36,82907,34.78,49.6,2.8,High
2026-01-18 09:05:00,68.16,84411,34.58,45.64,2.99,High
2026-01-18 09:10:00,67.88,82154,34.27,46.59,2.88,High
2026-01-18 09:15:00,67.76,89234,35.17,49.49,2.87,High
2026-01-18 09:20:00,67.48,89952,34.51,49.11,2.78,High
2026-01-18 09:25:00,67.24,90380,35.26,47.95,2.97,High
2026-01-18 09:30:00,67.09,89194,35.42,44.25,3.21,High
2026-01-18 09:35:00,66.81,95535,35.86,47.15,3.12,High
2026-01-18 09:40:00,66.51,91745,35.02,48.88,2.88,High
2026-01-18 09:45:00,66.33,97553,35.72,44.69,3.24,High
2026-01-18 09:50:00,66.06,95741,35.56,43.4,3.28,High
2026-01-18 09:55:00,65.75,99436,36.02,46.14,3.2,High
2026-01-18 10:00:00,65.56,100000,35.1,50.01,2.83,High
2026-01-18 10:05:00,65.38,100000,36.99,40.03,3.5,High
2026-01-18 10:10:00,65.26,100000,36.65,43.22,3.49,High
2026-01-18 10:15:00,64.97,100000,35.94,46.05,3.19,High
2026-01-18 10:20:00,64.72,100000,36.13,43.45,3.38,High
2026-01-18 10:25:00,64.42,100000,35.65,44.4,3.24,High
2026-01-18 10:30:00,64.13,100000,36.88,44.9,3.43,High
2026-01-18 10:35:00,63.84,100000,36.85,44.41,3.46,High
2026-01-18 10:40:00,63.63,100000,35.67,43.63,3.29,High
2026-01-18 10:45:00,63.31,100000,37.3,43.02,3.5,High
2026-01-18 10:50:00,63.01,100000,36.17,42.49,3.45,High
2026-01-18 10:55:00,62.7,100000,36.74,45.06,3.4,High
2026-01-18 11:00:00,62.43,100000,35.93,43.87,3.32,High
2026-01-18 11:05:00,62.17,100000,37.61,43.9,3.5,High
2026-01-18 11:10:00,61.89,100000,36.0,47.84,3.1,High
2026-01-18 11:15:00,61.74,100000,36.08,45.62,3.24,High
2026-01-18 11:20:00,61.58,100000,37.14,44.86,3.49,High
2026-01-18 11:25:00,61.28,100000,36.93,43.16,3.5,High
2026-01-18 11:30:00,61.08,100000,37.85,38.89,3.5,High
2026-01-18 11:35:00,60.82,100000,36.28,44.85,3.33,High
2026-01-18 11:40:00,60.64,100000,37.51,43.78,3.5,High
2026-01-18 11:45:00,60.44,100000,37.88,38.0,3.5,High
2026-01-18 11:50:00,60.2,100000,37.01,41.92,3.5,High
2026-01-18 11:55:00,60.07,100000,37.28,40.91,3.5,High
2026-01-18 12:00:00,59.92,100000,37.08,43.27,3.5,High
2026-01-18 12:05:00,59.77,100000,37.2,44.6,3.5,High
2026-01-18 12:10:00,59.64,100000,36.94,40.14,3.5,High
2026-01-18 12:15:00,59.42,100000,36.25,45.37,3.29,High
2026-01-18 12:20:00,59.22,100000,37.24,45.31,3.48,High
2026-01-18 12:25:00,59.05,100000,37.3,40.9,3.5,High
2026-01-18 12:30:00,58.8,100000,37.54,42.57,3.5,High
2026-01-18 12:35:00,58.58,100000,36.57,45.81,3.32,High
2026-01-18 12:40:00,58.4,100000,35.89,46.87,3.14,High
2026-01-18 12:45:00,58.15,100000,37.17,41.3,3.5,High
2026-01-18 12:50:00,58.01,100000,36.56,41.03,3.5,High
2026-01-18 12:55:00,57.83,100000,37.62,41.22,3.5,High
2026-01-18 13:00:00,57.63,100000,36.09,45.41,3.26,High
2026-01-18 13:05:00,57.43,100000,37.31,40.68,3.5,High
2026-01-18 13:10:00,57.25,100000,37.15,45.06,3.48,High
2026-01-18 13:15:00,56.99,100000,36.33,46.04,3.26,High
2026-01-18 13:20:00,56.78,100000,35.6,47.31,3.06,High
2026-01-18 13:25:00,56.57,100000,36.46,44.34,3.39,High
2026-01-18 13:30:00,56.25,100000,36.13,45.99,3.23,High
2026-01-18 13:35:00,55.96,100000,37.07,41.37,3.5,High
2026-01-18 13:40:00,55.69,100000,36.27,43.69,3.4,High
2026-01-18 13:45:00,55.51,100000,36.08,45.13,3.27,High
2026-01-18 13:50:00,55.19,100000,36.52,47.0,3.24,High
2026-01-18 13:55:00,54.98,98054,35.48,45.83,3.13,High
2026-01-18 14:00:00,54.74,100000,36.48,43.54,3.44,High
2026-01-18 14:05:00,54.52,98803,35.1,47.68,2.96,High
2026-01-18 14:10:00,54.37,99314,36.57,46.32,3.29,High
2026-01-18 14:15:00,54.17,94158,34.75,48.7,2.85,High
2026-01-18 14:20:00,54.05,93666,34.88,48.48,2.88,High
2026-01-18 14:25:00,53.74,90177,35.29,46.57,3.05,High
2026-01-18 14:30:00,53.54,89297,35.51,48.67,2.97,High
2026-01-18 14:35:00,53.28,92138,36.21,47.41,3.16,High
2026-01-18 14:40:00,52.97,90583,34.44,49.41,2.76,High
2026-01-18 14:45:00,52.7,84753,35.11,48.75,2.9,High
2026-01-18 14:50:00,52.44,84185,35.63,46.14,3.14,High
2026-01-18 14:55:00,52.23,81195,34.68,50.73,2.72,High
2026-01-18 15:00:00,52.09,79799,34.26,49.36,2.73,High
2026-01-18 15:05:00,51.81,81368,35.43,48.89,2.94,High
2026-01-18 15:10:00,51.65,75893,33.6,50.9,2.55,High
2026-01-18 15:15:00,51.45,73332,34.8,50.9,2.73,High
2026-01-18 15:20:00,51.31,76301,33.2,50.38,2.52,High
2026-01-18 15:25:00,51.16,73171,34.97,50.16,2.8,High
2026-01-18 15:30:00,50.88,71489,34.1,46.96,2.84,High
2026-01-18 15:35:00,50.74,68968,34.21,51.43,2.61,High
2026-01-18 15:40:00,50.67,66345,34.05,47.99,2.77,High
2026-01-18 15:45:00,50.59,65759,32.85,52.41,2.37,High
2026-01-18 15:50:00,50.48,62050,33.57,48.58,2.67,High
2026-01-18 15:55:00,50.38,60525,33.23,53.57,2.37,High
2026-01-18 16:00:00,50.31,59215,32.32,56.3,2.12,High
2026-01-18 16:05:00,50.19,54290,33.67,53.39,2.43,High
2026-01-18 16:10:00,50.13,51196,31.81,53.87,2.17,Medium
2026-01-18 16:15:00,50.02,50770,32.68,52.4,2.35,High
2026-01-18 16:20:00,49.87,49335,32.98,50.71,2.48,High
2026-01-18 16:25:00,49.72,48808,32.02,54.76,2.15,High
2026-01-18 16:30:00,49.65,46535,32.62,55.86,2.17,High
2026-01-18 16:35:00,49.51,40900,32.87,52.59,2.37,High
2026-01-18 16:40:00,49.41,40285,30.91,55.39,1.99,High
2026-01-18 16:45:00,49.35,36416,31.47,53.23,2.16,High
2026-01-18 16:50:00,49.29,37450,31.55,53.35,2.16,High
2026-01-18 16:55:00,49.18,33032,32.07,55.87,2.11,High
2026-01-18 17:00:00,49.12,28251,30.08,61.44,1.64,Medium
2026-01-18 17:05:00,49.09,25314,30.14,57.03,1.84,Medium
2026-01-18 17:10:00,49.04,25853,30.12,57.62,1.81,Medium
2026-01-18 17:15:00,48.98,22412,29.59,59.93,1.66,Medium
2026-01-18 17:20:00,48.93,22913,29.54,59.17,1.69,Medium
2026-01-18 17:25:00,48.86,17947,29.39,61.38,1.58,Medium
2026-01-18 17:30:00,48.78,14011,29.34,61.26,1.58,Medium
2026-01-18 17:35:00,48.73,9945,30.07,57.04,1.83,Medium
2026-01-18 17:40:00,48.69,7264,29.12,59.82,1.62,Medium
2026-01-18 17:45:00,48.64,10499,29.11,59.69,1.62,Medium
2026-01-18 17:50:00,48.59,2016,29.45,58.89,1.69,Medium
2026-01-18 17:55:00,48.55,5261,29.06,60.65,1.58,Medium
2026-01-18 18:00:00,48.48,2918,28.45,65.1,1.35,Medium
2026-01-18 18:05:00,48.41,0,29.21,59.75,1.63,Medium
2026-01-18 18:10:00,48.33,1718,28.87,62.38,1.5,Medium
2026-01-18 18:15:00,48.29,2119,28.85,64.49,1.41,Medium
2026-01-18 18:20:00,48.24,2766,28.69,60.01,1.57,Medium
2026-01-18 18:25:00,48.16,0,27.82,63.31,1.37,Medium
2026-01-18 18:30:00,48.11,1883,27.03,66.18,1.21,Medium
2026-01-18 18:35:00,48.04,0,26.79,67.84,1.13,Low
2026-01-18 18:40:00,48.0,0,28.23,65.09,1.34,Medium
2026-01-18 18:45:00,47.96,714,27.88,64.9,1.32,Medium
2026-01-18 18:50:00,47.9,2530,27.6,61.8,1.41,Medium
2026-01-18 18:55:00,47.86,0,27.04,62.87,1.33,Medium
2026-01-18 19:00:00,47.79,0,27.59,63.42,1.35,Medium
2026-01-18 19:05:00,47.72,0,26.0,65.32,1.17,Low
2026-01-18 19:10:00,47.68,1730,26.8,66.63,1.18,Low
2026-01-18 19:15:00,47.63,0,27.04,64.07,1.28,Medium
2026-01-18 19:20:00,47.6,1603,26.8,67.79,1.14,Low
2026-01-18 19:25:00,47.55,2492,26.13,68.17,1.08,Low
2026-01-18 19:30:00,47.52,770,26.84,67.44,1.15,Low
2026-01-18 19:35:00,47.47,242,25.67,66.87,1.09,Low
2026-01-18 19:40:00,47.42,0,25.84,71.4,0.95,Low
2026-01-18 19:45:00,47.38,1255,25.85,66.79,1.11,Low
2026-01-18 19:50:00,47.35,1324,24.78,68.8,0.98,Low
2026-01-18 19:55:00,47.28,2912,24.53,70.38,0.91,Low
2026-01-18 20:00:00,47.21,43,25.01,67.81,1.02,Low
2026-01-18 20:05:00,47.15,0,24.71,72.48,0.86,Low
2026-01-18 20:10:00,47.12,2812,24.67,71.84,0.87,Low
2026-01-18 20:15:00,47.08,0,24.91,71.89,0.89,Low
2026-01-18 20:20:00,47.0,1933,25.09,71.07,0.92,Low
2026-01-18 20:25:00,46.93,0,25.0,68.7,0.99,Low
2026-01-18 20:30:00,46.88,0,23.42,71.73,0.81,Low
2026-01-18 20:35:00,46.85,0,23.54,71.13,0.84,Low
2026-01-18 20:40:00,46.79,0,23.66,71.31,0.84,Low
2026-01-18 20:45:00,46.72,0,23.53,73.61,0.77,Low
2026-01-18 20:50:00,46.66,0,24.57,70.37,0.91,Low
2026-01-18 20:55:00,46.62,0,23.41,74.02,0.75,Low
2026-01-18 21:00:00,46.54,0,23.77,74.7,0.74,Low
2026-01-18 21:05:00,46.47,190,22.33,78.98,0.57,Low
2026-01-18 21:10:00,46.4,2372,23.94,70.42,0.88,Low
2026-01-18 21:15:00,46.35,1475,22.56,78.04,0.6,Low
2026-01-18 21:20:00,46.28,459,23.33,73.87,0.75,Low
2026-01-18 21:25:00,46.23,2986,23.37,72.05,0.8,Low
2026-01-18 21:30:00,46.15,1218,22.15,77.51,0.6,Low
2026-01-18 21:35:00,46.1,2857,22.28,74.59,0.68,Low
2026-01-18 21:40:00,46.05,0,22.93,73.05,0.75,Low
2026-01-18 21:45:00,46.0,0,22.46,74.64,0.69,Low
2026-01-18 21:50:00,45.95,0,22.06,79.15,0.55,Low
2026-01-18 21:55:00,45.92,0,21.24,78.74,0.54,Medium
2026-01-18 22:00:00,45.88,1385,21.16,81.65,0.46,Medium
2026-01-18 22:05:00,45.82,0,22.25,73.87,0.7,Low
2026-01-18 22:10:00,45.77,2157,21.15,79.89,0.5,Medium
2026-01-18 22:15:00,45.7,0,22.8,77.0,0.64,Low
2026-01-18 22:20:00,45.66,0,21.04,80.27,0.49,Medium
2026-01-18 22:25:00,45.61,1604,22.05,77.03,0.61,Low
2026-01-18 22:30:00,45.57,584,21.54,76.84,0.6,Medium
2026-01-18 22:35:00,45.54,0,21.84,77.12,0.6,Medium
2026-01-18 22:40:00,45.46,0,21.92,75.39,0.65,Medium
2026-01-18 22:45:00,45.42,1888,21.12,79.38,0.52,Medium
2026-01-18 22:50:00,45.36,1867,21.01,82.56,0.43,Medium
2026-01-18 22:55:00,45.28,0,20.59,82.12,0.43,Medium
2026-01-18 23:00:00,45.22,0,20.84,79.05,0.52,Medium
2026-01-18 23:05:00,45.16,0,20.48,81.27,0.45,Medium
2026-01-18 23:10:00,45.12,0,21.38,77.93,0.56,Medium
2026-01-18 23:15:00,45.07,2071,21.93,79.14,0.55,Medium
2026-01-18 23:20:00,45.0,2201,20.93,80.43,0.48,Medium
2026-01-18 23:25:00,44.96,0,20.39,81.07,0.45,Medium
2026-01-18 23:30:00,44.91,0,20.88,82.79,0.43,Medium
2026-01-18 23:35:00,44.86,2042,21.67,77.02,0.6,Medium
2026-01-18 23:40:00,44.82,0,20.93,82.05,0.44,Medium
2026-01-18 23:45:00,44.78,2529,20.86,77.12,0.56,Medium
2026-01-18 23:50:00,44.75,0,21.61,78.33,0.56,Medium
2026-01-18 23:55:00,44.69,0,20.75,77.3,0.56,Medium
2026-01-19 00:00:00,81.74,0,18.18,91.75,0.17,Low
2026-01-19 00:05:00,81.71,0,18.7,90.37,0.21,Low
2026-01-19 00:10:00,81.66,0,18.52,91.88,0.17,Low
2026-01-19 00:15:00,81.58,0,18.9,93.78,0.14,Low
2026-01-19 00:20:00,81.51,0,19.49,88.75,0.26,Low
2026-01-19 00:25:00,81.48,2925,19.44,91.1,0.2,Low
2026-01-19 00:30:00,81.44,0,19.51,93.72,0.14,Low
2026-01-19 00:35:00,81.39,148,19.38,91.88,0.18,Low
2026-01-19 00:40:00,81.34,2620,20.05,91.97,0.19,Low
2026-01-19 00:45:00,81.29,0,18.58,95.0,0.11,Low
2026-01-19 00:50:00,81.24,0,18.58,93.91,0.13,Low
2026-01-19 00:55:00,81.21,0,19.57,91.27,0.2,Low
2026-01-19 01:00:00,81.17,0,19.65,88.93,0.25,Low
2026-01-19 01:05:00,81.1,0,19.81,90.28,0.22,Low
2026-01-19 01:10:00,81.04,0,19.45,88.29,0.26,Low
2026-01-19 01:15:00,80.99,0,19.55,91.65,0.19,Low
2026-01-19 01:20:00,80.93,0,18.97,94.28,0.13,Low
2026-01-19 01:25:00,80.89,0,19.75,92.29,0.18,Low
2026-01-19 01:30:00,80.86,2163,19.74,89.33,0.25,Low
2026-01-19 01:35:00,80.79,2529,20.41,87.98,0.29,Low
2026-01-19 01:40:00,80.74,2608,20.38,91.5,0.2,Low
2026-01-19 01:45:00,80.7,562,20.06,87.98,0.28,Low
2026-01-19 01:50:00,80.66,0,19.85,92.94,0.16,Low
2026-01-19 01:55:00,80.63,2204,20.43,89.93,0.24,Low
2026-01-19 02:00:00,80.58,0,19.55,91.49,0.19,Low
2026-01-19 02:05:00,80.54,0,21.14,88.07,0.3,Low
2026-01-19 02:10:00,80.5,97,20.85,86.81,0.33,Low
2026-01-19 02:15:00,80.45,959,19.94,90.76,0.22,Low
2026-01-19 02:20:00,80.4,0,21.23,88.22,0.3,Low
2026-01-19 02:25:00,80.34,0,20.19,91.62,0.2,Low
2026-01-19 02:30:00,80.28,0,19.91,92.7,0.17,Low
2026-01-19 02:35:00,80.24,1138,20.63,89.28,0.26,Low
2026-01-19 02:40:00,80.17,0,21.79,82.9,0.45,Low
2026-01-19 02:45:00,80.13,2908,21.56,84.69,0.39,Low
2026-01-19 02:50:00,80.07,0,21.65,86.96,0.34,Low
2026-01-19 02:55:00,80.02,0,22.05,85.09,0.4,Low
2026-01-19 03:00:00,79.96,0,22.22,86.25,0.37,Low
2026-01-19 03:05:00,79.89,0,20.54,91.34,0.21,Low
2026-01-19 03:10:00,79.83,1815,20.65,85.52,0.35,Low
2026-01-19 03:15:00,79.77,0,20.83,85.3,0.36,Low
2026-01-19 03:20:00,79.71,20,21.2,86.07,0.35,Low
2026-01-19 03:25:00,79.64,1944,21.16,88.17,0.3,Low
2026-01-19 03:30:00,79.6,0,21.72,88.42,0.3,Low
2026-01-19 03:35:00,79.53,2211,22.62,83.81,0.44,Low
2026-01-19 03:40:00,79.48,0,22.42,83.95,0.44,Low
2026-01-19 03:45:00,79.44,2051,23.41,81.74,0.53,Low
2026-01-19 03:50:00,79.37,0,23.39,81.64,0.53,Low
2026-01-19 03:55:00,79.3,0,23.17,84.78,0.43,Low
2026-01-19 04:00:00,79.25,2731,22.81,82.12,0.5,Low
2026-01-19 04:05:00,79.19,442,22.29,83.33,0.45,Low
2026-01-19 04:10:00,79.15,0,23.6,81.86,0.53,Low
2026-01-19 04:15:00,79.09,1620,23.64,82.71,0.5,Low
2026-01-19 04:20:00,79.03,1248,24.3,82.17,0.54,Low
2026-01-19 04:25:00,78.97,592,22.93,84.49,0.43,Low
2026-01-19 04:30:00,78.93,721,24.12,79.42,0.62,Low
2026-01-19 04:35:00,78.89,583,24.83,80.68,0.61,Low
2026-01-19 04:40:00,78.85,1650,24.91,78.32,0.68,Low
2026-01-19 04:45:00,78.77,0,23.69,82.05,0.53,Low
2026-01-19 04:50:00,78.71,0,23.8,82.58,0.51,Low
2026-01-19 04:55:00,78.65,202,25.63,77.96,0.72,Low
2026-01-19 05:00:00,78.57,0,25.75,75.51,0.81,Low
2026-01-19 05:05:00,78.53,0,24.55,80.72,0.59,Low
2026-01-19 05:10:00,78.46,1447,25.17,81.04,0.61,Low
2026-01-19 05:15:00,78.4,0,24.71,79.71,0.63,Low
2026-01-19 05:20:00,78.33,2634,26.44,73.99,0.9,Low
2026-01-19 05:25:00,78.28,0,26.64,74.11,0.9,Low
2026-01-19 05:30:00,78.21,0,25.96,78.37,0.73,Low
2026-01-19 05:35:00,78.16,2453,26.18,73.55,0.9,Low
2026-01-19 05:40:00,78.1,893,26.59,72.19,0.97,Low
2026-01-19 05:45:00,78.06,0,27.42,72.26,1.01,Low
2026-01-19 05:50:00,78.0,2924,27.05,71.99,1.0,Low
2026-01-19 05:55:00,77.93,0,26.98,72.79,0.97,Low
2026-01-19 06:00:00,77.89,218,27.15,75.77,0.87,Low
2026-01-19 06:05:00,77.82,3258,26.22,75.78,0.83,Low
2026-01-19 06:10:00,77.78,4766,27.6,74.31,0.95,Low
2026-01-19 06:15:00,77.72,4988,27.88,68.9,1.17,Low
2026-01-19 06:20:00,77.69,6640,28.53,69.74,1.18,Low
2026-01-19 06:25:00,77.63,8242,28.55,72.62,1.07,Low
2026-01-19 06:30:00,77.59,10847,27.81,69.62,1.14,Low
2026-01-19 06:35:00,77.54,16607,29.02,70.36,1.19,Low
2026-01-19 06:40:00,77.46,17360,27.94,74.29,0.97,Low
2026-01-19 06:45:00,77.41,21018,28.21,70.28,1.14,Low
2026-01-19 06:50:00,77.35,24440,27.93,70.29,1.12,Low
2026-01-19 06:55:00,77.31,21082,27.91,71.94,1.06,Low
2026-01-19 07:00:00,77.27,25371,29.64,68.0,1.33,Low
2026-01-19 07:05:00,77.22,27127,29.61,67.4,1.35,Low
2026-01-19 07:10:00,77.15,27994,29.06,71.52,1.14,Low
2026-01-19 07:15:00,77.1,33762,29.09,69.62,1.22,Low
2026-01-19 07:20:00,77.06,32064,29.33,70.63,1.2,Low
2026-01-19 07:25:00,77.03,38716,29.96,70.09,1.27,Low
2026-01-19 07:30:00,76.93,40287,30.61,67.51,1.43,Low
2026-01-19 07:35:00,76.88,39990,30.68,68.18,1.4,Low
2026-01-19 07:40:00,76.82,42995,29.47,70.07,1.23,Low
2026-01-19 07:45:00,76.77,44305,31.37,63.31,1.68,Medium
2026-01-19 07:50:00,76.69,45171,31.29,61.33,1.77,Medium
2026-01-19 07:55:00,76.6,45281,30.92,65.54,1.54,Low
2026-01-19 08:00:00,76.56,48275,31.49,64.57,1.64,Medium
2026-01-19 08:05:00,76.49,52705,31.69,65.05,1.63,Medium
2026-01-19 08:10:00,76.41,55797,31.27,66.01,1.55,Low
2026-01-19 08:15:00,76.36,57601,31.42,62.76,1.71,Medium
2026-01-19 08:20:00,76.31,55616,31.13,63.75,1.64,Medium
2026-01-19 08:25:00,76.25,58037,30.76,62.51,1.66,Medium
2026-01-19 08:30:00,76.17,60141,32.38,62.68,1.81,Medium
2026-01-19 08:35:00,76.06,65494,32.03,62.78,1.77,Medium
2026-01-19 08:40:00,76.0,62615,32.42,59.94,1.95,Medium
2026-01-19 08:45:00,75.96,67904,31.95,64.09,1.7,Medium
2026-01-19 08:50:00,75.84,67152,32.72,58.75,2.04,Medium
2026-01-19 08:55:00,75.71,70055,32.07,64.09,1.71,Medium
2026-01-19 09:00:00,75.59,68250,32.12,64.58,1.7,Medium
2026-01-19 09:05:00,75.3,71229,33.3,58.08,2.14,Medium
2026-01-19 09:10:00,75.21,71874,31.93,61.43,1.83,Medium
2026-01-19 09:15:00,75.0,76648,32.21,62.91,1.78,Medium
2026-01-19 09:20:00,74.68,76366,33.19,60.31,2.02,Medium
2026-01-19 09:25:00,74.47,76841,32.47,61.41,1.88,Medium
2026-01-19 09:30:00,74.32,81789,32.88,60.51,1.97,Medium
2026-01-19 09:35:00,74.03,80776,32.46,62.69,1.82,Medium
2026-01-19 09:40:00,73.77,82763,33.19,61.9,1.94,Medium
2026-01-19 09:45:00,73.61,81805,34.26,57.62,2.29,Medium
2026-01-19 09:50:00,73.4,82657,34.04,60.53,2.1,Medium
2026-01-19 09:55:00,73.14,84654,34.31,57.37,2.31,Medium
2026-01-19 10:00:00,72.92,84597,34.44,56.3,2.38,Medium
2026-01-19 10:05:00,72.71,85931,34.87,57.89,2.35,Medium
2026-01-19 10:10:00,72.47,88004,34.5,54.75,2.47,Medium
2026-01-19 10:15:00,72.27,90540,34.49,57.76,2.31,Medium
2026-01-19 10:20:00,71.99,90808,35.21,57.37,2.43,Medium
2026-01-19 10:25:00,71.84,91535,34.26,55.97,2.38,Medium
2026-01-19 10:30:00,71.66,91558,34.15,56.49,2.33,Medium
2026-01-19 10:35:00,71.45,93763,34.7,53.33,2.58,Medium
2026-01-19 10:40:00,71.28,91770,33.82,59.56,2.13,Medium
2026-01-19 10:45:00,71.05,94394,34.52,56.61,2.38,Medium
2026-01-19 10:50:00,70.79,97675,35.59,52.51,2.76,Medium
2026-01-19 10:55:00,70.51,93220,34.83,57.77,2.35,Medium
2026-01-19 11:00:00,70.24,98536,34.58,58.69,2.27,Medium
2026-01-19 11:05:00,70.01,96822,35.03,56.47,2.45,Medium
2026-01-19 11:10:00,69.75,100000,35.43,55.0,2.59,High
2026-01-19 11:15:00,69.56,99824,33.99,57.35,2.27,High
2026-01-19 11:20:00,69.26,98629,34.28,60.08,2.16,High
2026-01-19 11:25:00,69.05,99582,35.0,52.75,2.66,High
2026-01-19 11:30:00,68.91,99229,34.35,56.11,2.38,High
2026-01-19 11:35:00,68.72,96754,34.94,56.12,2.46,High
2026-01-19 11:40:00,68.56,100000,35.94,54.09,2.72,High
2026-01-19 11:45:00,68.34,98046,35.64,52.62,2.76,High
2026-01-19 11:50:00,68.02,100000,34.81,58.09,2.33,High
2026-01-19 11:55:00,67.78,99367,35.37,52.56,2.72,High
2026-01-19 12:00:00,67.5,98082,35.36,57.28,2.45,High
2026-01-19 12:05:00,67.36,100000,35.2,54.03,2.61,High
2026-01-19 12:10:00,67.12,100000,35.75,51.7,2.83,High
2026-01-19 12:15:00,66.87,99923,35.56,53.53,2.69,High
2026-01-19 12:20:00,66.58,99683,35.49,52.17,2.76,High
2026-01-19 12:25:00,66.38,99336,35.25,57.42,2.43,High
2026-01-19 12:30:00,66.24,100000,35.45,51.68,2.79,High
2026-01-19 12:35:00,66.09,96627,34.82,55.81,2.46,High
2026-01-19 12:40:00,65.92,97806,34.99,56.17,2.46,High
2026-01-19 12:45:00,65.63,99317,34.4,57.87,2.29,High
2026-01-19 12:50:00,65.5,98274,35.13,54.92,2.55,High
2026-01-19 12:55:00,65.28,94399,35.2,54.99,2.56,High
2026-01-19 13:00:00,64.98,98766,34.96,57.3,2.4,High
2026-01-19 13:05:00,64.77,94151,35.67,53.08,2.74,High
2026-01-19 13:10:00,64.5,95025,35.23,56.41,2.48,High
2026-01-19 13:15:00,64.35,95642,35.26,57.19,2.44,High
2026-01-19 13:20:00,64.08,94762,34.18,58.48,2.23,High
2026-01-19 13:25:00,63.82,95631,34.34,56.17,2.38,High
2026-01-19 13:30:00,63.55,93095,34.44,57.84,2.3,High
2026-01-19 13:35:00,63.42,92796,34.36,55.66,2.41,High
2026-01-19 13:40:00,63.1,90685,33.99,56.09,2.33,High
2026-01-19 13:45:00,62.97,88538,33.8,58.17,2.2,High
2026-01-19 13:50:00,62.81,86315,34.94,53.56,2.6,High
2026-01-19 13:55:00,62.6,86608,34.31,54.38,2.47,High
2026-01-19 14:00:00,62.4,84285,34.91,56.48,2.43,High
2026-01-19 14:05:00,62.27,85694,34.71,53.62,2.57,High
2026-01-19 14:10:00,62.06,86609,34.02,57.44,2.27,High
2026-01-19 14:15:00,61.74,85441,32.76,59.05,2.03,High
2026-01-19 14:20:00,61.52,82680,34.16,56.57,2.33,High
2026-01-19 14:25:00,61.34,83502,32.98,60.6,1.98,Medium
2026-01-19 14:30:00,61.13,82273,34.18,59.31,2.19,High
2026-01-19 14:35:00,60.99,80711,33.95,59.8,2.13,High
2026-01-19 14:40:00,60.83,74412,32.56,60.02,1.96,Medium
2026-01-19 14:45:00,60.63,76155,33.01,62.28,1.9,Medium
2026-01-19 14:50:00,60.48,72924,33.79,59.53,2.13,High
2026-01-19 14:55:00,60.31,73252,33.6,59.7,2.1,High
2026-01-19 15:00:00,60.15,73481,32.67,62.49,1.85,Medium
2026-01-19 15:05:00,60.07,69540,31.61,60.83,1.82,Medium
2026-01-19 15:10:00,59.92,68530,33.25,60.38,2.02,Medium
2026-01-19 15:15:00,59.82,63984,31.73,60.57,1.85,Medium
2026-01-19 15:20:00,59.69,61692,32.62,60.07,1.97,Medium
2026-01-19 15:25:00,59.63,63090,32.08,63.99,1.72,Medium
2026-01-19 15:30:00,59.57,59119,31.8,61.6,1.81,Medium
2026-01-19 15:35:00,59.52,57658,31.67,61.21,1.81,Medium
2026-01-19 15:40:00,59.4,57791,32.07,62.5,1.79,Medium
2026-01-19 15:45:00,59.25,55479,32.29,63.18,1.78,Medium
2026-01-19 15:50:00,59.19,53278,31.52,63.16,1.7,Medium
2026-01-19 15:55:00,59.07,54262,32.05,59.75,1.92,Medium
2026-01-19 16:00:00,58.97,50310,30.81,66.01,1.51,Medium
2026-01-19 16:05:00,58.91,45692,31.63,64.98,1.63,Medium
2026-01-19 16:10:00,58.86,46051,30.24,67.64,1.39,Medium
2026-01-19 16:15:00,58.79,46132,30.72,63.56,1.61,Medium
2026-01-19 16:20:00,58.73,39416,30.28,69.33,1.32,Medium
2026-01-19 16:25:00,58.67,38026,30.66,64.91,1.55,Medium
2026-01-19 16:30:00,58.63,41094,31.06,66.2,1.52,Medium
2026-01-19 16:35:00,58.55,39014,29.2,69.64,1.23,Medium
2026-01-19 16:40:00,58.5,34652,30.23,67.34,1.4,Medium
2026-01-19 16:45:00,58.45,29843,30.21,68.86,1.34,Medium
2026-01-19 16:50:00,58.37,27809,29.31,70.06,1.22,Medium
2026-01-19 16:55:00,58.29,30698,29.07,66.16,1.36,Medium
2026-01-19 17:00:00,58.22,28373,29.56,66.67,1.38,Medium
2026-01-19 17:05:00,58.18,21575,29.74,69.68,1.27,Medium
2026-01-19 17:10:00,58.13,24517,29.09,67.7,1.3,Medium
2026-01-19 17:15:00,58.07,21906,27.64,70.68,1.09,Low
2026-01-19 17:20:00,58.03,15689,28.24,70.58,1.13,Low
2026-01-19 17:25:00,57.97,12775,28.7,72.18,1.1,Low
2026-01-19 17:30:00,57.91,13866,27.7,70.95,1.08,Low
2026-01-19 17:35:00,57.87,8048,27.42,70.92,1.06,Low
2026-01-19 17:40:00,57.82,6091,28.41,69.47,1.18,Low
2026-01-19 17:45:00,57.75,8830,27.24,71.18,1.04,Low
2026-01-19 17:50:00,57.7,2022,27.98,70.96,1.1,Low
2026-01-19 17:55:00,57.63,490,26.43,75.61,0.84,Low
2026-01-19 18:00:00,57.57,2427,26.71,73.85,0.92,Low
2026-01-19 18:05:00,57.53,495,26.5,73.01,0.93,Low
2026-01-19 18:10:00,57.46,0,27.02,76.13,0.85,Low
2026-01-19 18:15:00,57.39,0,26.07,74.33,0.87,Low
2026-01-19 18:20:00,57.31,1886,26.89,73.1,0.95,Low
2026-01-19 18:25:00,57.24,0,26.61,72.17,0.97,Low
2026-01-19 18:30:00,57.17,2620,25.37,80.45,0.63,Low
2026-01-19 18:35:00,57.12,0,26.63,75.04,0.87,Low
2026-01-19 18:40:00,57.09,2463,24.97,76.94,0.73,Low
2026-01-19 18:45:00,57.05,0,25.38,76.03,0.78,Low
2026-01-19 18:50:00,57.01,0,24.99,79.95,0.63,Low
2026-01-19 18:55:00,56.97,0,25.47,79.39,0.67,Low
2026-01-19 19:00:00,56.92,0,24.12,82.23,0.53,Low
2026-01-19 19:05:00,56.89,537,24.8,77.87,0.69,Low
2026-01-19 19:10:00,56.84,0,25.34,74.79,0.82,Low
2026-01-19 19:15:00,56.81,0,23.92,80.61,0.58,Low
2026-01-19 19:20:00,56.75,1190,23.65,83.43,0.48,Low
2026-01-19 19:25:00,56.67,1338,23.22,82.81,0.49,Low
2026-01-19 19:30:00,56.64,0,23.11,80.35,0.56,Low
2026-01-19 19:35:00,56.59,0,22.91,83.2,0.47,Low
2026-01-19 19:40:00,56.52,2671,23.88,78.16,0.65,Low
2026-01-19 19:45:00,56.45,0,22.62,81.25,0.51,Low
2026-01-19 19:50:00,56.41,0,23.57,80.6,0.56,Low
2026-01-19 19:55:00,56.35,0,23.06,83.82,0.46,Low
2026-01-19 20:00:00,56.28,2182,22.0,87.32,0.34,Low
2026-01-19 20:05:00,56.21,1851,22.34,82.05,0.48,Low
2026-01-19 20:10:00,56.17,1458,22.06,82.34,0.47,Low
2026-01-19 20:15:00,56.12,0,21.92,88.33,0.31,Medium
2026-01-19 20:20:00,56.05,882,22.08,87.87,0.32,Low
2026-01-19 20:25:00,56.01,0,21.31,88.98,0.28,Medium
2026-01-19 20:30:00,55.98,0,22.61,85.72,0.39,Low
2026-01-19 20:35:00,55.93,0,21.81,84.73,0.4,Medium
2026-01-19 20:40:00,55.85,398,22.33,81.74,0.49,Low
2026-01-19 20:45:00,55.79,2357,21.53,84.72,0.39,Medium
2026-01-19 20:50:00,55.76,0,20.88,85.8,0.35,Medium
2026-01-19 20:55:00,55.72,0,22.45,87.23,0.35,Low
2026-01-19 21:00:00,55.66,0,21.67,85.42,0.38,Medium
2026-01-19 21:05:00,55.62,979,20.41,89.74,0.25,Medium
2026-01-19 21:10:00,55.58,1548,20.25,87.95,0.29,Medium
2026-01-19 21:15:00,55.54,0,20.43,87.37,0.3,Medium
2026-01-19 21:20:00,55.47,0,20.23,92.3,0.18,Medium
2026-01-19 21:25:00,55.4,1397,20.08,88.35,0.27,Medium
2026-01-19 21:30:00,55.35,0,20.48,86.66,0.32,Medium
2026-01-19 21:35:00,55.29,0,20.55,90.56,0.23,Medium
2026-01-19 21:40:00,55.24,0,20.3,87.88,0.29,Medium
2026-01-19 21:45:00,55.17,0,20.21,91.0,0.21,Medium
2026-01-19 21:50:00,55.12,0,20.42,88.66,0.27,Medium
2026-01-19 21:55:00,55.08,750,20.5,91.05,0.22,Medium
2026-01-19 22:00:00,55.04,300,20.4,89.84,0.24,Medium
2026-01-19 22:05:00,54.97,0,19.93,89.59,0.24,Medium
2026-01-19 22:10:00,54.89,0,19.57,90.28,0.22,Medium
2026-01-19 22:15:00,54.85,0,19.57,93.08,0.16,Medium
2026-01-19 22:20:00,54.78,0,20.28,87.31,0.3,Medium
2026-01-19 22:25:00,54.73,65,20.42,89.75,0.25,Medium
2026-01-19 22:30:00,54.68,0,19.21,93.52,0.14,Medium
2026-01-19 22:35:00,54.64,2093,19.04,93.39,0.15,Medium
2026-01-19 22:40:00,54.56,1664,20.24,92.14,0.19,Medium
2026-01-19 22:45:00,54.52,1318,19.21,92.81,0.16,Medium
2026-01-19 22:50:00,54.47,1192,19.49,92.37,0.17,Medium
2026-01-19 22:55:00,54.39,2284,19.84,90.82,0.21,Medium
2026-01-19 23:00:00,54.32,0,19.77,88.75,0.26,Medium
2026-01-19 23:05:00,54.28,0,19.74,93.14,0.16,Medium
2026-01-19 23:10:00,54.23,0,18.4,91.63,0.18,Medium
2026-01-19 23:15:00,54.16,2604,19.44,93.99,0.14,Medium
2026-01-19 23:20:00,54.08,0,19.22,90.43,0.21,Medium
2026-01-19 23:25:00,54.03,291,18.67,93.07,0.15,Medium
2026-01-19 23:30:00,53.98,0,19.41,93.08,0.16,Medium
2026-01-19 23:35:00,53.92,0,19.12,91.84,0.18,Medium
2026-01-19 23:40:00,53.85,1512,19.26,93.25,0.15,Medium
2026-01-19 23:45:00,53.79,0,18.17,95.0,0.1,Medium
2026-01-19 23:50:00,53.73,0,19.01,94.66,0.12,Medium
2026-01-19 23:55:00,53.7,0,18.4,90.87,0.19,Medium
2026-01-20 00:00:00,82.99,0,18.76,90.85,0.2,Low
2026-01-20 00:05:00,82.94,0,18.01,94.79,0.11,Low
2026-01-20 00:10:00,82.88,323,18.97,93.63,0.14,Low
2026-01-20 00:15:00,82.85,1391,18.3,94.36,0.12,Low
2026-01-20 00:20:00,82.81,2874,19.99,89.41,0.25,Low
2026-01-20 00:25:00,82.77,1697,19.58,90.61,0.21,Low
2026-01-20 00:30:00,82.69,2029,19.35,92.98,0.16,Low
2026-01-20 00:35:00,82.64,0,19.36,92.69,0.16,Low
2026-01-20 00:40:00,82.61,2502,18.93,90.6,0.21,Low
2026-01-20 00:45:00,82.55,2584,18.43,95.0,0.11,Low
2026-01-20 00:50:00,82.49,0,19.99,89.4,0.25,Low
2026-01-20 00:55:00,82.45,989,19.24,94.71,0.12,Low
2026-01-20 01:00:00,82.41,1215,19.56,90.32,0.22,Low
2026-01-20 01:05:00,82.34,722,19.24,91.46,0.19,Low
2026-01-20 01:10:00,82.3,2334,19.19,90.2,0.22,Low
2026-01-20 01:15:00,82.26,0,19.62,93.6,0.15,Low
2026-01-20 01:20:00,82.21,1640,19.18,89.05,0.24,Low
2026-01-20 01:25:00,82.15,406,19.98,88.68,0.26,Low
2026-01-20 01:30:00,82.11,0,20.13,88.06,0.28,Low
2026-01-20 01:35:00,82.04,0,19.22,92.79,0.16,Low
2026-01-20 01:40:00,81.98,0,20.06,90.97,0.21,Low
2026-01-20 01:45:00,81.91,0,19.03,92.62,0.16,Low
2026-01-20 01:50:00,81.84,1370,19.43,94.03,0.13,Low
2026-01-20 01:55:00,81.8,0,19.97,87.5,0.29,Low
2026-01-20 02:00:00,81.75,0,20.16,86.69,0.31,Low
2026-01-20 02:05:00,81.68,541,20.47,89.87,0.24,Low
2026-01-20 02:10:00,81.65,0,19.35,93.89,0.14,Low
2026-01-20 02:15:00,81.57,0,21.17,87.68,0.31,Low
2026-01-20 02:20:00,81.51,2554,21.15,86.77,0.33,Low
2026-01-20 02:25:00,81.45,2788,19.61,93.14,0.16,Low
2026-01-20 02:30:00,81.39,0,20.15,92.39,0.18,Low
2026-01-20 02:35:00,81.34,2371,20.28,91.97,0.19,Low
2026-01-20 02:40:00,81.29,0,20.39,86.45,0.32,Low
2026-01-20 02:45:00,81.21,0,20.13,89.56,0.25,Low
2026-01-20 02:50:00,81.18,2024,20.29,91.89,0.19,Low
2026-01-20 02:55:00,81.11,0,22.06,82.73,0.46,Low
2026-01-20 03:00:00,81.06,1211,20.54,86.27,0.33,Low
2026-01-20 03:05:00,81.0,0,20.87,89.22,0.27,Low
2026-01-20 03:10:00,80.96,2085,21.21,84.3,0.4,Low
2026-01-20 03:15:00,80.88,1014,22.54,81.19,0.51,Low
2026-01-20 03:20:00,80.85,1818,21.9,83.16,0.44,Low
2026-01-20 03:25:00,80.8,201,21.26,89.21,0.27,Low
2026-01-20 03:30:00,80.73,0,21.4,87.96,0.31,Low
2026-01-20 03:35:00,80.68,2818,22.48,84.14,0.43,Low
2026-01-20 03:40:00,80.62,0,22.39,84.07,0.43,Low
2026-01-20 03:45:00,80.54,1731,22.03,82.8,0.46,Low
2026-01-20 03:50:00,80.46,687,22.7,81.46,0.51,Low
2026-01-20 03:55:00,80.42,465,22.09,83.9,0.43,Low
2026-01-20 04:00:00,80.39,0,22.3,86.96,0.35,Low
2026-01-20 04:05:00,80.35,2520,22.63,82.26,0.49,Low
2026-01-20 04:10:00,80.3,0,23.5,82.92,0.49,Low
2026-01-20 04:15:00,80.27,0,23.27,81.53,0.53,Low
2026-01-20 04:20:00,80.22,1545,23.27,82.47,0.5,Low
2026-01-20 04:25:00,80.17,0,22.93,82.45,0.49,Low
2026-01-20 04:30:00,80.11,2605,24.56,79.32,0.64,Low
2026-01-20 04:35:00,80.03,0,24.51,79.78,0.62,Low
2026-01-20 04:40:00,79.95,627,24.12,80.57,0.58,Low
2026-01-20 04:45:00,79.92,2886,24.62,76.55,0.73,Low
2026-01-20 04:50:00,79.87,1204,25.58,76.22,0.78,Low
2026-01-20 04:55:00,79.82,2502,25.64,75.28,0.81,Low
2026-01-20 05:00:00,79.78,2319,24.94,80.75,0.61,Low
2026-01-20 05:05:00,79.73,0,25.37,75.57,0.79,Low
2026-01-20 05:10:00,79.69,0,25.79,75.89,0.8,Low
2026-01-20 05:15:00,79.65,0,26.19,76.75,0.79,Low
2026-01-20 05:20:00,79.58,923,26.33,74.09,0.89,Low
2026-01-20 05:25:00,79.5,1910,24.79,79.03,0.66,Low
2026-01-20 05:30:00,79.44,0,25.8,73.91,0.87,Low
2026-01-20 05:35:00,79.41,1848,26.02,78.42,0.73,Low
2026-01-20 05:40:00,79.35,1876,26.58,74.32,0.89,Low
2026-01-20 05:45:00,79.31,2929,26.82,76.14,0.84,Low
2026-01-20 05:50:00,79.27,0,25.92,76.21,0.8,Low
2026-01-20 05:55:00,79.2,0,26.83,73.4,0.94,Low
2026-01-20 06:00:00,79.16,0,26.32,75.77,0.83,Low
2026-01-20 06:05:00,79.11,884,27.29,73.46,0.96,Low
2026-01-20 06:10:00,79.05,4517,28.08,70.56,1.12,Low
2026-01-20 06:15:00,79.02,3732,27.71,70.89,1.08,Low
2026-01-20 06:20:00,78.98,7323,28.2,71.77,1.08,Low
2026-01-20 06:25:00,78.91,12577,27.62,73.71,0.97,Low
2026-01-20 06:30:00,78.84,10230,27.74,74.32,0.96,Low
2026-01-20 06:35:00,78.76,18015,27.61,75.17,0.92,Low
2026-01-20 06:40:00,78.68,18223,27.72,72.8,1.01,Low
2026-01-20 06:45:00,78.62,22085,27.58,71.31,1.06,Low
2026-01-20 06:50:00,78.54,20800,29.6,67.85,1.33,Low
2026-01-20 06:55:00,78.51,23554,29.1,67.51,1.31,Low
2026-01-20 07:00:00,78.46,27990,29.15,66.09,1.37,Low
2026-01-20 07:05:00,78.42,30443,29.48,69.46,1.26,Low
2026-01-20 07:10:00,78.38,30750,29.01,71.51,1.14,Low
2026-01-20 07:15:00,78.32,33709,30.1,64.35,1.52,Low
2026-01-20 07:20:00,78.27,34536,29.31,70.38,1.21,Low
2026-01-20 07:25:00,78.24,34017,30.67,62.68,1.64,Medium
2026-01-20 07:30:00,78.21,38601,30.08,67.47,1.39,Low
2026-01-20 07:35:00,78.15,39340,29.67,70.66,1.22,Low
2026-01-20 07:40:00,78.1,39411,30.8,68.13,1.42,Low
2026-01-20 07:45:00,78.04,41921,30.71,63.25,1.62,Medium
2026-01-20 07:50:00,77.99,47527,31.02,65.98,1.53,Low
2026-01-20 07:55:00,77.91,46536,31.68,64.45,1.66,Medium
2026-01-20 08:00:00,77.81,51885,30.03,67.25,1.39,Low
2026-01-20 08:05:00,77.75,53582,31.98,63.0,1.76,Medium
2026-01-20 08:10:00,77.67,53998,31.83,61.45,1.82,Medium
2026-01-20 08:15:00,77.61,57561,31.92,63.21,1.74,Medium
2026-01-20 08:20:00,77.56,58494,31.86,61.87,1.8,Medium
2026-01-20 08:25:00,77.51,59390,31.95,59.61,1.91,Medium
2026-01-20 08:30:00,77.46,59865,30.97,64.53,1.59,Low
2026-01-20 08:35:00,77.39,61819,32.52,63.57,1.78,Medium
2026-01-20 08:40:00,77.34,63943,31.78,60.47,1.86,Medium
2026-01-20 08:45:00,77.23,63349,32.6,61.54,1.89,Medium
2026-01-20 08:50:00,77.17,65878,31.68,60.25,1.86,Medium
2026-01-20 08:55:00,77.05,68542,32.49,61.96,1.86,Medium
2026-01-20 09:00:00,76.91,69485,33.35,58.09,2.15,Medium
2026-01-20 09:05:00,76.62,74692,32.78,59.55,2.01,Medium
2026-01-20 09:10:00,76.43,72419,31.92,60.7,1.86,Medium
2026-01-20 09:15:00,76.31,73228,33.82,57.03,2.26,Medium
2026-01-20 09:20:00,76.13,74084,32.19,63.21,1.77,Medium
2026-01-20 09:25:00,75.93,77040,33.68,61.19,2.03,Medium
2026-01-20 09:30:00,75.75,79542,32.56,60.0,1.96,Medium
2026-01-20 09:35:00,75.46,83213,34.36,56.27,2.37,Medium
2026-01-20 09:40:00,75.3,81188,33.68,56.51,2.27,Medium
2026-01-20 09:45:00,75.14,81581,33.56,60.4,2.06,Medium
2026-01-20 09:50:00,74.96,86108,33.04,61.07,1.96,Medium
2026-01-20 09:55:00,74.7,83824,33.2,57.13,2.18,Medium
2026-01-20 10:00:00,74.57,84438,34.77,55.35,2.48,Medium
2026-01-20 10:05:00,74.37,89641,33.05,60.61,1.99,Medium
2026-01-20 10:10:00,74.16,89842,34.91,56.32,2.44,Medium
2026-01-20 10:15:00,74.01,88460,33.37,57.18,2.2,Medium
2026-01-20 10:20:00,73.78,89442,33.51,58.36,2.16,Medium
2026-01-20 10:25:00,73.61,93962,34.86,54.98,2.51,Medium
2026-01-20 10:30:00,73.39,91824,33.74,59.02,2.15,Medium
2026-01-20 10:35:00,73.25,90230,35.44,52.82,2.72,Medium
2026-01-20 10:40:00,72.95,91167,34.23,55.57,2.39,Medium
2026-01-20 10:45:00,72.67,94693,34.75,54.89,2.5,Medium
2026-01-20 10:50:00,72.47,92417,35.27,52.78,2.7,Medium
2026-01-20 10:55:00,72.22,93297,35.02,55.91,2.48,Medium
2026-01-20 11:00:00,72.0,97306,34.15,57.39,2.29,Medium
2026-01-20 11:05:00,71.84,94146,34.98,56.43,2.45,Medium
2026-01-20 11:10:00,71.69,96679,34.97,53.16,2.63,Medium
2026-01-20 11:15:00,71.51,97337,35.53,55.59,2.57,Medium
2026-01-20 11:20:00,71.19,98565,34.86,55.03,2.51,Medium
2026-01-20 11:25:00,70.94,100000,34.53,57.07,2.35,Medium
2026-01-20 11:30:00,70.66,97505,35.73,52.54,2.78,Medium
2026-01-20 11:35:00,70.49,100000,35.41,52.39,2.74,Medium
2026-01-20 11:40:00,70.19,100000,35.89,53.26,2.76,Medium
2026-01-20 11:45:00,70.01,97238,35.05,54.37,2.57,Medium
2026-01-20 11:50:00,69.73,100000,35.46,54.11,2.65,High
2026-01-20 11:55:00,69.57,98750,34.23,58.8,2.22,High
2026-01-20 12:00:00,69.31,100000,35.23,57.49,2.42,High
2026-01-20 12:05:00,69.1,99543,35.95,52.85,2.79,High
2026-01-20 12:10:00,68.8,97965,34.11,57.37,2.28,High
2026-01-20 12:15:00,68.64,97536,34.82,57.62,2.36,High
2026-01-20 12:20:00,68.41,100000,34.14,56.4,2.34,High
2026-01-20 12:25:00,68.28,96850,34.77,57.37,2.37,High
2026-01-20 12:30:00,68.06,96559,34.2,55.03,2.42,High
2026-01-20 12:35:00,67.81,100000,35.0,52.64,2.66,High
2026-01-20 12:40:00,67.66,98046,34.83,54.89,2.51,High
2026-01-20 12:45:00,67.42,97996,34.24,57.48,2.29,High
2026-01-20 12:50:00,67.2,95457,33.95,59.82,2.13,High
2026-01-20 12:55:00,66.89,97209,34.34,56.5,2.36,High
2026-01-20 13:00:00,66.71,95308,33.89,55.95,2.33,High
2026-01-20 13:05:00,66.49,93178,33.72,59.91,2.1,High
2026-01-20 13:10:00,66.26,97821,34.3,57.52,2.3,High
2026-01-20 13:15:00,66.0,92584,35.39,53.06,2.7,High
2026-01-20 13:20:00,65.74,92527,33.93,57.02,2.28,High
2026-01-20 13:25:00,65.6,92481,34.46,57.42,2.32,High
2026-01-20 13:30:00,65.45,95174,34.35,58.28,2.26,High
2026-01-20 13:35:00,65.25,89741,34.64,57.42,2.35,High
2026-01-20 13:40:00,65.08,92925,34.39,55.95,2.39,High
2026-01-20 13:45:00,64.91,86934,34.22,54.88,2.43,High
2026-01-20 13:50:00,64.75,90588,34.84,57.7,2.36,High
2026-01-20 13:55:00,64.46,86429,33.87,57.69,2.23,High
2026-01-20 14:00:00,64.17,88831,34.68,55.44,2.46,High
2026-01-20 14:05:00,63.98,88451,33.81,57.12,2.26,High
2026-01-20 14:10:00,63.69,86796,34.67,56.19,2.42,High
2026-01-20 14:15:00,63.44,82031,34.0,59.32,2.16,High
2026-01-20 14:20:00,63.26,80476,34.51,56.28,2.39,High
2026-01-20 14:25:00,63.02,78632,33.3,61.29,1.98,Medium
2026-01-20 14:30:00,62.82,81318,33.76,55.47,2.34,High
2026-01-20 14:35:00,62.67,75023,32.52,60.69,1.92,Medium
2026-01-20 14:40:00,62.48,75566,33.26,59.7,2.06,High
2026-01-20 14:45:00,62.28,77094,32.23,59.19,1.97,Medium
2026-01-20 14:50:00,62.06,73411,32.15,61.56,1.84,Medium
2026-01-20 14:55:00,61.93,70624,32.97,59.08,2.06,High
2026-01-20 15:00:00,61.63,72376,32.54,59.71,1.97,Medium
2026-01-20 15:05:00,61.54,66589,33.27,59.94,2.05,High
2026-01-20 15:10:00,61.47,68499,33.14,62.18,1.92,Medium
2026-01-20 15:15:00,61.35,64690,32.85,60.41,1.97,Medium
2026-01-20 15:20:00,61.22,66888,32.86,61.63,1.91,Medium
2026-01-20 15:25:00,61.14,65056,31.02,67.49,1.46,Medium
2026-01-20 15:30:00,61.04,63139,31.8,62.11,1.78,Medium
2026-01-20 15:35:00,60.99,60063,31.31,63.73,1.66,Medium
2026-01-20 15:40:00,60.92,57535,31.89,60.22,1.88,Medium
2026-01-20 15:45:00,60.87,58238,31.81,65.76,1.61,Medium
2026-01-20 15:50:00,60.83,53398,30.78,66.58,1.48,Medium
2026-01-20 15:55:00,60.77,52281,30.26,67.62,1.39,Medium
2026-01-20 16:00:00,60.68,49368,31.44,63.1,1.7,Medium
2026-01-20 16:05:00,60.6,46281,29.87,68.08,1.34,Medium
2026-01-20 16:10:00,60.53,47877,31.39,65.65,1.58,Medium
2026-01-20 16:15:00,60.44,41633,29.55,65.87,1.41,Medium
2026-01-20 16:20:00,60.34,44192,29.68,69.77,1.26,Medium
2026-01-20 16:25:00,60.29,40382,30.66,65.5,1.52,Medium
2026-01-20 16:30:00,60.23,36787,29.84,70.16,1.25,Medium
2026-01-20 16:35:00,60.18,37760,29.31,68.13,1.3,Medium
2026-01-20 16:40:00,60.14,31339,29.89,69.0,1.31,Medium
2026-01-20 16:45:00,60.07,32385,30.53,65.22,1.52,Medium
2026-01-20 16:50:00,60.0,31254,29.68,67.02,1.37,Medium
2026-01-20 16:55:00,59.92,26502,29.52,70.61,1.21,Medium
2026-01-20 17:00:00,59.85,26478,29.82,64.55,1.49,Medium
2026-01-20 17:05:00,59.81,22448,29.74,68.9,1.3,Medium
2026-01-20 17:10:00,59.74,19517,29.47,68.96,1.28,Medium
2026-01-20 17:15:00,59.71,19892,27.75,70.47,1.1,Low
2026-01-20 17:20:00,59.68,19704,28.7,67.01,1.3,Medium
2026-01-20 17:25:00,59.61,14561,27.88,71.73,1.06,Low
2026-01-20 17:30:00,59.57,14198,28.11,72.61,1.04,Low
2026-01-20 17:35:00,59.52,9187,28.63,70.3,1.16,Low
2026-01-20 17:40:00,59.48,10085,27.98,68.87,1.17,Low
2026-01-20 17:45:00,59.44,5231,26.66,73.31,0.93,Low
2026-01-20 17:50:00,59.38,6723,27.16,72.57,0.99,Low
2026-01-20 17:55:00,59.34,327,27.84,72.77,1.02,Low
2026-01-20 18:00:00,59.3,0,27.03,72.69,0.98,Low
2026-01-20 18:05:00,59.27,0,26.84,75.02,0.88,Low
2026-01-20 18:10:00,59.22,97,27.5,71.67,1.04,Low
2026-01-20 18:15:00,59.18,2044,25.7,76.6,0.77,Low
2026-01-20 18:20:00,59.11,2562,25.49,74.61,0.83,Low
2026-01-20 18:25:00,59.04,942,26.71,74.0,0.91,Low
2026-01-20 18:30:00,58.98,875,26.34,73.63,0.9,Low
2026-01-20 18:35:00,58.93,0,25.65,77.09,0.75,Low
2026-01-20 18:40:00,58.9,104,26.57,74.42,0.89,Low
2026-01-20 18:45:00,58.85,1959,25.58,76.47,0.77,Low
2026-01-20 18:50:00,58.81,127,25.74,77.78,0.74,Low
2026-01-20 18:55:00,58.74,2218,24.23,81.59,0.56,Low
2026-01-20 19:00:00,58.7,2874,24.6,77.68,0.69,Low
2026-01-20 19:05:00,58.65,234,24.47,80.24,0.61,Low
2026-01-20 19:10:00,58.6,0,24.47,78.93,0.65,Low
2026-01-20 19:15:00,58.53,0,23.91,81.95,0.54,Low
2026-01-20 19:20:00,58.47,0,24.28,79.48,0.62,Low
2026-01-20 19:25:00,58.42,2432,23.29,83.64,0.47,Low
2026-01-20 19:30:00,58.38,1087,23.03,83.28,0.47,Low
2026-01-20 19:35:00,58.34,288,23.63,82.28,0.52,Low
2026-01-20 19:40:00,58.27,1658,24.25,77.27,0.69,Low
2026-01-20 19:45:00,58.23,0,23.14,84.72,0.43,Low
2026-01-20 19:50:00,58.17,0,23.81,81.59,0.54,Low
2026-01-20 19:55:00,58.1,0,22.66,83.1,0.47,Low
2026-01-20 20:00:00,58.05,0,22.12,87.37,0.34,Low
2026-01-20 20:05:00,57.98,0,22.45,82.8,0.47,Low
2026-01-20 20:10:00,57.92,0,22.64,86.43,0.37,Low
2026-01-20 20:15:00,57.85,0,22.68,86.14,0.38,Low
2026-01-20 20:20:00,57.78,1593,22.69,82.16,0.49,Low
2026-01-20 20:25:00,57.72,2700,22.96,84.96,0.42,Low
2026-01-20 20:30:00,57.65,2700,22.97,80.87,0.54,Low
2026-01-20 20:35:00,57.58,0,22.0,83.18,0.44,Low
2026-01-20 20:40:00,57.51,2529,22.16,83.22,0.45,Low
2026-01-20 20:45:00,57.48,0,20.85,85.55,0.36,Medium
2026-01-20 20:50:00,57.44,1297,22.25,83.5,0.44,Low
2026-01-20 20:55:00,57.36,0,21.82,88.15,0.31,Medium
2026-01-20 21:00:00,57.3,951,21.04,89.7,0.26,Medium
2026-01-20 21:05:00,57.23,0,21.12,88.98,0.28,Medium
2026-01-20 21:10:00,57.16,2419,21.67,88.77,0.29,Medium
2026-01-20 21:15:00,57.1,0,21.15,86.61,0.34,Medium
2026-01-20 21:20:00,57.04,1631,20.74,87.71,0.3,Medium
2026-01-20 21:25:00,57.0,643,20.35,90.53,0.23,Medium
2026-01-20 21:30:00,56.96,0,21.36,88.54,0.29,Medium
2026-01-20 21:35:00,56.89,0,20.78,86.18,0.34,Medium
2026-01-20 21:40:00,56.83,0,20.01,91.02,0.21,Medium
2026-01-20 21:45:00,56.75,1681,20.08,90.57,0.22,Medium
2026-01-20 21:50:00,56.68,2026,19.62,91.36,0.2,Medium
2026-01-20 21:55:00,56.65,742,19.65,87.89,0.28,Medium
2026-01-20 22:00:00,56.62,0,20.46,87.41,0.3,Medium
2026-01-20 22:05:00,56.58,0,19.21,92.65,0.16,Medium
2026-01-20 22:10:00,56.55,0,20.72,89.82,0.25,Medium
2026-01-20 22:15:00,56.5,1253,18.96,94.84,0.11,Medium
2026-01-20 22:20:00,56.44,0,18.81,92.14,0.17,Medium
2026-01-20 22:25:00,56.37,1016,20.11,91.81,0.19,Medium
2026-01-20 22:30:00,56.32,2181,19.8,92.96,0.16,Medium
2026-01-20 22:35:00,56.28,45,19.18,93.17,0.15,Medium
2026-01-20 22:40:00,56.22,600,20.27,87.02,0.31,Medium
2026-01-20 22:45:00,56.18,0,19.37,89.97,0.23,Medium
2026-01-20 22:50:00,56.11,32,20.16,89.1,0.26,Medium
2026-01-20 22:55:00,56.08,1072,20.03,88.38,0.27,Medium
2026-01-20 23:00:00,56.02,0,20.03,92.91,0.17,Medium
2026-01-20 23:05:00,55.98,944,18.51,92.97,0.15,Medium
2026-01-20 23:10:00,55.94,0,19.23,92.01,0.18,Medium
2026-01-20 23:15:00,55.89,2409,19.93,93.09,0.16,Medium
2026-01-20 23:20:00,55.82,0,18.38,95.0,0.11,Medium
2026-01-20 23:25:00,55.77,946,19.56,88.13,0.27,Medium
2026-01-20 23:30:00,55.7,0,18.17,95.0,0.1,Medium
2026-01-20 23:35:00,55.66,535,18.69,93.38,0.14,Medium
2026-01-20 23:40:00,55.61,0,18.45,95.0,0.11,Medium
2026-01-20 23:45:00,55.54,1377,19.32,93.84,0.14,Medium
2026-01-20 23:50:00,55.47,0,18.4,95.0,0.11,Medium
2026-01-20 23:55:00,55.4,0,19.82,91.69,0.19,Medium
2026-01-21 00:00:00,76.98,0,16.81,95.0,0.1,Low
2026-01-21 00:05:00,88.52,0,16.18,95.0,0.09,Low
2026-01-21 00:10:00,88.47,190,16.71,95.0,0.1,Low
2026-01-21 00:15:00,88.42,1194,15.48,95.0,0.09,Low
2026-01-21 00:20:00,88.36,0,16.23,95.0,0.09,Low
2026-01-21 00:25:00,88.31,1237,16.89,95.0,0.1,Low
2026-01-21 00:30:00,88.25,0,16.61,95.0,0.09,Low
2026-01-21 00:35:00,88.18,0,16.71,95.0,0.1,Low
2026-01-21 00:40:00,88.14,2904,15.82,95.0,0.09,Low
2026-01-21 00:45:00,88.11,0,16.55,95.0,0.09,Low
2026-01-21 00:50:00,88.03,0,16.63,95.0,0.09,Low
2026-01-21 00:55:00,87.96,290,15.93,95.0,0.09,Low
2026-01-21 01:00:00,87.9,0,17.0,95.0,0.1,Low
2026-01-21 01:05:00,87.82,0,15.9,95.0,0.09,Low
2026-01-21 01:10:00,87.74,0,15.65,95.0,0.09,Low
2026-01-21 01:15:00,87.69,0,16.14,95.0,0.09,Low
2026-01-21 01:20:00,87.64,2200,16.44,95.0,0.09,Low
2026-01-21 01:25:00,87.6,184,15.79,95.0,0.09,Low
2026-01-21 01:30:00,87.55,155,16.47,95.0,0.09,Low
2026-01-21 01:35:00,87.51,2274,16.99,95.0,0.1,Low
2026-01-21 01:40:00,87.46,0,16.09,95.0,0.09,Low
2026-01-21 01:45:00,87.42,0,17.21,95.0,0.1,Low
2026-01-21 01:50:00,87.38,0,16.08,95.0,0.09,Low
2026-01-21 01:55:00,90.0,1055,17.27,95.0,0.1,Low
2026-01-21 02:00:00,89.96,1850,17.24,95.0,0.1,Low
2026-01-21 02:05:00,89.92,0,17.41,95.0,0.1,Low
2026-01-21 02:10:00,89.88,0,17.24,95.0,0.1,Low
2026-01-21 02:15:00,89.8,193,18.27,95.0,0.1,Low
2026-01-21 02:20:00,89.77,0,18.33,95.0,0.11,Low
2026-01-21 02:25:00,89.71,0,17.32,95.0,0.1,Low
2026-01-21 02:30:00,89.64,2743,16.93,95.0,0.1,Low
2026-01-21 02:35:00,89.6,197,16.95,95.0,0.1,Low
2026-01-21 02:40:00,89.55,0,17.92,95.0,0.1,Low
2026-01-21 02:45:00,89.49,0,18.42,95.0,0.11,Low
2026-01-21 02:50:00,89.44,367,19.0,95.0,0.11,Low
2026-01-21 02:55:00,89.4,0,17.32,95.0,0.1,Low
2026-01-21 03:00:00,89.34,1386,17.59,95.0,0.1,Low
2026-01-21 03:05:00,89.3,2013,18.48,95.0,0.11,Low
2026-01-21 03:10:00,89.25,0,19.53,95.0,0.11,Low
2026-01-21 03:15:00,89.21,2105,18.05,95.0,0.1,Low
2026-01-21 03:20:00,89.18,0,18.98,95.0,0.11,Low
2026-01-21 03:25:00,89.14,0,19.27,95.0,0.11,Low
2026-01-21 03:30:00,89.07,1263,18.9,95.0,0.11,Low
2026-01-21 03:35:00,89.01,0,19.0,95.0,0.11,Low
2026-01-21 03:40:00,88.94,0,19.81,95.0,0.12,Low
2026-01-21 03:45:00,88.87,0,20.08,95.0,0.12,Low
2026-01-21 03:50:00,88.83,1661,19.52,95.0,0.11,Low
2026-01-21 03:55:00,88.79,1733,20.66,95.0,0.12,Low
2026-01-21 04:00:00,88.74,0,19.44,95.0,0.11,Low
2026-01-21 04:05:00,88.69,218,20.25,95.0,0.12,Low
2026-01-21 04:10:00,88.65,1485,19.7,95.0,0.11,Low
2026-01-21 04:15:00,88.6,0,20.94,95.0,0.12,Low
2026-01-21 04:20:00,88.55,0,20.48,95.0,0.12,Low
2026-01-21 04:25:00,88.51,0,20.56,95.0,0.12,Low
2026-01-21 04:30:00,88.48,0,21.56,95.0,0.13,Low
2026-01-21 04:35:00,88.42,0,21.32,95.0,0.13,Low
2026-01-21 04:40:00,88.38,0,21.48,95.0,0.13,Low
2026-01-21 04:45:00,88.33,0,22.38,95.0,0.14,Low
2026-01-21 04:50:00,88.28,1578,21.31,95.0,0.13,Low
2026-01-21 04:55:00,88.24,0,22.75,91.72,0.23,Low
2026-01-21 05:00:00,88.2,0,22.4,94.24,0.16,Low
2026-01-21 05:05:00,88.13,1550,22.61,94.39,0.15,Low
2026-01-21 05:10:00,88.05,0,23.1,90.73,0.26,Low
2026-01-21 05:15:00,90.0,2532,22.71,94.77,0.14,Low
2026-01-21 05:20:00,89.92,0,21.67,95.0,0.13,Low
2026-01-21 05:25:00,89.89,0,21.86,95.0,0.13,Low
2026-01-21 05:30:00,89.84,0,22.0,95.0,0.13,Low
2026-01-21 05:35:00,89.8,0,23.9,90.82,0.27,Low
2026-01-21 05:40:00,89.75,0,23.65,89.95,0.29,Low
2026-01-21 05:45:00,89.68,0,23.99,92.6,0.22,Low
2026-01-21 05:50:00,89.64,940,22.94,93.7,0.18,Low
2026-01-21 05:55:00,89.59,0,23.63,91.42,0.25,Low
2026-01-21 06:00:00,89.53,0,24.68,87.33,0.39,Low
2026-01-21 06:05:00,89.49,380,23.28,90.8,0.26,Low
2026-01-21 06:10:00,89.45,1154,24.05,93.41,0.2,Low
2026-01-21 06:15:00,89.39,5386,25.48,89.35,0.35,Low
2026-01-21 06:20:00,89.31,2263,24.35,91.0,0.27,Low
2026-01-21 06:25:00,89.26,7522,24.59,87.77,0.38,Low
2026-01-21 06:30:00,89.19,4993,25.57,85.3,0.48,Low
2026-01-21 06:35:00,89.11,8020,24.62,88.69,0.35,Low
2026-01-21 06:40:00,89.03,8455,24.56,89.36,0.33,Low
2026-01-21 06:45:00,88.98,12212,26.09,87.57,0.42,Low
2026-01-21 06:50:00,88.95,9076,26.24,84.2,0.54,Low
2026-01-21 06:55:00,88.89,12426,26.21,82.8,0.59,Low
2026-01-21 07:00:00,88.85,11738,26.21,87.7,0.42,Low
2026-01-21 07:05:00,88.81,16101,25.71,85.89,0.47,Low
2026-01-21 07:10:00,88.77,15403,27.29,80.43,0.71,Low
2026-01-21 07:15:00,88.69,15536,26.75,86.4,0.48,Low
2026-01-21 07:20:00,88.61,17176,26.57,86.7,0.46,Low
2026-01-21 07:25:00,88.56,21623,26.33,87.41,0.43,Low
2026-01-21 07:30:00,88.48,19899,27.98,80.72,0.73,Low
2026-01-21 07:35:00,88.41,19494,27.52,81.91,0.66,Low
2026-01-21 07:40:00,88.37,25398,27.11,81.51,0.66,Low
2026-01-21 07:45:00,88.3,22857,26.75,84.3,0.55,Low
2026-01-21 07:50:00,88.23,26034,27.63,79.84,0.75,Low
2026-01-21 07:55:00,88.16,25165,26.9,82.69,0.61,Low
2026-01-21 08:00:00,88.09,28381,28.41,79.14,0.81,Low
2026-01-21 08:05:00,88.02,26039,28.98,76.57,0.94,Low
2026-01-21 08:10:00,87.96,29454,29.26,76.41,0.96,Low
2026-01-21 08:15:00,87.9,31656,28.26,78.69,0.82,Low
2026-01-21 08:20:00,87.83,33966,27.84,84.72,0.57,Low
2026-01-21 08:25:00,87.78,30492,28.16,78.91,0.8,Low
2026-01-21 08:30:00,87.73,30803,28.04,81.54,0.7,Low
2026-01-21 08:35:00,87.68,34988,28.32,79.34,0.8,Low
2026-01-21 08:40:00,87.61,33660,28.79,79.55,0.81,Low
2026-01-21 08:45:00,90.0,34085,28.33,80.93,0.73,Low
2026-01-21 08:50:00,89.93,37726,29.1,79.79,0.81,Low
2026-01-21 08:55:00,89.9,36558,28.93,78.38,0.86,Low
2026-01-21 09:00:00,89.81,40547,28.67,79.33,0.81,Low
2026-01-21 09:05:00,89.72,40407,29.77,79.86,0.84,Low
2026-01-21 09:10:00,89.67,37881,29.59,78.51,0.89,Low
2026-01-21 09:15:00,89.63,39777,29.81,79.12,0.88,Low
2026-01-21 09:20:00,89.54,40366,30.57,75.15,1.09,Low
2026-01-21 09:25:00,89.49,40306,29.83,78.65,0.9,Low
2026-01-21 09:30:00,89.44,41211,30.43,73.46,1.15,Low
2026-01-21 09:35:00,89.35,42389,29.72,74.94,1.05,Low
2026-01-21 09:40:00,89.29,44305,30.04,74.51,1.08,Low
2026-01-21 09:45:00,89.23,45943,29.85,77.63,0.94,Low
2026-01-21 09:50:00,89.14,46687,29.81,75.62,1.02,Low
2026-01-21 09:55:00,89.06,47157,31.18,75.62,1.11,Low
2026-01-21 10:00:00,88.98,46056,31.61,73.69,1.22,Low
2026-01-21 10:05:00,88.92,48093,31.89,71.12,1.36,Low
2026-01-21 10:10:00,88.85,49340,31.59,72.17,1.29,Low
2026-01-21 10:15:00,88.79,46466,30.27,74.16,1.11,Low
2026-01-21 10:20:00,88.72,52646,31.81,75.31,1.16,Low
2026-01-21 10:25:00,88.63,49533,30.86,76.79,1.03,Low
2026-01-21 10:30:00,88.53,49737,32.07,70.33,1.42,Low
2026-01-21 10:35:00,88.44,48921,30.62,77.27,1.0,Low
2026-01-21 10:40:00,88.34,50506,32.11,70.69,1.4,Low
2026-01-21 10:45:00,88.25,51453,30.86,74.05,1.16,Low
2026-01-21 10:50:00,88.18,52445,31.54,71.88,1.3,Low
2026-01-21 10:55:00,88.12,54334,30.91,74.91,1.12,Low
2026-01-21 11:00:00,88.07,53633,31.58,72.77,1.26,Low
2026-01-21 11:05:00,87.99,55965,32.43,71.06,1.41,Low
2026-01-21 11:10:00,87.92,51941,31.54,71.05,1.34,Low
2026-01-21 11:15:00,87.87,52662,31.8,75.81,1.14,Low
2026-01-21 11:20:00,87.78,56730,32.25,73.39,1.28,Low
2026-01-21 11:25:00,87.72,53142,31.04,73.94,1.17,Low
2026-01-21 11:30:00,87.63,52839,31.34,72.7,1.25,Low
2026-01-21 11:35:00,87.58,56347,31.87,73.81,1.24,Low
2026-01-21 11:40:00,87.5,53563,31.72,71.41,1.34,Low
2026-01-21 11:45:00,87.42,53125,32.46,73.89,1.27,Low
2026-01-21 11:50:00,87.34,53826,31.49,73.8,1.21,Low
2026-01-21 11:55:00,87.23,57548,32.8,68.85,1.55,Low
2026-01-21 12:00:00,87.16,52169,31.46,73.88,1.2,Low
2026-01-21 12:05:00,87.02,54396,32.28,70.12,1.44,Low
2026-01-21 12:10:00,86.89,53034,32.15,74.78,1.21,Low
2026-01-21 12:15:00,86.78,52563,32.88,71.24,1.44,Low
2026-01-21 12:20:00,86.68,53129,31.63,70.64,1.37,Low
2026-01-21 12:25:00,86.62,55786,32.44,71.87,1.37,Low
2026-01-21 12:30:00,86.54,52470,31.19,74.15,1.17,Low
2026-01-21 12:35:00,86.44,54037,31.98,72.95,1.28,Low
2026-01-21 12:40:00,86.37,56128,30.99,73.74,1.18,Low
2026-01-21 12:45:00,86.23,55306,32.43,72.36,1.35,Low
2026-01-21 12:50:00,86.19,54382,31.38,74.57,1.17,Low
2026-01-21 12:55:00,86.1,51062,32.51,68.98,1.52,Low
2026-01-21 13:00:00,85.97,56052,32.31,70.83,1.41,Low
2026-01-21 13:05:00,85.87,50414,31.75,75.62,1.14,Low
2026-01-21 13:10:00,85.77,53245,31.61,74.39,1.19,Low
2026-01-21 13:15:00,85.72,50540,31.39,76.77,1.07,Low
2026-01-21 13:20:00,85.66,54569,31.71,72.27,1.3,Low
2026-01-21 13:25:00,85.58,52780,31.95,70.14,1.42,Low
2026-01-21 13:30:00,85.53,53296,30.83,75.14,1.11,Low
2026-01-21 13:35:00,85.45,52459,30.75,76.55,1.04,Low
2026-01-21 13:40:00,85.37,50029,30.36,78.86,0.92,Low
2026-01-21 13:45:00,85.3,51267,30.59,75.64,1.07,Low
2026-01-21 13:50:00,85.24,49885,30.47,73.94,1.14,Low
2026-01-21 13:55:00,85.14,47749,31.4,71.51,1.31,Low
2026-01-21 14:00:00,85.1,47792,31.16,72.95,1.23,Low
2026-01-21 14:05:00,85.03,47632,30.46,73.28,1.16,Low
2026-01-21 14:10:00,84.97,45161,30.46,76.03,1.04,Low
2026-01-21 14:15:00,84.92,48153,31.04,76.53,1.06,Low
2026-01-21 14:20:00,84.85,46604,30.73,73.07,1.19,Low
2026-01-21 14:25:00,84.75,44976,30.92,72.82,1.22,Low
2026-01-21 14:30:00,84.71,41269,31.13,76.25,1.07,Low
2026-01-21 14:35:00,84.66,41829,30.72,77.63,0.99,Low
2026-01-21 14:40:00,84.59,44824,31.09,73.01,1.22,Low
2026-01-21 14:45:00,84.49,43961,29.37,80.35,0.8,Low
2026-01-21 14:50:00,84.44,37774,29.71,78.84,0.88,Low
2026-01-21 14:55:00,84.37,38279,29.3,80.56,0.79,Low
2026-01-21 15:00:00,84.3,36453,29.29,77.96,0.9,Low
2026-01-21 15:05:00,84.25,39664,28.55,80.16,0.77,Low
2026-01-21 15:10:00,84.19,39905,29.08,76.39,0.95,Low
2026-01-21 15:15:00,84.14,38555,28.89,80.04,0.79,Low
2026-01-21 15:20:00,84.08,32545,29.97,79.98,0.85,Low
2026-01-21 15:25:00,84.01,34191,29.41,79.17,0.85,Low
2026-01-21 15:30:00,83.95,36036,29.76,77.06,0.96,Low
2026-01-21 15:35:00,83.87,35299,28.14,81.09,0.72,Low
2026-01-21 15:40:00,83.83,29363,28.55,80.22,0.77,Low
2026-01-21 15:45:00,83.77,33075,27.47,81.66,0.67,Low
2026-01-21 15:50:00,83.71,32222,28.77,77.4,0.89,Low
2026-01-21 15:55:00,83.66,26909,28.83,81.55,0.73,Low
2026-01-21 16:00:00,83.58,25908,27.37,81.93,0.66,Low
2026-01-21 16:05:00,83.54,27347,27.94,80.61,0.73,Low
2026-01-21 16:10:00,83.48,27631,28.64,78.76,0.83,Low
2026-01-21 16:15:00,90.0,23002,26.85,86.09,0.49,Low
2026-01-21 16:20:00,89.97,22350,27.26,85.67,0.52,Low
2026-01-21 16:25:00,89.91,23095,27.25,86.2,0.5,Low
2026-01-21 16:30:00,89.86,21503,27.29,80.86,0.69,Low
2026-01-21 16:35:00,89.81,21174,26.98,86.33,0.49,Low
2026-01-21 16:40:00,89.73,16616,27.4,85.02,0.55,Low
2026-01-21 16:45:00,89.68,17730,26.82,86.26,0.48,Low
2026-01-21 16:50:00,89.64,18218,27.21,80.58,0.7,Low
2026-01-21 16:55:00,89.56,13478,26.47,85.58,0.5,Low
2026-01-21 17:00:00,89.51,12686,26.98,83.23,0.6,Low
2026-01-21 17:05:00,89.47,12613,26.77,82.46,0.62,Low
2026-01-21 17:10:00,89.44,11206,25.19,88.46,0.37,Low
2026-01-21 17:15:00,89.37,12424,26.21,83.88,0.55,Low
2026-01-21 17:20:00,89.33,11251,25.98,85.09,0.5,Low
2026-01-21 17:25:00,89.29,5379,24.51,89.16,0.33,Low
2026-01-21 17:30:00,89.23,5326,24.58,91.29,0.27,Low
2026-01-21 17:35:00,89.18,4416,24.33,88.29,0.36,Low
2026-01-21 17:40:00,89.13,4081,25.17,90.52,0.3,Low
2026-01-21 17:45:00,89.1,5447,24.39,91.77,0.25,Low
2026-01-21 17:50:00,89.06,1701,24.47,90.43,0.29,Low
2026-01-21 17:55:00,88.99,0,23.22,91.64,0.24,Low
2026-01-21 18:00:00,88.93,2844,23.69,93.62,0.19,Low
2026-01-21 18:05:00,88.85,2932,24.44,90.44,0.29,Low
2026-01-21 18:10:00,88.8,2193,24.34,88.51,0.35,Low
2026-01-21 18:15:00,88.75,0,24.22,89.25,0.33,Low
2026-01-21 18:20:00,88.7,0,24.03,88.01,0.36,Low
2026-01-21 18:25:00,88.63,0,23.18,94.27,0.16,Low
2026-01-21 18:30:00,88.55,51,22.23,94.61,0.14,Low
2026-01-21 18:35:00,88.51,663,23.26,91.91,0.23,Low
2026-01-21 18:40:00,88.46,534,22.47,94.99,0.14,Low
2026-01-21 18:45:00,88.4,0,22.84,95.0,0.14,Low
2026-01-21 18:50:00,88.33,0,23.0,90.41,0.27,Low
2026-01-21 18:55:00,88.29,0,22.91,95.0,0.14,Low
2026-01-21 19:00:00,88.24,2706,22.52,95.0,0.14,Low
2026-01-21 19:05:00,88.19,0,21.72,95.0,0.13,Low
2026-01-21 19:10:00,88.16,1367,20.75,95.0,0.12,Low
2026-01-21 19:15:00,88.09,0,21.41,95.0,0.13,Low
2026-01-21 19:20:00,88.03,0,20.83,95.0,0.12,Low
2026-01-21 19:25:00,87.95,102,20.97,94.88,0.13,Low
2026-01-21 19:30:00,87.88,2455,20.59,95.0,0.12,Low
2026-01-21 19:35:00,87.84,1745,21.19,95.0,0.13,Low
2026-01-21 19:40:00,87.8,1496,21.27,95.0,0.13,Low
2026-01-21 19:45:00,87.76,1988,19.61,95.0,0.11,Low
2026-01-21 19:50:00,87.72,0,20.2,95.0,0.12,Low
2026-01-21 19:55:00,87.65,2155,20.88,95.0,0.12,Low
2026-01-21 20:00:00,87.58,0,19.86,95.0,0.12,Low
2026-01-21 20:05:00,87.53,775,20.43,95.0,0.12,Low
2026-01-21 20:10:00,87.48,1552,19.85,95.0,0.12,Low
2026-01-21 20:15:00,87.45,0,19.33,95.0,0.11,Low
2026-01-21 20:20:00,87.39,0,18.45,95.0,0.11,Low
2026-01-21 20:25:00,90.0,0,19.47,95.0,0.11,Low
2026-01-21 20:30:00,89.93,2157,19.97,95.0,0.12,Low
2026-01-21 20:35:00,89.89,145,18.91,95.0,0.11,Low
2026-01-21 20:40:00,89.83,0,18.51,95.0,0.11,Low
2026-01-21 20:45:00,89.78,0,18.33,95.0,0.11,Low
2026-01-21 20:50:00,89.74,1483,18.79,95.0,0.11,Low
2026-01-21 20:55:00,89.69,0,18.82,95.0,0.11,Low
2026-01-21 21:00:00,89.64,2053,18.3,95.0,0.11,Low
2026-01-21 21:05:00,89.59,0,17.47,95.0,0.1,Low
2026-01-21 21:10:00,89.54,1051,17.96,95.0,0.1,Low
2026-01-21 21:15:00,89.48,0,17.87,95.0,0.1,Low
2026-01-21 21:20:00,89.44,632,18.7,95.0,0.11,Low
2026-01-21 21:25:00,89.39,0,18.31,95.0,0.11,Low
2026-01-21 21:30:00,89.33,14,17.22,95.0,0.1,Low
2026-01-21 21:35:00,89.26,0,17.44,95.0,0.1,Low
2026-01-21 21:40:00,89.21,0,17.95,95.0,0.1,Low
2026-01-21 21:45:00,89.14,2232,16.4,95.0,0.09,Low
2026-01-21 21:50:00,89.1,0,16.96,95.0,0.1,Low
2026-01-21 21:55:00,89.03,0,16.79,95.0,0.1,Low
2026-01-21 22:00:00,89.0,1732,17.25,95.0,0.1,Low
2026-01-21 22:05:00,88.95,1777,17.46,95.0,0.1,Low
2026-01-21 22:10:00,88.91,0,16.39,95.0,0.09,Low
2026-01-21 22:15:00,88.86,928,17.43,95.0,0.1,Low
2026-01-21 22:20:00,88.81,2189,17.58,95.0,0.1,Low
2026-01-21 22:25:00,88.78,2492,16.94,95.0,0.1,Low
2026-01-21 22:30:00,88.72,0,16.13,95.0,0.09,Low
2026-01-21 22:35:00,88.65,1889,17.02,95.0,0.1,Low
2026-01-21 22:40:00,88.59,0,16.33,95.0,0.09,Low
2026-01-21 22:45:00,88.55,2001,16.9,95.0,0.1,Low
2026-01-21 22:50:00,88.5,14,17.14,95.0,0.1,Low
2026-01-21 22:55:00,88.45,0,16.12,95.0,0.09,Low
2026-01-21 23:00:00,88.39,857,15.46,95.0,0.09,Low
2026-01-21 23:05:00,88.34,0,15.79,95.0,0.09,Low
2026-01-21 23:10:00,88.28,0,16.75,95.0,0.1,Low
2026-01-21 23:15:00,88.2,0,15.9,95.0,0.09,Low
2026-01-21 23:20:00,88.13,851,15.16,95.0,0.09,Low
2026-01-21 23:25:00,88.07,0,16.48,95.0,0.09,Low
2026-01-21 23:30:00,87.99,2132,16.88,95.0,0.1,Low
2026-01-21 23:35:00,87.96,0,16.29,95.0,0.09,Low
2026-01-21 23:40:00,87.91,2254,15.16,95.0,0.09,Low
2026-01-21 23:45:00,87.85,2205,15.63,95.0,0.09,Low
2026-01-21 23:50:00,87.81,1443,15.92,95.0,0.09,Low
2026-01-21 23:55:00,87.75,0,15.61,95.0,0.09,Low
2026-01-22 00:00:00,75.1,0,21.75,79.31,0.54,Low
2026-01-22 00:05:00,75.06,0,20.96,78.93,0.52,Low
2026-01-22 00:10:00,75.01,1091,21.84,79.3,0.54,Low
2026-01-22 00:15:00,74.97,2202,20.64,80.52,0.47,Low
2026-01-22 00:20:00,74.93,2816,20.44,83.5,0.4,Low
2026-01-22 00:25:00,74.89,0,21.4,77.92,0.56,Low
2026-01-22 00:30:00,74.84,2668,20.6,80.12,0.48,Low
2026-01-22 00:35:00,74.76,0,21.72,80.74,0.5,Low
2026-01-22 00:40:00,74.73,0,21.67,76.16,0.62,Low
2026-01-22 00:45:00,74.66,0,21.25,81.38,0.47,Low
2026-01-22 00:50:00,74.58,464,20.31,80.12,0.47,Low
2026-01-22 00:55:00,74.5,0,21.82,75.85,0.63,Low
2026-01-22 01:00:00,74.43,0,22.23,78.71,0.57,Low
2026-01-22 01:05:00,74.36,0,22.27,76.55,0.63,Low
2026-01-22 01:10:00,74.33,228,20.73,82.99,0.42,Low
2026-01-22 01:15:00,74.29,194,20.87,82.74,0.43,Low
2026-01-22 01:20:00,74.21,1592,22.27,78.18,0.59,Low
2026-01-22 01:25:00,74.16,0,22.46,74.88,0.68,Low
2026-01-22 01:30:00,74.13,1221,21.13,82.3,0.44,Low
2026-01-22 01:35:00,74.08,0,22.51,76.88,0.63,Low
2026-01-22 01:40:00,74.0,2047,21.68,81.01,0.49,Low
2026-01-22 01:45:00,73.97,1413,22.51,73.85,0.71,Low
2026-01-22 01:50:00,73.94,0,21.53,76.63,0.6,Low
2026-01-22 01:55:00,73.89,1342,21.16,76.86,0.58,Low
2026-01-22 02:00:00,73.82,846,21.74,77.18,0.59,Low
2026-01-22 02:05:00,73.79,0,23.07,72.18,0.78,Low
2026-01-22 02:10:00,73.75,0,21.87,77.35,0.59,Low
2026-01-22 02:15:00,73.68,2362,22.77,76.32,0.66,Low
2026-01-22 02:20:00,73.61,683,22.26,75.62,0.65,Low
2026-01-22 02:25:00,73.56,0,22.19,79.0,0.56,Low
2026-01-22 02:30:00,73.52,0,23.15,77.68,0.63,Low
2026-01-22 02:35:00,73.46,1451,23.33,72.45,0.79,Low
2026-01-22 02:40:00,73.4,2632,22.15,79.19,0.56,Low
2026-01-22 02:45:00,73.36,0,22.67,74.7,0.7,Low
2026-01-22 02:50:00,73.31,1402,23.34,71.94,0.8,Low
2026-01-22 02:55:00,73.25,1168,22.43,75.7,0.66,Low
2026-01-22 03:00:00,73.18,0,23.72,70.79,0.86,Low
2026-01-22 03:05:00,73.14,1213,24.15,72.62,0.82,Low
2026-01-22 03:10:00,73.09,0,23.92,74.42,0.76,Low
2026-01-22 03:15:00,73.06,1945,23.01,77.63,0.63,Low
2026-01-22 03:20:00,72.99,1863,23.03,74.18,0.73,Low
2026-01-22 03:25:00,72.94,1692,23.33,76.35,0.68,Low
2026-01-22 03:30:00,72.87,0,23.89,73.22,0.79,Low
2026-01-22 03:35:00,72.81,1797,24.26,73.45,0.8,Low
2026-01-22 03:40:00,72.74,412,23.43,71.94,0.81,Low
2026-01-22 03:45:00,72.68,2621,24.82,71.71,0.89,Low
2026-01-22 03:50:00,72.62,307,25.22,69.73,0.97,Low
2026-01-22 03:55:00,72.55,0,24.17,75.18,0.75,Low
2026-01-22 04:00:00,72.5,0,25.83,67.64,1.08,Low
2026-01-22 04:05:00,72.42,1830,24.41,72.2,0.85,Low
2026-01-22 04:10:00,72.38,0,24.6,70.2,0.92,Low
2026-01-22 04:15:00,72.33,0,25.9,69.5,1.02,Low
2026-01-22 04:20:00,72.29,855,26.47,68.36,1.09,Low
2026-01-22 04:25:00,72.24,96,26.04,65.2,1.17,Low
2026-01-22 04:30:00,72.17,0,25.51,71.06,0.95,Low
2026-01-22 04:35:00,72.13,0,25.62,68.21,1.04,Low
2026-01-22 04:40:00,72.06,0,26.22,69.53,1.04,Low
2026-01-22 04:45:00,72.03,0,26.64,68.03,1.12,Low
2026-01-22 04:50:00,71.97,807,27.34,67.96,1.17,Low
2026-01-22 04:55:00,71.93,0,26.42,68.36,1.09,Low
2026-01-22 05:00:00,71.88,0,26.12,68.69,1.06,Low
2026-01-22 05:05:00,71.83,0,27.71,64.62,1.31,Low
2026-01-22 05:10:00,71.78,0,28.12,65.6,1.31,Low
2026-01-22 05:15:00,71.71,2467,27.83,64.66,1.32,Low
2026-01-22 05:20:00,71.66,0,26.76,69.21,1.08,Low
2026-01-22 05:25:00,71.62,2564,27.04,67.87,1.15,Low
2026-01-22 05:30:00,71.58,0,27.13,66.96,1.19,Low
2026-01-22 05:35:00,71.53,2532,27.89,63.74,1.36,Low
2026-01-22 05:40:00,71.46,0,28.63,64.44,1.39,Low
2026-01-22 05:45:00,71.41,0,28.71,59.07,1.61,Medium
2026-01-22 05:50:00,71.36,1381,29.17,63.05,1.49,Low
2026-01-22 05:55:00,71.3,1591,29.42,61.71,1.57,Low
2026-01-22 06:00:00,71.24,417,29.9,58.07,1.77,Medium
2026-01-22 06:05:00,71.17,1066,29.68,61.59,1.6,Low
2026-01-22 06:10:00,71.11,3416,30.26,58.04,1.81,Medium
2026-01-22 06:15:00,71.06,9817,29.7,62.43,1.57,Low
2026-01-22 06:20:00,71.0,7360,29.13,61.39,1.56,Low
2026-01-22 06:25:00,70.93,13900,29.12,60.98,1.57,Low
2026-01-22 06:30:00,70.86,15073,29.56,60.12,1.65,Low
2026-01-22 06:35:00,70.81,19115,30.27,60.38,1.71,Low
2026-01-22 06:40:00,70.76,17865,30.77,59.58,1.79,Medium
2026-01-22 06:45:00,70.69,23409,30.89,57.94,1.88,Medium
2026-01-22 06:50:00,70.61,27327,30.05,60.19,1.69,Low
2026-01-22 06:55:00,70.57,24998,31.42,54.04,2.11,Medium
2026-01-22 07:00:00,70.52,29384,30.49,57.93,1.84,Medium
2026-01-22 07:05:00,70.47,30968,31.31,58.64,1.89,Medium
2026-01-22 07:10:00,70.38,35415,32.22,53.91,2.22,Medium
2026-01-22 07:15:00,70.33,35909,31.37,56.16,2.01,Medium
2026-01-22 07:20:00,70.27,38016,31.27,55.02,2.05,Medium
2026-01-22 07:25:00,70.23,39156,31.57,54.54,2.11,Medium
2026-01-22 07:30:00,70.09,42942,32.94,51.31,2.44,Medium
2026-01-22 07:35:00,70.01,47086,31.88,57.22,2.02,Medium
2026-01-22 07:40:00,69.92,48825,32.36,53.32,2.26,High
2026-01-22 07:45:00,69.77,48249,33.47,51.83,2.49,High
2026-01-22 07:50:00,69.67,55425,32.47,55.9,2.15,High
2026-01-22 07:55:00,69.6,53035,32.49,54.75,2.21,High
2026-01-22 08:00:00,69.52,57458,33.23,50.1,2.54,High
2026-01-22 08:05:00,69.39,58792,33.38,50.14,2.56,High
2026-01-22 08:10:00,69.27,61404,33.86,52.45,2.51,High
2026-01-22 08:15:00,69.14,64483,33.33,49.78,2.57,High
2026-01-22 08:20:00,69.05,63260,34.42,51.58,2.64,High
2026-01-22 08:25:00,68.95,66102,33.74,52.41,2.49,High
2026-01-22 08:30:00,68.86,67233,33.25,53.07,2.39,High
2026-01-22 08:35:00,68.68,72817,33.96,47.93,2.76,High
2026-01-22 08:40:00,68.41,72605,33.39,51.44,2.5,High
2026-01-22 08:45:00,68.21,76801,33.89,48.07,2.74,High
2026-01-22 08:50:00,68.04,78099,34.51,48.74,2.81,High
2026-01-22 08:55:00,67.79,76819,34.84,45.36,3.05,High
2026-01-22 09:00:00,67.62,78518,34.67,45.31,3.02,High
2026-01-22 09:05:00,67.33,83393,35.6,43.55,3.28,High
2026-01-22 09:10:00,67.05,84418,35.64,44.48,3.23,High
2026-01-22 09:15:00,66.9,85863,35.07,48.82,2.89,High
2026-01-22 09:20:00,66.78,86662,34.82,47.41,2.93,High
2026-01-22 09:25:00,66.53,87612,34.73,47.48,2.91,High
2026-01-22 09:30:00,66.24,93370,35.22,49.58,2.87,High
2026-01-22 09:35:00,66.11,93944,35.26,46.88,3.03,High
2026-01-22 09:40:00,65.82,92439,35.22,49.55,2.87,High
2026-01-22 09:45:00,65.56,96059,35.25,44.57,3.16,High
2026-01-22 09:50:00,65.35,98916,36.17,43.91,3.36,High
2026-01-22 09:55:00,65.15,99411,36.09,46.81,3.18,High
2026-01-22 10:00:00,64.84,100000,35.01,49.75,2.83,High
2026-01-22 10:05:00,64.58,100000,36.95,45.11,3.44,High
2026-01-22 10:10:00,64.33,100000,36.41,46.43,3.25,High
2026-01-22 10:15:00,64.19,100000,36.08,45.3,3.26,High
2026-01-22 10:20:00,63.87,100000,35.57,44.75,3.21,High
2026-01-22 10:25:00,63.69,100000,36.06,45.12,3.27,High
2026-01-22 10:30:00,63.4,100000,36.18,45.44,3.27,High
2026-01-22 10:35:00,63.12,100000,37.12,40.12,3.5,High
2026-01-22 10:40:00,62.9,100000,36.64,41.32,3.5,High
2026-01-22 10:45:00,62.66,100000,36.49,41.49,3.5,High
2026-01-22 10:50:00,62.42,100000,37.01,44.65,3.47,High
2026-01-22 10:55:00,62.11,100000,36.01,42.78,3.4,High
2026-01-22 11:00:00,61.84,100000,36.97,44.53,3.47,High
2026-01-22 11:05:00,61.62,100000,36.81,44.33,3.46,High
2026-01-22 11:10:00,61.43,100000,36.69,42.89,3.5,High
2026-01-22 11:15:00,61.25,100000,37.64,40.59,3.5,High
2026-01-22 11:20:00,61.0,100000,37.1,43.91,3.5,High
2026-01-22 11:25:00,60.78,100000,36.52,43.6,3.45,High
2026-01-22 11:30:00,60.55,100000,36.92,42.55,3.5,High
2026-01-22 11:35:00,60.37,100000,37.85,42.92,3.5,High
2026-01-22 11:40:00,60.06,100000,37.19,42.37,3.5,High
2026-01-22 11:45:00,59.84,100000,37.37,39.72,3.5,High
2026-01-22 11:50:00,59.59,100000,37.18,45.45,3.46,High
2026-01-22 11:55:00,59.37,100000,36.22,45.56,3.27,High
2026-01-22 12:00:00,59.2,100000,37.72,41.94,3.5,High
2026-01-22 12:05:00,58.94,100000,37.32,43.11,3.5,High
2026-01-22 12:10:00,58.72,100000,36.96,45.65,3.4,High
2026-01-22 12:15:00,58.53,100000,36.98,40.56,3.5,High
2026-01-22 12:20:00,58.39,100000,37.27,42.22,3.5,High
2026-01-22 12:25:00,58.22,100000,37.02,42.1,3.5,High
2026-01-22 12:30:00,57.99,100000,37.26,44.46,3.5,High
2026-01-22 12:35:00,57.63,100000,37.84,38.07,3.5,High
2026-01-22 12:40:00,57.41,100000,37.38,44.05,3.5,High
2026-01-22 12:45:00,57.19,100000,37.04,41.98,3.5,High
2026-01-22 12:50:00,56.89,100000,37.12,40.56,3.5,High
2026-01-22 12:55:00,56.74,100000,36.83,44.05,3.48,High
2026-01-22 13:00:00,56.47,100000,36.11,43.22,3.39,High
2026-01-22 13:05:00,56.29,100000,37.25,41.98,3.5,High
2026-01-22 13:10:00,55.96,100000,36.56,45.75,3.32,High
2026-01-22 13:15:00,55.64,100000,36.46,42.66,3.49,High
2026-01-22 13:20:00,55.36,100000,36.86,45.09,3.42,High
2026-01-22 13:25:00,55.09,100000,35.95,45.66,3.22,High
2026-01-22 13:30:00,54.92,100000,36.53,44.08,3.42,High
2026-01-22 13:35:00,54.8,100000,37.2,44.04,3.5,High
2026-01-22 13:40:00,54.65,100000,36.17,46.75,3.19,High
2026-01-22 13:45:00,54.4,100000,35.33,47.81,2.99,High
2026-01-22 13:50:00,54.09,99635,35.17,48.6,2.92,High
2026-01-22 13:55:00,53.96,100000,35.93,43.97,3.32,High
2026-01-22 14:00:00,53.73,100000,36.01,43.24,3.37,High
2026-01-22 14:05:00,53.58,95902,35.47,48.85,2.95,High
2026-01-22 14:10:00,53.41,96181,36.25,46.5,3.22,High
2026-01-22 14:15:00,53.2,97367,35.75,46.28,3.15,High
2026-01-22 14:20:00,52.99,93320,35.91,43.6,3.33,High
2026-01-22 14:25:00,52.79,91949,36.45,45.2,3.34,High
2026-01-22 14:30:00,52.58,90680,35.4,46.51,3.07,High
2026-01-22 14:35:00,52.44,89916,34.5,47.26,2.89,High
2026-01-22 14:40:00,52.17,89900,34.56,50.44,2.72,High
2026-01-22 14:45:00,51.92,83908,35.24,45.09,3.13,High
2026-01-22 14:50:00,51.74,83646,35.72,45.8,3.17,High
2026-01-22 14:55:00,51.43,82665,35.01,49.59,2.84,High
2026-01-22 15:00:00,51.23,82590,34.28,50.51,2.67,High
2026-01-22 15:05:00,51.05,81830,35.07,50.04,2.82,High
2026-01-22 15:10:00,50.73,75868,35.33,48.34,2.96,High
2026-01-22 15:15:00,50.47,76809,34.61,50.88,2.7,High
2026-01-22 15:20:00,50.18,73105,33.6,51.5,2.52,High
2026-01-22 15:25:00,50.07,69901,34.13,51.45,2.6,High
2026-01-22 15:30:00,49.95,69063,34.82,50.61,2.75,High
2026-01-22 15:35:00,49.8,69377,33.21,53.49,2.37,High
2026-01-22 15:40:00,49.69,67760,34.0,47.64,2.79,High
2026-01-22 15:45:00,49.62,63232,33.97,52.5,2.52,High
2026-01-22 15:50:00,49.49,62822,33.92,52.73,2.5,High
2026-01-22 15:55:00,49.4,58242,32.48,54.24,2.24,High
2026-01-22 16:00:00,49.28,56765,32.32,56.21,2.12,High
2026-01-22 16:05:00,49.21,55593,33.43,52.95,2.42,High
2026-01-22 16:10:00,49.05,53813,32.36,52.41,2.31,High
2026-01-22 16:15:00,48.93,50572,33.06,50.56,2.49,High
2026-01-22 16:20:00,48.84,47834,32.14,52.38,2.28,High
2026-01-22 16:25:00,48.77,44996,32.86,54.97,2.25,High
2026-01-22 16:30:00,48.68,45643,31.26,56.3,1.99,High
2026-01-22 16:35:00,48.53,40736,32.71,51.05,2.42,High
2026-01-22 16:40:00,48.48,42130,31.11,57.57,1.92,High
2026-01-22 16:45:00,48.44,38918,30.98,57.6,1.9,High
2026-01-22 16:50:00,48.39,34248,31.59,58.05,1.95,High
2026-01-22 16:55:00,48.35,29778,30.84,58.74,1.84,Medium
2026-01-22 17:00:00,48.31,27245,31.06,55.85,1.99,Medium
2026-01-22 17:05:00,48.27,24780,29.96,60.07,1.69,Medium
2026-01-22 17:10:00,48.23,23492,30.22,55.86,1.9,Medium
2026-01-22 17:15:00,48.19,20449,29.93,57.4,1.8,Medium
2026-01-22 17:20:00,48.14,20018,29.78,61.78,1.6,Medium
2026-01-22 17:25:00,48.08,19941,29.8,56.74,1.81,Medium
2026-01-22 17:30:00,48.04,15978,31.03,56.54,1.96,Medium
2026-01-22 17:35:00,47.97,14172,29.96,58.36,1.76,Medium
2026-01-22 17:40:00,47.91,9922,29.44,61.2,1.59,Medium
2026-01-22 17:45:00,47.85,7017,28.65,64.85,1.38,Medium
2026-01-22 17:50:00,47.81,5289,28.43,64.68,1.37,Medium
2026-01-22 17:55:00,47.73,1307,28.27,62.98,1.42,Medium
2026-01-22 18:00:00,47.7,0,28.44,64.54,1.38,Medium
2026-01-22 18:05:00,47.65,926,29.52,61.89,1.57,Medium
2026-01-22 18:10:00,47.62,0,28.51,62.96,1.44,Medium
2026-01-22 18:15:00,47.58,1307,27.55,65.74,1.26,Medium
2026-01-22 18:20:00,47.51,0,28.67,64.54,1.39,Medium
2026-01-22 18:25:00,47.44,2791,28.27,64.3,1.37,Medium
2026-01-22 18:30:00,47.37,0,28.25,60.82,1.5,Medium
2026-01-22 18:35:00,47.31,1231,28.78,62.39,1.49,Medium
2026-01-22 18:40:00,47.25,0,26.86,68.41,1.12,Low
2026-01-22 18:45:00,47.19,0,26.64,67.0,1.15,Low
2026-01-22 18:50:00,47.15,0,27.2,64.11,1.29,Medium
2026-01-22 18:55:00,47.09,0,26.76,67.04,1.16,Low
2026-01-22 19:00:00,47.01,0,26.73,68.78,1.1,Low
2026-01-22 19:05:00,46.96,0,26.56,64.95,1.22,Medium
2026-01-22 19:10:00,46.91,1540,27.06,66.05,1.21,Medium
2026-01-22 19:15:00,46.83,0,26.16,64.89,1.19,Low
2026-01-22 19:20:00,46.79,0,27.12,67.26,1.18,Low
2026-01-22 19:25:00,46.72,20,25.56,68.0,1.05,Low
2026-01-22 19:30:00,46.67,0,26.18,67.23,1.11,Low
2026-01-22 19:35:00,46.62,0,26.55,64.44,1.23,Medium
2026-01-22 19:40:00,46.56,0,26.46,65.46,1.19,Low
2026-01-22 19:45:00,46.52,0,25.15,68.13,1.02,Low
2026-01-22 19:50:00,46.45,1846,24.4,69.41,0.93,Low
2026-01-22 19:55:00,46.39,0,24.64,70.31,0.92,Low
2026-01-22 20:00:00,46.36,1239,25.27,70.28,0.96,Low
2026-01-22 20:05:00,46.31,1848,24.29,74.3,0.78,Low
2026-01-22 20:10:00,46.24,0,24.69,73.36,0.83,Low
2026-01-22 20:15:00,46.17,0,23.94,72.94,0.8,Low
2026-01-22 20:20:00,46.09,0,25.2,67.82,1.03,Low
2026-01-22 20:25:00,46.04,0,24.67,68.83,0.97,Low
2026-01-22 20:30:00,45.99,0,24.21,73.12,0.81,Low
2026-01-22 20:35:00,45.94,0,23.63,72.95,0.79,Low
2026-01-22 20:40:00,45.89,0,24.37,73.95,0.79,Low
2026-01-22 20:45:00,45.84,0,24.46,69.11,0.95,Low
2026-01-22 20:50:00,45.77,0,23.04,77.72,0.63,Low
2026-01-22 20:55:00,45.71,1794,24.33,71.77,0.86,Low
2026-01-22 21:00:00,45.65,2056,24.03,73.57,0.79,Low
2026-01-22 21:05:00,45.59,0,22.69,73.87,0.72,Low
2026-01-22 21:10:00,45.55,1972,22.94,76.58,0.66,Low
2026-01-22 21:15:00,45.47,0,23.5,76.84,0.67,Low
2026-01-22 21:20:00,45.42,1676,22.55,74.94,0.69,Low
2026-01-22 21:25:00,45.35,0,22.83,74.32,0.71,Low
2026-01-22 21:30:00,45.29,1811,22.53,78.24,0.59,Low
2026-01-22 21:35:00,45.22,0,23.53,76.02,0.7,Low
2026-01-22 21:40:00,45.15,0,21.77,78.49,0.56,Medium
2026-01-22 21:45:00,45.07,0,23.13,75.28,0.7,Low
2026-01-22 21:50:00,45.04,0,22.86,73.13,0.75,Low
2026-01-22 21:55:00,44.99,2959,22.13,76.94,0.61,Low
2026-01-22 22:00:00,44.94,0,21.97,78.93,0.56,Medium
2026-01-22 22:05:00,44.91,70,21.91,79.35,0.54,Medium
2026-01-22 22:10:00,44.86,459,21.68,76.92,0.6,Medium
2026-01-22 22:15:00,44.8,1081,22.71,77.31,0.63,Low
2026-01-22 22:20:00,44.74,0,21.97,78.59,0.57,Medium
2026-01-22 22:25:00,44.69,0,21.38,80.89,0.49,Medium
2026-01-22 22:30:00,44.62,584,21.79,80.42,0.51,Medium
2026-01-22 22:35:00,44.58,0,21.98,75.76,0.64,Medium
2026-01-22 22:40:00,44.51,287,21.3,76.21,0.6,Medium
2026-01-22 22:45:00,44.45,0,21.31,78.72,0.54,Medium
2026-01-22 22:50:00,44.39,1541,21.31,77.22,0.58,Medium
2026-01-22 22:55:00,44.34,0,21.97,75.8,0.64,Medium
2026-01-22 23:00:00,44.29,1472,20.64,82.08,0.44,Medium
2026-01-22 23:05:00,44.22,0,21.57,81.07,0.49,Medium
2026-01-22 23:10:00,44.17,0,22.17,77.34,0.61,Low
2026-01-22 23:15:00,44.09,1757,20.53,80.23,0.48,Medium
2026-01-22 23:20:00,44.05,0,21.43,76.93,0.59,Medium
2026-01-22 23:25:00,44.01,1657,21.46,75.95,0.62,Medium
2026-01-22 23:30:00,43.96,2574,21.3,77.52,0.57,Medium
2026-01-22 23:35:00,43.89,1886,21.62,80.61,0.5,Medium
2026-01-22 23:40:00,43.85,0,21.93,80.46,0.51,Medium
2026-01-22 23:45:00,43.8,2502,20.47,80.31,0.47,Medium
2026-01-22 23:50:00,43.75,0,20.27,81.61,0.44,Medium
2026-01-22 23:55:00,43.7,592,21.56,75.96,0.62,Medium
2026-01-23 00:00:00,77.38,1712,20.1,83.95,0.38,Low
2026-01-23 00:05:00,77.32,1968,21.06,78.57,0.54,Low
2026-01-23 00:10:00,77.25,0,21.57,76.03,0.62,Low
2026-01-23 00:15:00,77.22,1588,21.28,79.18,0.53,Low
2026-01-23 00:20:00,77.18,0,20.36,80.03,0.48,Low
2026-01-23 00:25:00,77.13,0,21.65,81.05,0.49,Low
2026-01-23 00:30:00,77.06,2823,22.06,76.46,0.62,Low
2026-01-23 00:35:00,77.0,2157,21.05,82.29,0.44,Low
2026-01-23 00:40:00,76.94,0,21.4,78.17,0.56,Low
2026-01-23 00:45:00,76.9,1332,20.24,84.16,0.38,Low
2026-01-23 00:50:00,76.82,0,20.69,80.3,0.48,Low
2026-01-23 00:55:00,76.77,2813,20.42,83.47,0.4,Low
2026-01-23 01:00:00,76.7,2535,22.2,79.65,0.54,Low
2026-01-23 01:05:00,76.64,239,21.64,78.05,0.57,Low
2026-01-23 01:10:00,76.6,2518,21.34,79.04,0.53,Low
2026-01-23 01:15:00,76.53,0,22.02,79.16,0.55,Low
2026-01-23 01:20:00,76.46,1783,21.62,76.32,0.61,Low
2026-01-23 01:25:00,76.41,999,21.49,77.92,0.57,Low
2026-01-23 01:30:00,76.36,0,21.46,80.2,0.51,Low
2026-01-23 01:35:00,76.32,0,21.69,75.23,0.64,Low
2026-01-23 01:40:00,76.26,162,20.83,78.96,0.52,Low
2026-01-23 01:45:00,76.19,0,21.13,80.5,0.49,Low
2026-01-23 01:50:00,76.14,0,22.22,78.24,0.58,Low
2026-01-23 01:55:00,76.09,2682,21.58,75.76,0.62,Low
2026-01-23 02:00:00,76.06,0,22.07,79.43,0.55,Low
2026-01-23 02:05:00,75.99,0,22.9,74.83,0.7,Low
2026-01-23 02:10:00,75.94,1438,21.89,79.33,0.54,Low
2026-01-23 02:15:00,75.9,1083,22.16,76.72,0.62,Low
2026-01-23 02:20:00,75.86,0,23.1,76.2,0.67,Low
2026-01-23 02:25:00,75.81,1602,22.62,74.73,0.69,Low
2026-01-23 02:30:00,75.73,0,23.53,70.96,0.84,Low
2026-01-23 02:35:00,75.66,0,22.78,78.03,0.61,Low
2026-01-23 02:40:00,75.61,209,22.3,77.57,0.6,Low
2026-01-23 02:45:00,75.53,2186,23.58,72.79,0.79,Low
2026-01-23 02:50:00,75.49,0,22.41,76.37,0.64,Low
2026-01-23 02:55:00,75.43,0,23.55,75.06,0.72,Low
2026-01-23 03:00:00,75.39,0,23.26,71.76,0.81,Low
2026-01-23 03:05:00,75.34,655,23.33,76.42,0.68,Low
2026-01-23 03:10:00,75.28,704,22.86,74.52,0.71,Low
2026-01-23 03:15:00,75.21,2090,22.82,73.45,0.74,Low
2026-01-23 03:20:00,75.14,0,23.56,75.03,0.73,Low
2026-01-23 03:25:00,75.07,0,23.89,71.66,0.84,Low
2026-01-23 03:30:00,75.03,0,23.53,72.93,0.78,Low
2026-01-23 03:35:00,74.97,0,25.09,73.08,0.86,Low
2026-01-23 03:40:00,74.92,0,24.16,70.19,0.9,Low
2026-01-23 03:45:00,74.88,626,23.98,72.51,0.82,Low
2026-01-23 03:50:00,74.83,0,24.03,74.45,0.76,Low
2026-01-23 03:55:00,74.75,0,25.72,70.99,0.96,Low
2026-01-23 04:00:00,74.68,2488,25.93,67.16,1.1,Low
2026-01-23 04:05:00,74.64,496,25.81,66.6,1.11,Low
2026-01-23 04:10:00,74.58,102,25.51,69.6,0.99,Low
2026-01-23 04:15:00,74.5,918,24.82,73.63,0.83,Low
2026-01-23 04:20:00,74.42,1365,26.45,65.58,1.19,Low
2026-01-23 04:25:00,74.35,1736,25.65,68.89,1.02,Low
2026-01-23 04:30:00,74.29,0,25.45,68.29,1.03,Low
2026-01-23 04:35:00,74.23,0,25.79,71.07,0.96,Low
2026-01-23 04:40:00,74.18,2846,25.59,68.39,1.04,Low
2026-01-23 04:45:00,74.13,0,26.1,69.23,1.04,Low
2026-01-23 04:50:00,74.06,2199,27.38,65.9,1.24,Low
2026-01-23 04:55:00,74.02,428,26.99,67.5,1.16,Low
2026-01-23 05:00:00,73.98,883,27.79,64.94,1.31,Low
2026-01-23 05:05:00,73.92,2184,27.04,68.57,1.12,Low
2026-01-23 05:10:00,73.89,405,27.71,61.32,1.44,Low
2026-01-23 05:15:00,73.85,0,27.84,63.84,1.35,Low
2026-01-23 05:20:00,73.78,0,28.37,63.92,1.39,Low
2026-01-23 05:25:00,73.74,0,28.45,61.14,1.51,Low
2026-01-23 05:30:00,73.7,0,27.02,66.45,1.2,Low
2026-01-23 05:35:00,73.63,1306,28.65,60.72,1.54,Low
2026-01-23 05:40:00,73.6,2474,29.25,61.79,1.55,Low
2026-01-23 05:45:00,73.54,2665,27.96,61.37,1.46,Low
2026-01-23 05:50:00,73.5,0,29.29,63.1,1.5,Low
2026-01-23 05:55:00,73.43,0,29.75,60.01,1.67,Low
2026-01-23 06:00:00,73.39,804,29.76,59.69,1.69,Medium
2026-01-23 06:05:00,73.33,845,29.4,63.26,1.51,Low
2026-01-23 06:10:00,73.3,3653,30.32,60.07,1.73,Low
2026-01-23 06:15:00,73.22,8345,29.67,61.76,1.59,Low
2026-01-23 06:20:00,73.17,8961,29.99,58.52,1.76,Medium
2026-01-23 06:25:00,73.13,14244,30.26,60.19,1.71,Low
2026-01-23 06:30:00,73.09,17188,29.75,56.69,1.81,Medium
2026-01-23 06:35:00,73.04,19970,30.08,60.27,1.69,Low
2026-01-23 06:40:00,72.97,19385,30.95,53.88,2.07,Medium
2026-01-23 06:45:00,72.91,22811,29.85,59.8,1.69,Medium
2026-01-23 06:50:00,72.86,24484,31.0,58.75,1.85,Medium
2026-01-23 06:55:00,72.81,28203,31.63,54.06,2.14,Medium
2026-01-23 07:00:00,72.76,31816,31.05,57.82,1.9,Medium
2026-01-23 07:05:00,72.72,29495,31.56,57.95,1.95,Medium
2026-01-23 07:10:00,72.68,33984,30.9,56.88,1.93,Medium
2026-01-23 07:15:00,72.61,34332,31.98,54.04,2.18,Medium
2026-01-23 07:20:00,72.52,37938,32.36,54.0,2.23,Medium
2026-01-23 07:25:00,72.44,40067,31.51,55.97,2.04,Medium
2026-01-23 07:30:00,72.36,46130,31.62,56.72,2.01,Medium
2026-01-23 07:35:00,72.28,48062,32.95,53.34,2.34,Medium
2026-01-23 07:40:00,72.2,49764,32.32,52.67,2.29,Medium
2026-01-23 07:45:00,72.12,52819,33.19,49.25,2.58,Medium
2026-01-23 07:50:00,72.07,52989,31.73,53.68,2.17,Medium
2026-01-23 07:55:00,71.91,56388,33.64,47.92,2.72,Medium
2026-01-23 08:00:00,71.83,55108,32.85,50.53,2.47,Medium
2026-01-23 08:05:00,71.71,58179,33.1,52.67,2.39,Medium
2026-01-23 08:10:00,71.63,63703,32.68,50.78,2.43,Medium
2026-01-23 08:15:00,71.57,62835,33.14,49.22,2.57,Medium
2026-01-23 08:20:00,71.51,63753,33.09,49.48,2.55,Medium
2026-01-23 08:25:00,71.4,67194,34.15,48.6,2.76,Medium
2026-01-23 08:30:00,71.22,71831,33.87,52.84,2.49,Medium
2026-01-23 08:35:00,71.08,69295,35.0,45.41,3.07,Medium
2026-01-23 08:40:00,70.88,74971,34.78,50.69,2.74,Medium
2026-01-23 08:45:00,70.59,76387,33.42,49.08,2.62,Medium
2026-01-23 08:50:00,70.31,75482,35.12,45.63,3.08,Medium
2026-01-23 08:55:00,70.07,79441,33.6,50.81,2.56,Medium
2026-01-23 09:00:00,69.76,83251,35.35,48.1,2.97,High
2026-01-23 09:05:00,69.49,82167,35.59,47.61,3.04,High
2026-01-23 09:10:00,69.18,87552,34.52,51.2,2.67,High
2026-01-23 09:15:00,68.91,88708,35.25,44.59,3.16,High
2026-01-23 09:20:00,68.77,86979,35.84,45.53,3.21,High
2026-01-23 09:25:00,68.45,89280,36.1,43.35,3.38,High
2026-01-23 09:30:00,68.28,89024,35.61,44.76,3.21,High
2026-01-23 09:35:00,68.13,92324,36.13,46.37,3.21,High
2026-01-23 09:40:00,67.88,95230,36.26,46.84,3.2,High
2026-01-23 09:45:00,67.73,96915,36.44,42.62,3.49,High
2026-01-23 09:50:00,67.59,93994,36.5,43.68,3.44,High
2026-01-23 09:55:00,67.36,96237,34.92,46.56,2.99,High
2026-01-23 10:00:00,67.15,100000,35.7,46.9,3.1,High
2026-01-23 10:05:00,66.89,100000,35.9,44.26,3.29,High
2026-01-23 10:10:00,66.67,100000,36.48,46.57,3.26,High
2026-01-23 10:15:00,66.53,100000,36.67,41.33,3.5,High
2026-01-23 10:20:00,66.24,100000,35.82,47.01,3.12,High
2026-01-23 10:25:00,66.01,100000,36.79,43.3,3.5,High
2026-01-23 10:30:00,65.88,100000,36.39,44.86,3.35,High
2026-01-23 10:35:00,65.68,100000,37.05,43.71,3.5,High
2026-01-23 10:40:00,65.46,100000,36.0,44.64,3.29,High
2026-01-23 10:45:00,65.17,100000,36.99,40.45,3.5,High
2026-01-23 10:50:00,64.85,100000,36.34,45.0,3.33,High
2026-01-23 10:55:00,64.53,100000,36.94,42.34,3.5,High
2026-01-23 11:00:00,64.31,100000,37.24,40.3,3.5,High
2026-01-23 11:05:00,64.04,100000,36.82,46.01,3.35,High
2026-01-23 11:10:00,63.81,100000,36.12,45.75,3.25,High
2026-01-23 11:15:00,63.65,100000,37.19,41.2,3.5,High
2026-01-23 11:20:00,63.53,100000,36.26,44.11,3.37,High
2026-01-23 11:25:00,63.4,100000,36.94,44.31,3.48,High
2026-01-23 11:30:00,63.19,100000,37.0,42.31,3.5,High
2026-01-23 11:35:00,62.87,100000,37.72,41.75,3.5,High
2026-01-23 11:40:00,62.69,100000,36.71,42.64,3.5,High
2026-01-23 11:45:00,62.52,100000,37.08,45.07,3.46,High
2026-01-23 11:50:00,62.32,100000,36.95,45.67,3.4,High
2026-01-23 11:55:00,62.02,100000,37.03,42.07,3.5,High
2026-01-23 12:00:00,61.81,100000,36.68,41.25,3.5,High
2026-01-23 12:05:00,61.53,100000,36.71,44.59,3.42,High
2026-01-23 12:10:00,61.22,100000,37.63,40.26,3.5,High
2026-01-23 12:15:00,61.01,100000,36.16,45.58,3.26,High
2026-01-23 12:20:00,60.86,100000,37.15,43.88,3.5,High
2026-01-23 12:25:00,60.59,100000,37.01,42.45,3.5,High
2026-01-23 12:30:00,60.37,100000,36.36,45.59,3.3,High
2026-01-23 12:35:00,60.15,100000,36.39,41.9,3.5,High
2026-01-23 12:40:00,59.85,100000,36.99,44.61,3.47,High
2026-01-23 12:45:00,59.7,100000,36.06,44.94,3.28,High
2026-01-23 12:50:00,59.55,100000,37.51,42.71,3.5,High
2026-01-23 12:55:00,59.43,100000,36.52,43.02,3.48,High
2026-01-23 13:00:00,59.3,100000,35.84,46.1,3.17,High
2026-01-23 13:05:00,59.06,100000,37.67,42.36,3.5,High
2026-01-23 13:10:00,58.86,100000,36.73,45.6,3.36,High
2026-01-23 13:15:00,58.67,100000,36.49,43.94,3.42,High
2026-01-23 13:20:00,58.39,100000,35.71,44.07,3.27,High
2026-01-23 13:25:00,58.26,100000,36.02,46.79,3.16,High
2026-01-23 13:30:00,58.1,100000,35.45,44.8,3.18,High
2026-01-23 13:35:00,57.88,100000,35.94,48.26,3.06,High
2026-01-23 13:40:00,57.64,100000,37.2,42.07,3.5,High
2026-01-23 13:45:00,57.44,100000,37.1,45.62,3.43,High
2026-01-23 13:50:00,57.28,100000,35.87,45.48,3.22,High
2026-01-23 13:55:00,57.13,100000,35.21,46.27,3.06,High
2026-01-23 14:00:00,56.99,100000,35.24,47.74,2.98,High
2026-01-23 14:05:00,56.69,96813,35.17,44.88,3.13,High
2026-01-23 14:10:00,56.48,96223,35.32,48.22,2.96,High
2026-01-23 14:15:00,56.34,98339,36.35,42.51,3.48,High
2026-01-23 14:20:00,56.17,94585,35.29,44.09,3.19,High
2026-01-23 14:25:00,55.87,94846,36.3,42.51,3.47,High
2026-01-23 14:30:00,55.67,88307,36.11,42.36,3.45,High
2026-01-23 14:35:00,55.51,89940,34.33,46.74,2.88,High
2026-01-23 14:40:00,55.23,88021,35.29,47.16,3.02,High
2026-01-23 14:45:00,55.03,87146,34.99,48.03,2.92,High
2026-01-23 14:50:00,54.83,82284,34.29,46.99,2.87,High
2026-01-23 14:55:00,54.54,83381,34.42,50.69,2.69,High
2026-01-23 15:00:00,54.25,79249,34.26,47.07,2.86,High
2026-01-23 15:05:00,54.02,79855,34.05,48.19,2.76,High
2026-01-23 15:10:00,53.81,79037,34.19,47.83,2.8,High
2026-01-23 15:15:00,53.49,74625,34.2,46.59,2.87,High
2026-01-23 15:20:00,53.37,76149,34.82,50.4,2.76,High
2026-01-23 15:25:00,53.08,73055,33.31,52.17,2.45,High
2026-01-23 15:30:00,52.91,71735,34.71,48.79,2.83,High
2026-01-23 15:35:00,52.82,65039,33.88,47.59,2.77,High
2026-01-23 15:40:00,52.71,67689,34.45,51.01,2.67,High
2026-01-23 15:45:00,52.57,65875,33.93,51.84,2.55,High
2026-01-23 15:50:00,52.48,63191,33.53,52.96,2.44,High
2026-01-23 15:55:00,52.35,60254,33.47,53.36,2.41,High
2026-01-23 16:00:00,52.26,57813,32.82,54.18,2.28,High
2026-01-23 16:05:00,52.19,53636,33.79,47.76,2.75,High
2026-01-23 16:10:00,52.05,53195,33.21,49.29,2.58,High
2026-01-23 16:15:00,51.9,51664,33.25,50.4,2.53,High
2026-01-23 16:20:00,51.83,46116,32.06,55.47,2.12,High
2026-01-23 16:25:00,51.77,45985,32.49,53.79,2.26,High
2026-01-23 16:30:00,51.73,41239,31.69,54.29,2.13,Medium
2026-01-23 16:35:00,51.58,43434,32.39,55.34,2.17,High
2026-01-23 16:40:00,51.53,38107,31.64,57.13,2.0,Medium
2026-01-23 16:45:00,51.46,34096,31.0,54.33,2.05,Medium
2026-01-23 16:50:00,51.41,37043,31.11,55.07,2.03,Medium
2026-01-23 16:55:00,51.29,30095,32.13,53.07,2.25,High
2026-01-23 17:00:00,51.25,31507,31.27,55.81,2.02,Medium
2026-01-23 17:05:00,51.2,29480,30.35,60.83,1.7,Medium
2026-01-23 17:10:00,51.15,25374,30.97,59.3,1.83,Medium
2026-01-23 17:15:00,51.11,25090,29.57,58.47,1.72,Medium
2026-01-23 17:20:00,51.07,21456,29.85,62.35,1.58,Medium
2026-01-23 17:25:00,51.03,18274,29.59,62.73,1.54,Medium
2026-01-23 17:30:00,50.96,12112,30.71,55.37,1.97,Medium
2026-01-23 17:35:00,50.9,10922,29.77,56.91,1.8,Medium
2026-01-23 17:40:00,50.86,9956,28.79,64.47,1.41,Medium
2026-01-23 17:45:00,50.8,4738,29.89,56.4,1.84,Medium
2026-01-23 17:50:00,50.77,4009,29.16,60.37,1.6,Medium
2026-01-23 17:55:00,50.72,1885,28.82,61.05,1.54,Medium
2026-01-23 18:00:00,50.67,0,28.12,66.02,1.29,Medium
2026-01-23 18:05:00,50.61,2260,29.02,60.52,1.58,Medium
2026-01-23 18:10:00,50.57,112,28.82,60.35,1.57,Medium
2026-01-23 18:15:00,50.52,0,27.62,65.38,1.28,Low
2026-01-23 18:20:00,50.47,2929,27.52,67.24,1.2,Low
2026-01-23 18:25:00,50.39,1520,28.07,63.11,1.4,Medium
2026-01-23 18:30:00,50.33,0,28.49,62.36,1.46,Medium
2026-01-23 18:35:00,50.25,0,27.4,63.19,1.34,Low
2026-01-23 18:40:00,50.18,166,26.68,64.29,1.25,Low
2026-01-23 18:45:00,50.1,442,27.32,66.71,1.21,Low
2026-01-23 18:50:00,50.03,0,28.25,60.16,1.53,Medium
2026-01-23 18:55:00,49.96,0,26.63,69.41,1.07,Low
2026-01-23 19:00:00,49.92,551,26.6,66.51,1.17,Low
2026-01-23 19:05:00,49.86,971,26.23,66.49,1.14,Low
2026-01-23 19:10:00,49.78,1207,26.41,66.31,1.16,Low
2026-01-23 19:15:00,49.72,2913,25.89,68.34,1.06,Low
2026-01-23 19:20:00,49.64,1361,26.9,65.29,1.23,Medium
2026-01-23 19:25:00,49.58,1542,26.85,65.1,1.23,Medium
2026-01-23 19:30:00,49.5,0,26.11,68.71,1.06,Low
2026-01-23 19:35:00,49.43,0,25.21,67.69,1.04,Low
2026-01-23 19:40:00,49.35,1988,25.57,67.59,1.06,Low
2026-01-23 19:45:00,49.3,407,24.89,69.56,0.96,Low
2026-01-23 19:50:00,49.23,0,26.13,67.87,1.09,Low
2026-01-23 19:55:00,49.18,0,26.01,69.65,1.02,Low
2026-01-23 20:00:00,49.1,156,24.7,73.34,0.83,Low
2026-01-23 20:05:00,49.04,730,24.34,74.22,0.78,Low
2026-01-23 20:10:00,48.97,0,24.48,69.26,0.94,Low
2026-01-23 20:15:00,48.93,2753,25.54,67.9,1.05,Low
2026-01-23 20:20:00,48.88,1590,23.66,76.09,0.7,Low
2026-01-23 20:25:00,48.82,0,25.14,69.36,0.98,Low
2026-01-23 20:30:00,48.77,2236,23.33,76.28,0.68,Low
2026-01-23 20:35:00,48.73,2285,23.24,72.27,0.79,Low
2026-01-23 20:40:00,48.67,1184,22.91,75.84,0.67,Low
2026-01-23 20:45:00,48.63,0,24.59,70.01,0.93,Low
2026-01-23 20:50:00,48.57,555,23.01,76.23,0.67,Low
2026-01-23 20:55:00,48.51,0,22.67,78.72,0.59,Low
2026-01-23 21:00:00,48.45,0,23.06,77.2,0.64,Low
2026-01-23 21:05:00,48.38,968,22.7,75.65,0.67,Low
2026-01-23 21:10:00,48.3,246,22.3,76.08,0.64,Low
2026-01-23 21:15:00,48.24,0,23.15,73.68,0.75,Low
2026-01-23 21:20:00,48.17,0,23.58,70.92,0.85,Low
2026-01-23 21:25:00,48.13,0,22.54,73.45,0.73,Low
2026-01-23 21:30:00,48.06,1914,23.57,74.79,0.73,Low
2026-01-23 21:35:00,48.03,0,21.71,75.5,0.64,Medium
2026-01-23 21:40:00,47.99,0,22.62,74.53,0.7,Low
2026-01-23 21:45:00,47.95,740,22.89,75.44,0.69,Low
2026-01-23 21:50:00,47.88,0,21.43,76.0,0.61,Medium
2026-01-23 21:55:00,47.81,930,22.18,75.13,0.66,Low
2026-01-23 22:00:00,47.78,0,22.4,76.91,0.63,Low
2026-01-23 22:05:00,47.71,2700,22.35,79.08,0.56,Low
2026-01-23 22:10:00,47.63,0,22.61,74.18,0.71,Low
2026-01-23 22:15:00,47.6,0,20.97,78.34,0.54,Medium
2026-01-23 22:20:00,47.53,2663,22.1,76.96,0.61,Low
2026-01-23 22:25:00,47.49,0,21.93,79.96,0.53,Medium
2026-01-23 22:30:00,47.45,0,21.24,79.78,0.51,Medium
2026-01-23 22:35:00,47.38,2947,20.69,80.7,0.47,Medium
2026-01-23 22:40:00,47.31,0,20.52,78.28,0.52,Medium
2026-01-23 22:45:00,47.28,0,21.22,79.08,0.53,Medium
2026-01-23 22:50:00,47.24,2848,21.63,76.59,0.61,Medium
2026-01-23 22:55:00,47.18,0,20.7,78.09,0.53,Medium
2026-01-23 23:00:00,47.11,0,21.49,76.71,0.6,Medium
2026-01-23 23:05:00,47.06,0,21.45,80.75,0.49,Medium
2026-01-23 23:10:00,47.0,0,20.22,79.85,0.48,Medium
2026-01-23 23:15:00,46.96,429,20.29,79.7,0.48,Medium
2026-01-23 23:20:00,46.88,1730,20.81,80.34,0.48,Medium
2026-01-23 23:25:00,46.85,0,21.36,78.59,0.54,Medium
2026-01-23 23:30:00,46.81,615,20.83,79.86,0.5,Medium
2026-01-23 23:35:00,46.77,406,21.74,80.07,0.52,Medium
2026-01-23 23:40:00,46.7,0,20.4,81.76,0.44,Medium
2026-01-23 23:45:00,46.62,1102,20.53,79.44,0.5,Medium
2026-01-23 23:50:00,46.56,1481,21.61,77.87,0.57,Medium
2026-01-23 23:55:00,46.48,43,21.09,81.73,0.46,Medium
2026-01-24 00:00:00,75.68,0,20.45,79.52,0.49,Low
2026-01-24 00:05:00,75.65,0,21.04,79.6,0.51,Low
2026-01-24 00:10:00,75.59,1214,20.68,81.01,0.46,Low
2026-01-24 00:15:00,75.52,1625,21.41,81.23,0.48,Low
2026-01-24 00:20:00,75.46,0,20.36,81.04,0.45,Low
2026-01-24 00:25:00,75.42,0,20.39,78.69,0.51,Low
2026-01-24 00:30:00,75.38,0,21.49,77.9,0.57,Low
2026-01-24 00:35:00,75.3,0,20.43,83.33,0.4,Low
2026-01-24 00:40:00,75.26,0,20.91,77.78,0.55,Low
2026-01-24 00:45:00,75.2,211,20.75,77.32,0.56,Low
2026-01-24 00:50:00,75.14,715,20.88,80.38,0.48,Low
2026-01-24 00:55:00,75.07,1328,21.77,80.75,0.5,Low
2026-01-24 01:00:00,75.0,1983,20.66,83.33,0.41,Low
2026-01-24 01:05:00,74.94,0,20.95,80.2,0.49,Low
2026-01-24 01:10:00,74.9,1318,20.66,79.09,0.51,Low
2026-01-24 01:15:00,74.82,1052,20.55,83.65,0.4,Low
2026-01-24 01:20:00,74.79,0,21.39,78.96,0.54,Low
2026-01-24 01:25:00,74.74,2747,21.25,78.89,0.53,Low
2026-01-24 01:30:00,74.67,0,20.82,80.46,0.48,Low
2026-01-24 01:35:00,74.61,0,21.0,81.48,0.46,Low
2026-01-24 01:40:00,74.53,2737,21.47,75.81,0.62,Low
2026-01-24 01:45:00,74.49,468,22.22,74.88,0.67,Low
2026-01-24 01:50:00,74.41,0,22.18,76.79,0.62,Low
2026-01-24 01:55:00,74.34,0,22.66,73.54,0.73,Low
2026-01-24 02:00:00,74.3,130,22.44,74.61,0.69,Low
2026-01-24 02:05:00,74.23,1297,22.04,80.19,0.53,Low
2026-01-24 02:10:00,74.18,0,21.83,75.88,0.63,Low
2026-01-24 02:15:00,74.12,703,21.36,80.94,0.48,Low
2026-01-24 02:20:00,74.09,0,21.72,80.02,0.52,Low
2026-01-24 02:25:00,74.04,0,22.91,75.98,0.67,Low
2026-01-24 02:30:00,74.0,775,23.43,73.07,0.78,Low
2026-01-24 02:35:00,73.93,0,23.22,73.58,0.75,Low
2026-01-24 02:40:00,73.9,2741,21.91,79.92,0.53,Low
2026-01-24 02:45:00,73.86,0,22.21,77.13,0.61,Low
2026-01-24 02:50:00,73.8,0,22.36,74.61,0.69,Low
2026-01-24 02:55:00,73.76,0,22.25,79.81,0.54,Low
2026-01-24 03:00:00,73.7,0,22.82,76.98,0.64,Low
2026-01-24 03:05:00,73.64,2426,22.47,77.33,0.62,Low
2026-01-24 03:10:00,73.59,838,24.35,70.18,0.91,Low
2026-01-24 03:15:00,73.52,445,24.34,74.9,0.76,Low
2026-01-24 03:20:00,73.46,2740,23.14,71.96,0.79,Low
2026-01-24 03:25:00,73.41,1256,24.74,69.44,0.95,Low
2026-01-24 03:30:00,73.35,0,24.93,69.97,0.95,Low
2026-01-24 03:35:00,73.27,0,24.72,69.63,0.95,Low
2026-01-24 03:40:00,73.2,0,23.92,71.5,0.85,Low
2026-01-24 03:45:00,73.14,0,24.33,70.61,0.89,Low
2026-01-24 03:50:00,73.08,279,23.76,72.09,0.82,Low
2026-01-24 03:55:00,73.04,0,24.95,71.98,0.89,Low
2026-01-24 04:00:00,72.97,0,24.81,73.6,0.83,Low
2026-01-24 04:05:00,72.94,0,24.49,69.45,0.94,Low
2026-01-24 04:10:00,72.88,0,25.02,67.56,1.03,Low
2026-01-24 04:15:00,72.83,691,26.07,70.9,0.98,Low
2026-01-24 04:20:00,72.75,1637,26.08,65.75,1.16,Low
2026-01-24 04:25:00,72.69,0,26.19,68.94,1.06,Low
2026-01-24 04:30:00,72.66,1759,25.2,70.34,0.95,Low
2026-01-24 04:35:00,72.59,289,26.11,70.86,0.99,Low
2026-01-24 04:40:00,72.53,0,26.54,69.5,1.06,Low
2026-01-24 04:45:00,72.45,2104,27.34,63.96,1.31,Low
2026-01-24 04:50:00,72.41,0,25.94,70.55,0.99,Low
2026-01-24 04:55:00,72.33,1629,26.49,64.6,1.22,Low
2026-01-24 05:00:00,72.27,1902,27.48,63.71,1.33,Low
2026-01-24 05:05:00,72.21,0,27.77,65.36,1.29,Low
2026-01-24 05:10:00,72.16,0,26.62,64.26,1.25,Low
2026-01-24 05:15:00,72.11,0,27.5,63.17,1.35,Low
2026-01-24 05:20:00,72.04,1814,28.54,62.56,1.46,Low
2026-01-24 05:25:00,71.97,1555,26.8,66.19,1.19,Low
2026-01-24 05:30:00,71.93,1795,27.82,66.11,1.27,Low
2026-01-24 05:35:00,71.89,0,28.93,64.41,1.42,Low
2026-01-24 05:40:00,71.84,0,29.22,61.95,1.54,Low
2026-01-24 05:45:00,71.8,577,28.94,59.53,1.62,Medium
2026-01-24 05:50:00,71.74,381,29.24,60.41,1.61,Low
2026-01-24 05:55:00,71.68,2895,29.02,58.77,1.65,Medium
2026-01-24 06:00:00,71.64,2936,29.57,61.77,1.58,Low
2026-01-24 06:05:00,71.56,4060,29.59,59.75,1.67,Medium
2026-01-24 06:10:00,71.5,3516,29.23,62.37,1.53,Low
2026-01-24 06:15:00,71.42,6855,28.7,62.29,1.48,Low
2026-01-24 06:20:00,71.34,12830,30.39,58.51,1.8,Medium
2026-01-24 06:25:00,71.28,14058,28.95,63.69,1.45,Low
2026-01-24 06:30:00,71.24,13099,30.97,58.42,1.87,Medium
2026-01-24 06:35:00,71.21,18064,30.64,56.79,1.9,Medium
2026-01-24 06:40:00,71.14,18603,30.42,57.64,1.84,Medium
2026-01-24 06:45:00,71.08,22480,29.82,59.88,1.68,Medium
2026-01-24 06:50:00,71.01,23254,30.97,57.9,1.89,Medium
2026-01-24 06:55:00,70.94,29748,30.46,59.38,1.77,Medium
2026-01-24 07:00:00,70.89,30197,31.53,57.01,1.99,Medium
2026-01-24 07:05:00,70.83,34254,32.01,52.15,2.28,Medium
2026-01-24 07:10:00,70.79,33551,32.22,53.26,2.25,Medium
2026-01-24 07:15:00,70.69,39059,32.14,52.35,2.28,Medium
2026-01-24 07:20:00,70.54,41623,32.23,54.93,2.17,Medium
2026-01-24 07:25:00,70.44,40873,31.19,57.12,1.95,Medium
2026-01-24 07:30:00,70.38,44081,32.78,52.67,2.35,Medium
2026-01-24 07:35:00,70.26,44865,32.77,51.04,2.43,Medium
2026-01-24 07:40:00,70.12,47057,32.17,55.27,2.15,Medium
2026-01-24 07:45:00,70.04,47887,31.56,53.85,2.14,Medium
2026-01-24 07:50:00,69.89,55982,32.92,54.37,2.29,High
2026-01-24 07:55:00,69.78,54096,33.15,50.4,2.52,High
2026-01-24 08:00:00,69.7,58456,33.8,52.47,2.5,High
2026-01-24 08:05:00,69.58,62436,32.37,53.26,2.27,High
2026-01-24 08:10:00,69.46,63252,33.96,47.72,2.77,High
2026-01-24 08:15:00,69.33,62599,34.3,47.51,2.84,High
2026-01-24 08:20:00,69.23,68922,34.25,46.88,2.86,High
2026-01-24 08:25:00,69.11,69402,34.6,46.91,2.92,High
2026-01-24 08:30:00,69.02,68263,34.71,48.84,2.83,High
2026-01-24 08:35:00,68.89,73245,34.26,49.61,2.72,High
2026-01-24 08:40:00,68.68,75144,34.77,48.47,2.86,High
2026-01-24 08:45:00,68.52,74710,34.29,49.18,2.75,High
2026-01-24 08:50:00,68.23,76672,34.75,49.07,2.82,High
2026-01-24 08:55:00,67.94,79385,33.68,49.4,2.64,High
2026-01-24 09:00:00,67.63,82380,35.64,45.96,3.15,High
2026-01-24 09:05:00,67.49,86048,34.2,50.25,2.68,High
2026-01-24 09:10:00,67.35,84582,35.27,49.62,2.88,High
2026-01-24 09:15:00,67.09,87282,35.86,43.69,3.32,High
2026-01-24 09:20:00,66.93,85110,35.41,46.6,3.07,High
2026-01-24 09:25:00,66.66,87578,35.41,44.75,3.18,High
2026-01-24 09:30:00,66.46,88317,34.99,49.95,2.81,High
2026-01-24 09:35:00,66.27,91781,35.63,48.78,2.98,High
2026-01-24 09:40:00,65.99,95570,36.08,43.35,3.38,High
2026-01-24 09:45:00,65.79,98197,36.58,44.98,3.37,High
2026-01-24 09:50:00,65.53,96741,35.14,46.06,3.06,High
2026-01-24 09:55:00,65.38,96028,35.5,47.09,3.06,High
2026-01-24 10:00:00,65.23,96914,36.12,42.77,3.42,High
2026-01-24 10:05:00,64.95,100000,35.55,44.99,3.19,High
2026-01-24 10:10:00,64.76,99206,35.76,44.22,3.27,High
2026-01-24 10:15:00,64.63,100000,35.91,48.32,3.06,High
2026-01-24 10:20:00,64.41,100000,37.21,41.87,3.5,High
2026-01-24 10:25:00,64.1,100000,35.47,45.27,3.16,High
2026-01-24 10:30:00,63.82,100000,36.98,44.75,3.46,High
2026-01-24 10:35:00,63.64,100000,35.68,46.25,3.14,High
2026-01-24 10:40:00,63.43,100000,36.84,44.07,3.48,High
2026-01-24 10:45:00,63.24,100000,37.04,44.86,3.47,High
2026-01-24 10:50:00,63.08,100000,36.5,46.48,3.27,High
2026-01-24 10:55:00,62.83,100000,35.98,46.14,3.2,High
2026-01-24 11:00:00,62.62,100000,36.99,41.69,3.5,High
2026-01-24 11:05:00,62.4,100000,37.16,39.56,3.5,High
2026-01-24 11:10:00,62.21,100000,36.55,42.98,3.49,High
2026-01-24 11:15:00,62.0,100000,36.1,46.21,3.21,High
2026-01-24 11:20:00,61.72,100000,36.88,43.41,3.5,High
2026-01-24 11:25:00,61.57,100000,36.53,42.37,3.5,High
2026-01-24 11:30:00,61.32,100000,36.75,43.93,3.47,High
2026-01-24 11:35:00,61.1,100000,36.48,41.31,3.5,High
2026-01-24 11:40:00,60.9,100000,37.36,41.48,3.5,High
2026-01-24 11:45:00,60.58,100000,37.3,40.05,3.5,High
2026-01-24 11:50:00,60.24,100000,37.77,39.23,3.5,High
2026-01-24 11:55:00,60.05,100000,36.3,43.76,3.4,High
2026-01-24 12:00:00,59.93,100000,36.05,46.73,3.17,High
2026-01-24 12:05:00,59.58,100000,37.28,39.39,3.5,High
2026-01-24 12:10:00,59.41,100000,37.9,38.85,3.5,High
2026-01-24 12:15:00,59.28,100000,37.15,41.41,3.5,High
2026-01-24 12:20:00,59.13,100000,36.84,41.24,3.5,High
2026-01-24 12:25:00,58.87,100000,36.32,45.37,3.3,High
2026-01-24 12:30:00,58.62,100000,37.44,42.41,3.5,High
2026-01-24 12:35:00,58.22,100000,37.59,39.5,3.5,High
2026-01-24 12:40:00,57.84,100000,37.44,39.55,3.5,High
2026-01-24 12:45:00,57.53,100000,36.29,42.48,3.47,High
2026-01-24 12:50:00,57.23,100000,35.89,45.8,3.2,High
2026-01-24 12:55:00,57.05,100000,36.79,43.04,3.5,High
2026-01-24 13:00:00,56.82,100000,36.64,42.45,3.5,High
2026-01-24 13:05:00,56.54,100000,36.66,46.01,3.33,High
2026-01-24 13:10:00,56.33,100000,37.41,39.33,3.5,High
2026-01-24 13:15:00,56.06,100000,35.89,47.43,3.1,High
2026-01-24 13:20:00,55.85,100000,35.57,49.17,2.95,High
2026-01-24 13:25:00,55.64,100000,36.61,42.54,3.5,High
2026-01-24 13:30:00,55.37,100000,36.23,43.62,3.39,High
2026-01-24 13:35:00,55.17,100000,35.86,47.58,3.09,High
2026-01-24 13:40:00,54.88,100000,36.64,43.3,3.49,High
2026-01-24 13:45:00,54.57,100000,35.71,46.64,3.12,High
2026-01-24 13:50:00,54.36,100000,37.09,42.45,3.5,High
2026-01-24 13:55:00,54.05,99327,35.95,45.29,3.24,High
2026-01-24 14:00:00,53.79,99242,35.45,48.33,2.98,High
2026-01-24 14:05:00,53.51,97223,35.38,46.42,3.08,High
2026-01-24 14:10:00,53.26,96593,34.85,45.69,3.03,High
2026-01-24 14:15:00,53.03,95341,35.65,48.53,3.0,High
2026-01-24 14:20:00,52.88,94337,34.86,49.59,2.81,High
2026-01-24 14:25:00,52.61,90620,36.04,44.5,3.31,High
2026-01-24 14:30:00,52.4,92770,35.76,44.29,3.27,High
2026-01-24 14:35:00,52.15,87861,34.24,49.2,2.74,High
2026-01-24 14:40:00,51.89,85294,36.01,44.5,3.3,High
2026-01-24 14:45:00,51.62,83525,35.1,45.48,3.08,High
2026-01-24 14:50:00,51.41,84195,35.83,44.43,3.27,High
2026-01-24 14:55:00,51.26,85100,35.52,47.12,3.06,High
2026-01-24 15:00:00,51.1,79462,34.82,45.65,3.03,High
2026-01-24 15:05:00,50.91,78099,35.06,47.71,2.95,High
2026-01-24 15:10:00,50.61,78726,35.37,45.27,3.14,High
2026-01-24 15:15:00,50.29,73333,34.86,48.45,2.88,High
2026-01-24 15:20:00,50.08,72490,34.26,46.33,2.9,High
2026-01-24 15:25:00,49.98,69692,34.87,44.81,3.08,High
2026-01-24 15:30:00,49.91,69409,34.32,51.3,2.64,High
2026-01-24 15:35:00,49.78,67877,33.07,52.83,2.38,High
2026-01-24 15:40:00,49.7,67923,32.7,50.14,2.47,High
2026-01-24 15:45:00,49.6,64178,33.29,50.66,2.52,High
2026-01-24 15:50:00,49.51,62985,33.06,52.86,2.38,High
2026-01-24 15:55:00,49.44,56981,32.32,56.52,2.1,High
2026-01-24 16:00:00,49.32,57923,33.85,47.14,2.79,High
2026-01-24 16:05:00,49.25,52950,31.95,54.85,2.14,High
2026-01-24 16:10:00,49.16,50172,33.15,49.05,2.58,High
2026-01-24 16:15:00,49.01,50704,32.12,55.25,2.14,High
2026-01-24 16:20:00,48.97,49697,31.84,52.82,2.22,High
2026-01-24 16:25:00,48.86,44348,33.2,54.04,2.34,High
2026-01-24 16:30:00,48.74,45751,32.87,52.24,2.39,High
2026-01-24 16:35:00,48.65,42604,32.25,55.99,2.12,High
2026-01-24 16:40:00,48.58,39927,31.2,55.18,2.04,High
2026-01-24 16:45:00,48.48,38454,32.55,51.67,2.37,High
2026-01-24 16:50:00,48.41,33882,31.1,57.54,1.92,High
2026-01-24 16:55:00,48.37,33194,31.72,53.03,2.2,High
2026-01-24 17:00:00,48.33,27442,30.88,58.65,1.85,Medium
2026-01-24 17:05:00,48.26,29980,30.48,59.61,1.76,Medium
2026-01-24 17:10:00,48.2,27278,29.92,57.32,1.8,Medium
2026-01-24 17:15:00,48.15,23111,31.12,54.8,2.05,High
2026-01-24 17:20:00,48.08,21479,30.24,59.9,1.72,Medium
2026-01-24 17:25:00,48.02,17177,30.59,57.84,1.85,Medium
2026-01-24 17:30:00,47.96,16613,30.85,54.08,2.04,High
2026-01-24 17:35:00,47.91,14120,29.56,61.87,1.58,Medium
2026-01-24 17:40:00,47.86,7301,29.89,58.42,1.75,Medium
2026-01-24 17:45:00,47.82,7618,29.97,56.54,1.84,Medium
2026-01-24 17:50:00,47.75,5109,29.57,58.25,1.73,Medium
2026-01-24 17:55:00,47.72,1913,28.85,60.35,1.57,Medium
2026-01-24 18:00:00,47.66,0,28.71,60.95,1.54,Medium
2026-01-24 18:05:00,47.61,0,28.98,59.44,1.62,Medium
2026-01-24 18:10:00,47.55,0,28.14,62.93,1.41,Medium
2026-01-24 18:15:00,47.52,0,27.67,65.51,1.28,Medium
2026-01-24 18:20:00,47.48,0,28.71,63.14,1.45,Medium
2026-01-24 18:25:00,47.43,0,28.2,62.69,1.43,Medium
2026-01-24 18:30:00,47.39,2972,28.06,62.38,1.43,Medium
2026-01-24 18:35:00,47.34,0,27.11,67.6,1.16,Low
2026-01-24 18:40:00,47.28,0,27.61,66.41,1.24,Medium
2026-01-24 18:45:00,47.21,905,27.83,65.15,1.3,Medium
2026-01-24 18:50:00,47.17,1556,26.29,69.85,1.03,Low
2026-01-24 18:55:00,47.09,0,27.82,63.1,1.38,Medium
2026-01-24 19:00:00,47.02,2594,26.92,63.14,1.31,Medium
2026-01-24 19:05:00,46.97,1957,26.35,69.32,1.05,Low
2026-01-24 19:10:00,46.89,0,27.36,66.81,1.21,Medium
2026-01-24 19:15:00,46.82,0,26.87,63.6,1.29,Medium
2026-01-24 19:20:00,46.76,2830,25.83,67.13,1.09,Low
2026-01-24 19:25:00,46.72,0,25.66,66.01,1.12,Low
2026-01-24 19:30:00,46.65,0,25.43,67.12,1.07,Low
2026-01-24 19:35:00,46.58,1093,26.62,69.7,1.06,Low
2026-01-24 19:40:00,46.52,0,24.78,70.75,0.91,Low
2026-01-24 19:45:00,46.49,1852,25.53,68.34,1.04,Low
2026-01-24 19:50:00,46.41,0,25.97,67.94,1.08,Low
2026-01-24 19:55:00,46.35,2516,25.01,70.59,0.93,Low
2026-01-24 20:00:00,46.3,250,25.18,69.85,0.97,Low
2026-01-24 20:05:00,46.24,0,24.44,70.34,0.91,Low
2026-01-24 20:10:00,46.21,0,24.29,70.8,0.89,Low
2026-01-24 20:15:00,46.15,2970,24.78,72.35,0.86,Low
2026-01-24 20:20:00,46.07,0,24.8,73.94,0.82,Low
2026-01-24 20:25:00,46.01,2775,24.65,70.91,0.9,Low
2026-01-24 20:30:00,45.95,2946,23.8,76.2,0.7,Low
2026-01-24 20:35:00,45.92,2374,23.49,74.06,0.75,Low
2026-01-24 20:40:00,45.87,0,23.16,77.59,0.64,Low
2026-01-24 20:45:00,45.8,624,23.31,73.91,0.75,Low
2026-01-24 20:50:00,45.72,0,23.29,76.75,0.67,Low
2026-01-24 20:55:00,45.69,1819,23.29,72.26,0.79,Low
2026-01-24 21:00:00,45.61,2206,24.19,69.74,0.91,Low
2026-01-24 21:05:00,45.57,943,23.15,73.76,0.74,Low
2026-01-24 21:10:00,45.52,0,22.16,75.42,0.66,Low
2026-01-24 21:15:00,45.47,0,22.25,77.64,0.6,Low
2026-01-24 21:20:00,45.41,0,22.37,76.19,0.64,Low
2026-01-24 21:25:00,45.34,2481,23.38,75.52,0.7,Low
2026-01-24 21:30:00,45.29,0,21.79,78.78,0.55,Medium
2026-01-24 21:35:00,45.22,2246,22.46,75.85,0.66,Low
2026-01-24 21:40:00,45.18,0,23.05,75.75,0.68,Low
2026-01-24 21:45:00,45.12,0,22.75,77.77,0.61,Low
2026-01-24 21:50:00,45.07,1549,22.23,74.16,0.69,Low
2026-01-24 21:55:00,45.01,1181,21.32,77.77,0.56,Medium
2026-01-24 22:00:00,44.96,81,22.09,76.45,0.63,Low
2026-01-24 22:05:00,44.88,2000,21.64,75.71,0.63,Medium
2026-01-24 22:10:00,44.85,2127,21.23,80.24,0.5,Medium
2026-01-24 22:15:00,44.79,2628,21.1,81.95,0.45,Medium
2026-01-24 22:20:00,44.71,0,21.83,75.04,0.65,Medium
2026-01-24 22:25:00,44.64,680,22.35,75.95,0.65,Low
2026-01-24 22:30:00,44.58,1567,21.82,75.87,0.63,Medium
2026-01-24 22:35:00,44.54,1156,20.86,80.23,0.49,Medium
2026-01-24 22:40:00,44.5,0,22.25,74.09,0.7,Low
2026-01-24 22:45:00,44.45,1047,20.86,81.9,0.45,Medium
2026-01-24 22:50:00,44.38,0,22.1,78.92,0.56,Low
2026-01-24 22:55:00,44.34,1474,20.65,83.0,0.41,Medium
2026-01-24 23:00:00,44.29,0,21.14,79.0,0.53,Medium
2026-01-24 23:05:00,44.24,2576,21.8,79.34,0.54,Medium
2026-01-24 23:10:00,44.17,2668,20.46,82.15,0.43,Medium
2026-01-24 23:15:00,44.12,0,20.53,80.57,0.47,Medium
2026-01-24 23:20:00,44.04,0,20.18,78.62,0.51,Medium
2026-01-24 23:25:00,43.99,366,21.06,81.55,0.46,Medium
2026-01-24 23:30:00,43.92,1460,20.23,80.91,0.45,Medium
2026-01-24 23:35:00,43.88,0,20.5,81.67,0.44,Medium
2026-01-24 23:40:00,43.81,1540,21.77,80.66,0.5,Medium
2026-01-24 23:45:00,43.77,0,20.98,79.3,0.51,Medium
2026-01-24 23:50:00,43.72,2152,21.31,81.1,0.48,Medium
2026-01-24 23:55:00,43.67,1602,21.29,76.37,0.6,Medium
2026-01-25 00:00:00,78.33,0,19.17,94.56,0.12,Low
2026-01-25 00:05:00,78.29,816,18.44,95.0,0.11,Low
2026-01-25 00:10:00,78.21,2546,18.7,92.69,0.16,Low
2026-01-25 00:15:00,78.15,0,18.64,91.65,0.18,Low
2026-01-25 00:20:00,78.07,0,19.97,89.09,0.25,Low
2026-01-25 00:25:00,78.03,1358,19.09,93.3,0.15,Low
2026-01-25 00:30:00,77.98,0,19.23,94.27,0.13,Low
2026-01-25 00:35:00,77.9,0,18.17,93.7,0.13,Low
2026-01-25 00:40:00,77.84,2726,19.2,91.01,0.2,Low
2026-01-25 00:45:00,77.78,2185,19.43,90.71,0.21,Low
2026-01-25 00:50:00,77.7,0,18.66,94.81,0.11,Low
2026-01-25 00:55:00,77.66,0,18.99,95.0,0.11,Low
2026-01-25 01:00:00,77.61,2386,19.61,92.36,0.17,Low
2026-01-25 01:05:00,77.55,0,19.81,91.7,0.19,Low
2026-01-25 01:10:00,77.49,1138,18.51,92.12,0.17,Low
2026-01-25 01:15:00,77.45,0,19.13,93.14,0.15,Low
2026-01-25 01:20:00,77.39,0,19.8,88.43,0.27,Low
2026-01-25 01:25:00,77.33,0,19.07,94.19,0.13,Low
2026-01-25 01:30:00,77.27,0,19.17,90.56,0.21,Low
2026-01-25 01:35:00,77.24,330,18.73,91.87,0.18,Low
2026-01-25 01:40:00,77.16,1310,19.01,90.64,0.21,Low
2026-01-25 01:45:00,77.1,0,19.98,87.76,0.29,Low
2026-01-25 01:50:00,77.06,0,19.91,91.76,0.19,Low
2026-01-25 01:55:00,77.03,0,19.43,91.6,0.19,Low
2026-01-25 02:00:00,76.99,288,20.85,91.03,0.22,Low
2026-01-25 02:05:00,76.95,2679,20.51,88.03,0.29,Low
2026-01-25 02:10:00,76.9,2026,20.17,87.8,0.29,Low
2026-01-25 02:15:00,76.86,815,19.39,91.1,0.2,Low
2026-01-25 02:20:00,76.81,0,20.98,86.66,0.33,Low
2026-01-25 02:25:00,76.75,960,20.76,87.45,0.31,Low
2026-01-25 02:30:00,76.7,2387,20.82,87.24,0.31,Low
2026-01-25 02:35:00,76.65,669,20.9,87.16,0.32,Low
2026-01-25 02:40:00,76.58,0,21.65,87.09,0.33,Low
2026-01-25 02:45:00,76.53,378,20.76,89.04,0.27,Low
2026-01-25 02:50:00,76.46,0,20.7,90.72,0.23,Low
2026-01-25 02:55:00,76.38,354,22.02,86.11,0.37,Low
2026-01-25 03:00:00,76.31,0,21.72,88.16,0.31,Low
2026-01-25 03:05:00,76.23,2598,20.75,90.92,0.22,Low
2026-01-25 03:10:00,76.16,871,22.14,85.08,0.4,Low
2026-01-25 03:15:00,76.13,900,20.87,85.57,0.36,Low
2026-01-25 03:20:00,76.05,0,22.12,83.93,0.43,Low
2026-01-25 03:25:00,76.02,1263,21.98,84.37,0.41,Low
2026-01-25 03:30:00,75.97,1736,21.54,87.45,0.32,Low
2026-01-25 03:35:00,75.93,737,22.04,83.88,0.43,Low
2026-01-25 03:40:00,75.85,1647,22.44,82.24,0.48,Low
2026-01-25 03:45:00,75.81,1372,21.93,86.65,0.35,Low
2026-01-25 03:50:00,75.73,0,23.15,80.77,0.55,Low
2026-01-25 03:55:00,75.69,0,23.61,83.13,0.49,Low
2026-01-25 04:00:00,75.63,1637,22.4,82.88,0.46,Low
2026-01-25 04:05:00,75.59,0,23.74,79.9,0.59,Low
2026-01-25 04:10:00,75.54,1936,23.74,83.81,0.48,Low
2026-01-25 04:15:00,75.49,0,24.12,80.39,0.59,Low
2026-01-25 04:20:00,75.42,1244,23.76,80.06,0.59,Low
2026-01-25 04:25:00,75.35,0,23.99,78.63,0.64,Low
2026-01-25 04:30:00,75.32,0,23.41,80.97,0.55,Low
2026-01-25 04:35:00,75.25,566,24.21,83.05,0.51,Low
2026-01-25 04:40:00,75.17,0,23.67,84.33,0.46,Low
2026-01-25 04:45:00,75.14,14,23.95,80.11,0.59,Low
2026-01-25 04:50:00,75.07,1602,24.02,81.49,0.55,Low
2026-01-25 04:55:00,75.03,0,25.55,76.74,0.76,Low
2026-01-25 05:00:00,75.0,1916,24.41,77.56,0.69,Low
2026-01-25 05:05:00,74.93,0,24.15,77.97,0.66,Low
2026-01-25 05:10:00,74.9,0,24.68,77.59,0.7,Low
2026-01-25 05:15:00,74.84,0,25.62,74.27,0.85,Low
2026-01-25 05:20:00,74.78,0,26.51,75.29,0.86,Low
2026-01-25 05:25:00,74.71,0,24.92,78.15,0.69,Low
2026-01-25 05:30:00,74.65,0,25.27,78.31,0.7,Low
2026-01-25 05:35:00,74.58,0,26.87,72.13,0.99,Low
2026-01-25 05:40:00,74.51,0,25.69,77.29,0.75,Low
2026-01-25 05:45:00,74.44,0,25.89,74.36,0.86,Low
2026-01-25 05:50:00,74.36,756,27.41,72.88,0.99,Low
2026-01-25 05:55:00,74.33,1269,27.77,73.3,1.0,Low
2026-01-25 06:00:00,74.27,0,26.97,74.9,0.89,Low
2026-01-25 06:05:00,74.21,0,27.98,69.34,1.16,Low
2026-01-25 06:10:00,74.14,3105,27.87,70.82,1.1,Low
2026-01-25 06:15:00,74.11,7873,26.75,76.17,0.84,Low
2026-01-25 06:20:00,74.06,7209,28.47,73.23,1.04,Low
2026-01-25 06:25:00,74.02,8053,27.61,72.46,1.02,Low
2026-01-25 06:30:00,73.95,14672,28.08,70.48,1.12,Low
2026-01-25 06:35:00,73.9,14292,28.21,72.34,1.06,Low
2026-01-25 06:40:00,73.83,17120,29.11,67.41,1.31,Low
2026-01-25 06:45:00,73.76,17762,29.07,68.5,1.27,Low
2026-01-25 06:50:00,73.72,24402,29.06,69.19,1.24,Low
2026-01-25 06:55:00,73.66,25885,29.21,70.29,1.2,Low
2026-01-25 07:00:00,73.58,28214,28.7,71.52,1.12,Low
2026-01-25 07:05:00,73.52,30707,30.18,68.14,1.37,Low
2026-01-25 07:10:00,73.47,31699,29.16,66.29,1.36,Low
2026-01-25 07:15:00,73.42,29225,29.49,68.72,1.29,Low
2026-01-25 07:20:00,73.37,36377,30.56,68.51,1.38,Low
2026-01-25 07:25:00,73.31,38411,30.11,64.57,1.51,Low
2026-01-25 07:30:00,73.27,38035,29.5,65.33,1.43,Low
2026-01-25 07:35:00,73.23,40412,30.58,62.71,1.64,Medium
2026-01-25 07:40:00,73.19,44740,30.37,64.79,1.53,Low
2026-01-25 07:45:00,73.13,42726,30.38,64.42,1.54,Low
2026-01-25 07:50:00,73.06,47690,29.76,66.59,1.4,Low
2026-01-25 07:55:00,72.98,46810,30.83,66.27,1.5,Low
2026-01-25 08:00:00,72.92,50738,31.1,65.37,1.57,Low
2026-01-25 08:05:00,72.85,53270,30.82,67.16,1.46,Low
2026-01-25 08:10:00,72.78,55835,30.58,64.61,1.55,Low
2026-01-25 08:15:00,72.72,56672,31.83,63.09,1.74,Medium
2026-01-25 08:20:00,72.66,56255,31.14,66.61,1.51,Low
2026-01-25 08:25:00,72.53,61495,32.27,64.51,1.71,Medium
2026-01-25 08:30:00,72.45,63392,32.8,60.68,1.96,Medium
2026-01-25 08:35:00,72.31,62162,32.51,61.48,1.88,Medium
2026-01-25 08:40:00,72.19,64212,32.24,61.23,1.87,Medium
2026-01-25 08:45:00,72.13,63806,32.54,59.59,1.98,Medium
2026-01-25 08:50:00,72.07,65971,31.92,61.11,1.84,Medium
2026-01-25 08:55:00,71.96,68677,32.15,63.84,1.73,Medium
2026-01-25 09:00:00,71.76,73373,33.13,58.39,2.11,Medium
2026-01-25 09:05:00,71.68,69766,32.76,57.88,2.09,Medium
2026-01-25 09:10:00,71.47,72798,32.81,58.54,2.06,Medium
2026-01-25 09:15:00,71.29,72914,32.81,59.68,2.01,Medium
2026-01-25 09:20:00,71.11,74269,33.15,61.4,1.96,Medium
2026-01-25 09:25:00,70.85,77624,32.4,61.75,1.86,Medium
2026-01-25 09:30:00,70.71,80553,33.77,60.68,2.06,Medium
2026-01-25 09:35:00,70.41,78354,33.53,57.72,2.19,Medium
2026-01-25 09:40:00,70.18,84179,34.27,54.63,2.45,Medium
2026-01-25 09:45:00,69.99,84638,32.98,57.27,2.15,High
2026-01-25 09:50:00,69.8,85122,33.43,58.39,2.14,High
2026-01-25 09:55:00,69.63,86940,33.36,59.29,2.09,High
2026-01-25 10:00:00,69.35,85135,33.94,60.03,2.12,High
2026-01-25 10:05:00,69.03,86061,34.71,55.89,2.44,High
2026-01-25 10:10:00,68.77,86891,34.71,58.43,2.3,High
2026-01-25 10:15:00,68.47,88575,34.44,59.74,2.19,High
2026-01-25 10:20:00,68.35,90092,33.96,57.44,2.26,High
2026-01-25 10:25:00,68.04,93638,35.31,52.35,2.73,High
2026-01-25 10:30:00,67.88,90213,34.68,56.22,2.42,High
2026-01-25 10:35:00,67.67,93336,33.9,59.84,2.12,High
2026-01-25 10:40:00,67.37,91723,34.05,55.28,2.39,High
2026-01-25 10:45:00,67.21,94363,35.51,56.57,2.51,High
2026-01-25 10:50:00,66.93,93762,35.23,54.19,2.61,High
2026-01-25 10:55:00,66.68,96490,33.79,60.31,2.09,High
2026-01-25 11:00:00,66.55,98332,33.77,56.49,2.28,High
2026-01-25 11:05:00,66.24,97575,35.2,54.47,2.59,High
2026-01-25 11:10:00,66.04,97891,34.53,53.99,2.52,High
2026-01-25 11:15:00,65.76,96636,35.23,57.31,2.43,High
2026-01-25 11:20:00,65.59,97131,33.92,58.16,2.22,High
2026-01-25 11:25:00,65.3,100000,34.45,59.53,2.21,High
2026-01-25 11:30:00,65.08,100000,34.0,55.84,2.35,High
2026-01-25 11:35:00,64.78,100000,35.09,55.74,2.5,High
2026-01-25 11:40:00,64.59,100000,34.22,57.86,2.27,High
2026-01-25 11:45:00,64.4,100000,34.55,56.09,2.41,High
2026-01-25 11:50:00,64.14,97412,34.27,58.63,2.23,High
2026-01-25 11:55:00,63.93,100000,35.68,53.05,2.74,High
2026-01-25 12:00:00,63.8,98011,34.95,52.66,2.65,High
2026-01-25 12:05:00,63.5,100000,34.83,58.23,2.33,High
2026-01-25 12:10:00,63.34,97305,35.43,57.47,2.45,High
2026-01-25 12:15:00,63.08,100000,34.59,58.13,2.3,High
2026-01-25 12:20:00,62.93,97724,34.61,55.28,2.46,High
2026-01-25 12:25:00,62.78,97682,34.77,54.39,2.53,High
2026-01-25 12:30:00,62.51,100000,34.49,57.31,2.33,High
2026-01-25 12:35:00,62.37,99937,35.28,52.13,2.73,High
2026-01-25 12:40:00,62.22,98817,33.9,60.7,2.08,High
2026-01-25 12:45:00,62.01,96781,35.27,55.81,2.52,High
2026-01-25 12:50:00,61.72,99055,35.71,52.29,2.79,High
2026-01-25 12:55:00,61.53,98803,35.52,56.95,2.49,High
2026-01-25 13:00:00,61.38,97785,34.29,59.25,2.2,High
2026-01-25 13:05:00,61.21,96827,35.09,57.63,2.39,High
2026-01-25 13:10:00,60.91,97014,35.06,57.09,2.42,High
2026-01-25 13:15:00,60.75,92904,35.36,52.95,2.7,High
2026-01-25 13:20:00,60.55,93800,34.59,55.6,2.44,High
2026-01-25 13:25:00,60.38,96162,34.44,54.54,2.48,High
2026-01-25 13:30:00,60.21,91875,35.23,53.93,2.62,High
2026-01-25 13:35:00,60.07,92796,34.24,54.83,2.43,High
2026-01-25 13:40:00,59.75,88410,34.29,58.52,2.24,High
2026-01-25 13:45:00,59.43,91879,34.85,58.61,2.31,High
2026-01-25 13:50:00,59.29,88831,34.45,57.34,2.33,High
2026-01-25 13:55:00,59.15,84684,34.46,58.12,2.29,High
2026-01-25 14:00:00,58.95,84318,34.91,54.52,2.54,High
2026-01-25 14:05:00,58.8,86766,33.35,56.79,2.22,High
2026-01-25 14:10:00,58.56,84368,33.91,55.36,2.36,High
2026-01-25 14:15:00,58.38,81967,33.38,60.62,2.02,High
2026-01-25 14:20:00,58.1,80192,34.39,58.29,2.27,High
2026-01-25 14:25:00,57.92,80924,33.48,59.9,2.07,High
2026-01-25 14:30:00,57.66,77782,33.77,61.33,2.03,Medium
2026-01-25 14:35:00,57.39,78345,34.18,59.42,2.18,High
2026-01-25 14:40:00,57.09,73943,33.05,60.36,2.0,Medium
2026-01-25 14:45:00,56.78,74227,33.28,57.49,2.17,High
2026-01-25 14:50:00,56.54,75233,32.21,63.28,1.77,Medium
2026-01-25 14:55:00,56.41,75049,31.84,64.3,1.68,Medium
2026-01-25 15:00:00,56.15,71224,32.8,61.25,1.93,Medium
2026-01-25 15:05:00,56.06,66268,32.36,61.83,1.85,Medium
2026-01-25 15:10:00,55.92,65778,32.84,63.42,1.82,Medium
2026-01-25 15:15:00,55.83,65100,32.57,58.47,2.04,High
2026-01-25 15:20:00,55.76,65290,32.66,58.69,2.04,High
2026-01-25 15:25:00,55.61,64566,32.44,59.52,1.97,Medium
2026-01-25 15:30:00,55.51,62867,31.81,64.32,1.68,Medium
2026-01-25 15:35:00,55.44,56410,30.77,63.7,1.61,Medium
2026-01-25 15:40:00,55.37,58146,30.71,66.88,1.46,Medium
2026-01-25 15:45:00,55.27,57139,31.87,64.2,1.69,Medium
2026-01-25 15:50:00,55.18,50949,30.75,67.08,1.46,Medium
2026-01-25 15:55:00,55.11,52301,31.56,65.74,1.59,Medium
2026-01-25 16:00:00,55.03,48627,30.55,63.67,1.59,Medium
2026-01-25 16:05:00,54.93,49434,30.72,65.59,1.52,Medium
2026-01-25 16:10:00,54.89,44230,31.56,62.87,1.72,Medium
2026-01-25 16:15:00,54.8,42947,30.49,68.06,1.39,Medium
2026-01-25 16:20:00,54.73,41911,30.17,66.17,1.45,Medium
2026-01-25 16:25:00,54.69,37813,30.58,66.26,1.48,Medium
2026-01-25 16:30:00,54.62,41255,29.27,67.31,1.33,Medium
2026-01-25 16:35:00,54.58,38398,29.6,69.76,1.25,Medium
2026-01-25 16:40:00,54.54,31996,29.4,66.27,1.38,Medium
2026-01-25 16:45:00,54.5,31527,30.52,68.75,1.37,Medium
2026-01-25 16:50:00,54.43,32141,28.84,69.0,1.23,Medium
2026-01-25 16:55:00,54.35,26013,28.75,72.43,1.09,Low
2026-01-25 17:00:00,54.28,22942,28.52,72.88,1.06,Low
2026-01-25 17:05:00,54.24,23537,29.9,68.88,1.31,Medium
2026-01-25 17:10:00,54.2,23038,29.25,67.08,1.34,Medium
2026-01-25 17:15:00,54.15,17388,28.59,68.13,1.25,Medium
2026-01-25 17:20:00,54.08,16573,28.88,67.33,1.3,Medium
2026-01-25 17:25:00,54.0,16772,27.62,72.93,1.0,Low
2026-01-25 17:30:00,53.93,14843,27.17,75.56,0.88,Low
2026-01-25 17:35:00,53.85,13431,27.67,71.81,1.05,Low
2026-01-25 17:40:00,53.77,8670,27.09,72.09,1.0,Low
2026-01-25 17:45:00,53.72,6737,26.78,73.53,0.93,Low
2026-01-25 17:50:00,53.69,5986,27.9,70.23,1.12,Low
2026-01-25 17:55:00,53.62,4310,27.75,70.5,1.1,Low
2026-01-25 18:00:00,53.59,1505,26.37,73.59,0.91,Low
2026-01-25 18:05:00,53.53,1304,27.45,74.82,0.92,Low
2026-01-25 18:10:00,53.47,0,27.08,73.98,0.93,Low
2026-01-25 18:15:00,53.43,0,25.76,79.36,0.68,Low
2026-01-25 18:20:00,53.39,0,26.79,72.57,0.97,Low
2026-01-25 18:25:00,53.34,1096,26.65,75.49,0.86,Low
2026-01-25 18:30:00,53.29,0,26.58,73.56,0.92,Low
2026-01-25 18:35:00,53.23,0,26.32,74.64,0.87,Low
2026-01-25 18:40:00,53.19,2531,25.71,75.49,0.81,Low
2026-01-25 18:45:00,53.13,142,24.64,80.59,0.6,Low
2026-01-25 18:50:00,53.05,1122,25.77,74.4,0.85,Low
2026-01-25 18:55:00,52.97,0,25.24,75.04,0.8,Low
2026-01-25 19:00:00,52.93,0,25.19,80.14,0.64,Low
2026-01-25 19:05:00,52.88,1991,24.37,77.82,0.68,Low
2026-01-25 19:10:00,52.82,236,24.93,77.01,0.73,Low
2026-01-25 19:15:00,52.75,0,23.74,80.33,0.58,Low
2026-01-25 19:20:00,52.67,0,24.52,80.48,0.6,Low
2026-01-25 19:25:00,52.63,134,24.31,79.27,0.63,Low
2026-01-25 19:30:00,52.59,0,24.39,82.85,0.52,Low
2026-01-25 19:35:00,52.53,0,24.38,80.54,0.59,Low
2026-01-25 19:40:00,52.47,2482,23.83,82.24,0.52,Low
2026-01-25 19:45:00,52.44,0,22.9,84.5,0.43,Low
2026-01-25 19:50:00,52.38,563,22.64,83.18,0.46,Low
2026-01-25 19:55:00,52.31,2783,23.5,83.74,0.47,Low
2026-01-25 20:00:00,52.28,1364,23.36,80.03,0.57,Low
2026-01-25 20:05:00,52.23,2261,22.72,85.16,0.41,Low
2026-01-25 20:10:00,52.17,1604,22.98,82.57,0.49,Low
2026-01-25 20:15:00,52.1,0,23.54,81.69,0.53,Low
2026-01-25 20:20:00,52.06,462,23.07,83.13,0.48,Low
2026-01-25 20:25:00,51.98,0,22.39,85.2,0.4,Low
2026-01-25 20:30:00,51.95,166,21.13,85.51,0.36,Medium
2026-01-25 20:35:00,51.9,0,21.93,83.18,0.44,Medium
2026-01-25 20:40:00,51.85,0,22.38,85.6,0.39,Low
2026-01-25 20:45:00,51.79,2914,21.87,84.06,0.42,Medium
2026-01-25 20:50:00,51.75,2501,21.83,84.54,0.4,Medium
2026-01-25 20:55:00,51.7,0,21.59,87.8,0.31,Medium
2026-01-25 21:00:00,51.67,975,21.21,86.42,0.34,Medium
2026-01-25 21:05:00,51.63,0,20.34,86.41,0.32,Medium
2026-01-25 21:10:00,51.56,0,21.81,83.72,0.43,Medium
2026-01-25 21:15:00,51.52,0,20.92,88.91,0.27,Medium
2026-01-25 21:20:00,51.46,0,21.36,88.29,0.3,Medium
2026-01-25 21:25:00,51.42,1318,20.68,90.39,0.23,Medium
2026-01-25 21:30:00,51.38,0,21.11,87.47,0.31,Medium
2026-01-25 21:35:00,51.33,2878,19.98,89.61,0.24,Medium
2026-01-25 21:40:00,51.3,481,21.04,84.81,0.38,Medium
2026-01-25 21:45:00,51.23,0,20.45,90.29,0.23,Medium
2026-01-25 21:50:00,51.19,0,20.75,90.43,0.23,Medium
2026-01-25 21:55:00,51.12,2543,19.78,90.19,0.23,Medium
2026-01-25 22:00:00,51.07,767,20.84,86.24,0.34,Medium
2026-01-25 22:05:00,51.04,0,19.7,93.32,0.15,Medium
2026-01-25 22:10:00,50.97,1769,20.89,89.68,0.25,Medium
2026-01-25 22:15:00,50.92,0,18.87,90.18,0.21,Medium
2026-01-25 22:20:00,50.88,1626,20.58,89.61,0.25,Medium
2026-01-25 22:25:00,50.81,0,20.58,87.39,0.31,Medium
2026-01-25 22:30:00,50.73,1294,20.24,88.96,0.26,Medium
2026-01-25 22:35:00,50.69,0,20.21,89.47,0.25,Medium
2026-01-25 22:40:00,50.63,0,20.4,88.72,0.27,Medium
2026-01-25 22:45:00,50.57,1625,18.54,95.0,0.11,Medium
2026-01-25 22:50:00,50.52,2660,18.63,90.33,0.21,Medium
2026-01-25 22:55:00,50.48,2510,19.19,89.38,0.24,Medium
2026-01-25 23:00:00,50.43,2363,19.36,92.92,0.16,Medium
2026-01-25 23:05:00,50.39,2534,19.42,91.58,0.19,Medium
2026-01-25 23:10:00,50.35,0,19.08,90.7,0.21,Medium
2026-01-25 23:15:00,50.3,48,19.79,91.19,0.2,Medium
2026-01-25 23:20:00,50.26,1481,18.91,89.85,0.22,Medium
2026-01-25 23:25:00,50.19,423,19.12,92.58,0.16,Medium
2026-01-25 23:30:00,50.15,1813,18.63,95.0,0.11,Medium
2026-01-25 23:35:00,50.11,0,19.91,92.46,0.18,Medium
2026-01-25 23:40:00,50.07,569,19.09,90.16,0.22,Medium
2026-01-25 23:45:00,50.0,1116,19.66,90.12,0.23,Medium
2026-01-25 23:50:00,49.97,0,19.02,92.39,0.17,Medium
2026-01-25 23:55:00,49.92,0,18.66,93.81,0.13,Medium
2026-01-26 00:00:00,74.95,0,19.6,90.32,0.22,Low
2026-01-26 00:05:00,74.89,1407,18.92,92.98,0.15,Low
2026-01-26 00:10:00,74.86,0,19.77,88.65,0.26,Low
2026-01-26 00:15:00,74.8,2910,18.69,91.43,0.18,Low
2026-01-26 00:20:00,74.74,1192,19.39,94.27,0.13,Low
2026-01-26 00:25:00,74.71,16,18.87,95.0,0.11,Low
2026-01-26 00:30:00,74.63,832,19.19,89.11,0.24,Low
2026-01-26 00:35:00,74.59,126,18.34,92.15,0.17,Low
2026-01-26 00:40:00,74.53,262,18.38,95.0,0.11,Low
2026-01-26 00:45:00,74.49,1889,18.16,94.33,0.12,Low
2026-01-26 00:50:00,74.44,2175,18.19,92.17,0.16,Low
2026-01-26 00:55:00,74.4,0,19.94,90.25,0.23,Low
2026-01-26 01:00:00,74.36,0,20.02,88.05,0.28,Low
2026-01-26 01:05:00,74.32,0,19.03,95.0,0.11,Low
2026-01-26 01:10:00,74.26,0,19.12,93.51,0.14,Low
2026-01-26 01:15:00,74.2,0,18.61,93.62,0.14,Low
2026-01-26 01:20:00,74.15,0,18.86,94.32,0.12,Low
2026-01-26 01:25:00,74.09,0,20.3,89.77,0.24,Low
2026-01-26 01:30:00,74.03,558,20.09,91.8,0.19,Low
2026-01-26 01:35:00,73.97,0,19.74,90.19,0.23,Low
2026-01-26 01:40:00,73.92,0,18.9,89.59,0.23,Low
2026-01-26 01:45:00,73.88,584,20.72,86.57,0.33,Low
2026-01-26 01:50:00,73.82,2749,20.58,89.03,0.27,Low
2026-01-26 01:55:00,73.76,2614,20.55,87.93,0.29,Low
2026-01-26 02:00:00,73.73,0,20.9,87.48,0.31,Low
2026-01-26 02:05:00,73.66,0,20.34,87.05,0.31,Low
2026-01-26 02:10:00,73.63,0,19.81,93.2,0.16,Low
2026-01-26 02:15:00,73.59,2157,21.09,89.34,0.27,Low
2026-01-26 02:20:00,73.52,2952,19.55,89.31,0.24,Low
2026-01-26 02:25:00,73.46,2573,19.69,90.68,0.21,Low
2026-01-26 02:30:00,73.41,0,20.35,88.89,0.27,Low
2026-01-26 02:35:00,73.33,0,20.54,89.91,0.24,Low
2026-01-26 02:40:00,73.27,2430,21.83,87.51,0.33,Low
2026-01-26 02:45:00,73.19,897,21.43,89.22,0.28,Low
2026-01-26 02:50:00,73.13,1981,21.29,89.7,0.26,Low
2026-01-26 02:55:00,73.08,0,21.2,84.9,0.38,Low
2026-01-26 03:00:00,73.0,859,20.44,89.24,0.26,Low
2026-01-26 03:05:00,72.94,0,21.8,86.86,0.34,Low
2026-01-26 03:10:00,72.86,1077,21.06,89.64,0.26,Low
2026-01-26 03:15:00,72.79,0,21.12,86.57,0.34,Low
2026-01-26 03:20:00,72.75,0,21.87,87.01,0.34,Low
2026-01-26 03:25:00,72.71,0,21.85,83.43,0.43,Low
2026-01-26 03:30:00,72.64,600,22.46,84.68,0.42,Low
2026-01-26 03:35:00,72.57,2978,22.67,85.75,0.39,Low
2026-01-26 03:40:00,72.51,1223,23.17,83.5,0.47,Low
2026-01-26 03:45:00,72.47,285,22.36,87.36,0.34,Low
2026-01-26 03:50:00,72.43,0,22.39,82.35,0.48,Low
2026-01-26 03:55:00,72.38,0,22.28,84.86,0.41,Low
2026-01-26 04:00:00,72.32,0,22.55,85.27,0.4,Low
2026-01-26 04:05:00,72.27,0,22.18,86.77,0.35,Low
2026-01-26 04:10:00,72.21,246,22.39,81.95,0.49,Low
2026-01-26 04:15:00,72.16,0,24.28,81.99,0.55,Low
2026-01-26 04:20:00,72.11,0,23.09,81.84,0.51,Low
2026-01-26 04:25:00,72.05,0,24.53,79.01,0.65,Low
2026-01-26 04:30:00,71.98,1441,24.56,81.48,0.57,Low
2026-01-26 04:35:00,71.92,1966,23.17,83.86,0.46,Low
2026-01-26 04:40:00,71.86,0,23.94,81.27,0.56,Low
2026-01-26 04:45:00,71.8,2487,24.7,78.27,0.68,Low
2026-01-26 04:50:00,71.76,0,24.57,82.39,0.54,Low
2026-01-26 04:55:00,71.7,711,24.05,77.79,0.66,Low
2026-01-26 05:00:00,71.63,2156,24.84,79.78,0.63,Low
2026-01-26 05:05:00,71.57,2087,24.46,80.8,0.59,Low
2026-01-26 05:10:00,71.53,0,24.84,78.2,0.68,Low
2026-01-26 05:15:00,71.48,0,25.64,74.3,0.85,Low
2026-01-26 05:20:00,71.4,0,26.32,73.29,0.92,Low
2026-01-26 05:25:00,71.34,0,25.58,75.92,0.79,Low
2026-01-26 05:30:00,71.3,0,26.74,76.95,0.81,Low
2026-01-26 05:35:00,71.23,1118,26.69,72.38,0.97,Low
2026-01-26 05:40:00,71.18,0,27.22,74.95,0.9,Low
2026-01-26 05:45:00,71.11,240,27.01,73.48,0.95,Low
2026-01-26 05:50:00,71.04,132,26.27,74.2,0.88,Low
2026-01-26 05:55:00,70.97,566,27.58,73.36,0.98,Low
2026-01-26 06:00:00,70.92,902,26.83,72.05,0.99,Low
2026-01-26 06:05:00,70.85,2167,26.49,75.02,0.86,Low
2026-01-26 06:10:00,70.78,1739,26.44,74.37,0.88,Low
2026-01-26 06:15:00,70.74,4778,28.43,71.92,1.09,Low
2026-01-26 06:20:00,70.7,6791,26.99,72.13,0.99,Low
2026-01-26 06:25:00,70.65,10228,28.53,67.59,1.26,Low
2026-01-26 06:30:00,70.59,13187,28.53,71.09,1.13,Low
2026-01-26 06:35:00,70.51,14928,28.97,67.01,1.32,Low
2026-01-26 06:40:00,70.46,19001,27.5,69.79,1.11,Low
2026-01-26 06:45:00,70.43,17875,29.03,67.44,1.31,Low
2026-01-26 06:50:00,70.37,21734,29.17,68.14,1.29,Low
2026-01-26 06:55:00,70.33,26532,28.56,71.05,1.13,Low
2026-01-26 07:00:00,70.26,23778,28.37,72.1,1.08,Low
2026-01-26 07:05:00,70.19,25494,28.25,68.9,1.19,Low
2026-01-26 07:10:00,70.12,28619,28.95,70.89,1.16,Low
2026-01-26 07:15:00,70.05,30806,30.16,67.83,1.38,Low
2026-01-26 07:20:00,69.98,31387,29.3,71.03,1.18,Low
2026-01-26 07:25:00,69.91,34578,29.87,68.47,1.33,Medium
2026-01-26 07:30:00,69.81,40325,29.46,68.05,1.31,Medium
2026-01-26 07:35:00,69.76,40538,30.41,67.2,1.42,Medium
2026-01-26 07:40:00,69.68,39841,30.89,62.63,1.67,Medium
2026-01-26 07:45:00,69.58,41785,29.83,67.34,1.37,Medium
2026-01-26 07:50:00,69.51,48582,31.42,63.82,1.66,Medium
2026-01-26 07:55:00,69.43,50859,31.15,66.17,1.53,Medium
2026-01-26 08:00:00,69.37,48864,30.3,69.15,1.33,Medium
2026-01-26 08:05:00,69.3,53511,31.08,66.05,1.53,Medium
2026-01-26 08:10:00,69.23,52724,30.73,65.34,1.53,Medium
2026-01-26 08:15:00,69.19,58221,31.01,63.76,1.63,Medium
2026-01-26 08:20:00,69.09,58571,31.02,64.68,1.59,Medium
2026-01-26 08:25:00,68.99,60624,31.02,67.61,1.46,Medium
2026-01-26 08:30:00,68.95,59741,31.17,65.8,1.55,Medium
2026-01-26 08:35:00,68.88,61553,31.65,60.61,1.84,Medium
2026-01-26 08:40:00,68.82,64621,32.2,60.07,1.92,Medium
2026-01-26 08:45:00,68.76,64431,31.37,62.87,1.7,Medium
2026-01-26 08:50:00,68.69,65679,32.88,63.16,1.84,Medium
2026-01-26 08:55:00,68.59,68799,33.51,58.77,2.13,High
2026-01-26 09:00:00,68.48,67976,32.41,59.22,1.99,Medium
2026-01-26 09:05:00,68.26,71162,32.77,61.81,1.9,Medium
2026-01-26 09:10:00,68.04,74718,32.06,59.6,1.93,Medium
2026-01-26 09:15:00,67.77,76288,32.43,63.34,1.79,Medium
2026-01-26 09:20:00,67.58,75763,32.91,58.45,2.08,High
2026-01-26 09:25:00,67.32,75806,33.74,56.17,2.3,High
2026-01-26 09:30:00,67.01,81383,32.42,62.71,1.81,Medium
2026-01-26 09:35:00,66.76,83372,32.97,58.5,2.08,High
2026-01-26 09:40:00,66.45,83746,32.8,58.06,2.09,High
2026-01-26 09:45:00,66.25,83692,33.36,61.47,1.98,Medium
2026-01-26 09:50:00,65.94,85586,33.36,58.15,2.15,High
2026-01-26 09:55:00,65.73,86062,33.27,60.16,2.03,High
2026-01-26 10:00:00,65.56,87703,34.55,55.71,2.43,High
2026-01-26 10:05:00,65.35,86332,33.5,59.43,2.1,High
2026-01-26 10:10:00,65.21,90753,34.34,56.82,2.34,High
2026-01-26 10:15:00,65.02,91165,34.67,58.0,2.32,High
2026-01-26 10:20:00,64.75,91229,33.84,58.15,2.21,High
2026-01-26 10:25:00,64.55,90666,34.41,57.17,2.33,High
2026-01-26 10:30:00,64.26,92572,33.53,58.92,2.13,High
2026-01-26 10:35:00,63.93,92621,34.41,59.55,2.2,High
2026-01-26 10:40:00,63.69,91754,35.14,54.39,2.58,High
2026-01-26 10:45:00,63.37,93223,34.57,56.22,2.4,High
2026-01-26 10:50:00,63.13,93137,34.07,60.06,2.13,High
2026-01-26 10:55:00,62.98,98523,33.77,56.61,2.28,High
2026-01-26 11:00:00,62.74,98818,34.1,56.5,2.33,High
2026-01-26 11:05:00,62.58,96768,35.63,52.79,2.75,High
2026-01-26 11:10:00,62.31,96502,34.05,60.35,2.11,High
2026-01-26 11:15:00,62.09,96388,35.65,53.38,2.72,High
2026-01-26 11:20:00,61.97,99819,34.8,55.94,2.45,High
2026-01-26 11:25:00,61.65,98252,33.94,57.4,2.26,High
2026-01-26 11:30:00,61.33,98557,35.46,51.47,2.8,High
2026-01-26 11:35:00,61.01,100000,34.71,54.14,2.54,High
2026-01-26 11:40:00,60.73,97340,35.67,56.75,2.52,High
2026-01-26 11:45:00,60.42,97548,35.27,55.36,2.55,High
2026-01-26 11:50:00,60.19,99925,35.71,56.06,2.57,High
2026-01-26 11:55:00,60.04,100000,34.96,57.17,2.4,High
2026-01-26 12:00:00,59.88,100000,34.52,57.19,2.34,High
2026-01-26 12:05:00,59.63,98772,34.02,59.43,2.16,High
2026-01-26 12:10:00,59.35,99490,35.99,51.22,2.9,High
2026-01-26 12:15:00,59.22,99191,35.78,56.5,2.55,High
2026-01-26 12:20:00,59.06,98733,34.52,55.0,2.46,High
2026-01-26 12:25:00,58.87,100000,34.46,54.98,2.46,High
2026-01-26 12:30:00,58.64,97807,35.55,56.49,2.52,High
2026-01-26 12:35:00,58.34,98961,34.13,56.35,2.34,High
2026-01-26 12:40:00,58.18,96069,34.74,58.89,2.28,High
2026-01-26 12:45:00,57.95,97411,33.9,56.43,2.31,High
2026-01-26 12:50:00,57.71,99172,33.99,54.94,2.39,High
2026-01-26 12:55:00,57.47,95487,35.22,54.25,2.6,High
2026-01-26 13:00:00,57.28,94091,34.79,55.46,2.47,High
2026-01-26 13:05:00,57.04,95173,34.38,59.84,2.18,High
2026-01-26 13:10:00,56.89,94605,34.88,58.37,2.33,High
2026-01-26 13:15:00,56.58,94690,34.82,57.44,2.37,High
2026-01-26 13:20:00,56.32,96088,33.93,56.11,2.33,High
2026-01-26 13:25:00,56.1,93180,34.13,57.44,2.28,High
2026-01-26 13:30:00,55.94,92245,34.43,56.01,2.4,High
2026-01-26 13:35:00,55.66,91082,34.9,53.98,2.57,High
2026-01-26 13:40:00,55.42,89171,33.43,59.69,2.08,High
2026-01-26 13:45:00,55.11,91571,33.62,59.02,2.13,High
2026-01-26 13:50:00,54.82,90497,34.4,54.95,2.45,High
2026-01-26 13:55:00,54.7,85824,34.72,56.78,2.39,High
2026-01-26 14:00:00,54.4,88699,34.55,54.22,2.51,High
2026-01-26 14:05:00,54.26,82941,32.91,58.66,2.07,High
2026-01-26 14:10:00,54.1,87141,33.36,58.11,2.15,High
2026-01-26 14:15:00,53.95,85977,33.05,59.98,2.02,High
2026-01-26 14:20:00,53.81,84872,32.7,61.41,1.91,Medium
2026-01-26 14:25:00,53.53,80791,34.18,56.75,2.32,High
2026-01-26 14:30:00,53.24,81250,33.12,61.77,1.94,Medium
2026-01-26 14:35:00,52.92,75099,33.65,60.65,2.05,Medium
2026-01-26 14:40:00,52.6,77028,33.45,56.61,2.24,High
2026-01-26 14:45:00,52.4,75365,32.98,62.69,1.87,Medium
2026-01-26 14:50:00,52.23,74161,33.12,59.58,2.05,High
2026-01-26 14:55:00,52.03,75103,32.68,61.33,1.91,Medium
2026-01-26 15:00:00,51.98,68798,31.75,61.14,1.82,Medium
2026-01-26 15:05:00,51.75,70199,32.14,59.41,1.95,Medium
2026-01-26 15:10:00,51.61,67954,32.18,64.87,1.69,Medium
2026-01-26 15:15:00,51.48,66657,33.1,59.69,2.04,High
2026-01-26 15:20:00,51.38,63462,32.65,63.4,1.81,Medium
2026-01-26 15:25:00,51.34,64201,31.4,63.72,1.67,Medium
2026-01-26 15:30:00,51.3,59889,31.1,65.53,1.56,Medium
2026-01-26 15:35:00,51.16,60186,32.66,59.11,2.02,High
2026-01-26 15:40:00,51.01,59457,32.05,59.32,1.94,Medium
2026-01-26 15:45:00,50.92,54599,31.29,64.08,1.64,Medium
2026-01-26 15:50:00,50.86,54849,32.03,61.84,1.82,Medium
2026-01-26 15:55:00,50.75,52019,32.01,63.43,1.74,Medium
2026-01-26 16:00:00,50.68,50005,31.88,65.59,1.63,Medium
2026-01-26 16:05:00,50.59,50621,31.51,64.08,1.66,Medium
2026-01-26 16:10:00,50.53,48669,31.59,66.3,1.57,Medium
2026-01-26 16:15:00,50.47,44205,30.08,64.82,1.5,Medium
2026-01-26 16:20:00,50.38,44299,30.36,67.12,1.42,Medium
2026-01-26 16:25:00,50.3,39378,30.75,64.63,1.57,Medium
2026-01-26 16:30:00,50.24,37277,29.59,67.61,1.34,Medium
2026-01-26 16:35:00,50.19,34799,29.67,68.26,1.32,Medium
2026-01-26 16:40:00,50.13,31671,29.62,66.99,1.37,Medium
2026-01-26 16:45:00,50.09,30794,30.05,66.55,1.42,Medium
2026-01-26 16:50:00,50.05,27287,29.05,70.03,1.2,Low
2026-01-26 16:55:00,49.99,26430,29.79,67.46,1.36,Medium
2026-01-26 17:00:00,49.92,27231,28.08,72.49,1.04,Medium
2026-01-26 17:05:00,49.86,22657,29.12,67.38,1.32,Medium
2026-01-26 17:10:00,49.79,18805,28.4,70.33,1.15,Medium
2026-01-26 17:15:00,49.71,21710,28.12,68.52,1.2,Medium
2026-01-26 17:20:00,49.67,16612,28.44,70.78,1.13,Medium
2026-01-26 17:25:00,49.63,17761,28.28,71.43,1.1,Medium
2026-01-26 17:30:00,49.58,11538,28.26,71.61,1.09,Medium
2026-01-26 17:35:00,49.51,8144,28.35,73.3,1.03,Medium
2026-01-26 17:40:00,49.44,7044,26.76,72.72,0.96,Low
2026-01-26 17:45:00,49.36,4064,28.27,67.98,1.23,Medium
2026-01-26 17:50:00,49.29,6226,26.79,75.63,0.86,Low
2026-01-26 17:55:00,49.25,0,26.8,75.78,0.85,Low
2026-01-26 18:00:00,49.19,0,26.72,74.74,0.89,Low
2026-01-26 18:05:00,49.14,0,26.69,73.36,0.93,Low
2026-01-26 18:10:00,49.06,0,26.21,76.86,0.79,Low
2026-01-26 18:15:00,49.03,0,27.38,72.61,1.0,Low
2026-01-26 18:20:00,48.98,2142,25.74,74.62,0.84,Low
2026-01-26 18:25:00,48.94,422,26.77,74.27,0.91,Low
2026-01-26 18:30:00,48.87,1695,26.15,77.12,0.78,Low
2026-01-26 18:35:00,48.84,1894,25.35,75.01,0.81,Low
2026-01-26 18:40:00,48.77,0,24.97,75.84,0.76,Low
2026-01-26 18:45:00,48.72,2243,24.66,78.25,0.68,Low
2026-01-26 18:50:00,48.66,0,26.22,77.98,0.75,Low
2026-01-26 18:55:00,48.62,0,25.37,75.84,0.78,Low
2026-01-26 19:00:00,48.58,0,25.6,75.7,0.8,Low
2026-01-26 19:05:00,48.52,2173,24.4,79.1,0.64,Low
2026-01-26 19:10:00,48.48,540,24.54,81.69,0.56,Medium
2026-01-26 19:15:00,48.42,0,25.05,79.94,0.64,Low
2026-01-26 19:20:00,48.39,0,23.63,83.21,0.49,Medium
2026-01-26 19:25:00,48.32,167,23.91,80.02,0.59,Medium
2026-01-26 19:30:00,48.26,0,23.06,85.04,0.42,Medium
2026-01-26 19:35:00,48.22,0,24.14,78.44,0.65,Low
2026-01-26 19:40:00,48.18,0,24.39,77.48,0.69,Low
2026-01-26 19:45:00,48.13,0,22.68,83.6,0.45,Medium
2026-01-26 19:50:00,48.07,125,23.6,80.52,0.57,Medium
2026-01-26 19:55:00,48.02,2796,23.55,84.29,0.46,Medium
2026-01-26 20:00:00,47.95,3,22.82,80.56,0.54,Medium
2026-01-26 20:05:00,47.92,2875,22.86,83.36,0.46,Medium
2026-01-26 20:10:00,47.85,1815,21.79,85.31,0.38,Medium
2026-01-26 20:15:00,47.82,0,21.79,85.44,0.38,Medium
2026-01-26 20:20:00,47.76,0,21.48,84.82,0.39,Medium
2026-01-26 20:25:00,47.71,0,22.56,85.5,0.4,Medium
2026-01-26 20:30:00,47.64,0,21.52,85.02,0.38,Medium
2026-01-26 20:35:00,47.59,0,21.7,88.68,0.29,Medium
2026-01-26 20:40:00,47.52,1070,21.43,88.93,0.28,Medium
2026-01-26 20:45:00,47.46,0,21.97,85.56,0.38,Medium
2026-01-26 20:50:00,47.38,2201,20.97,88.09,0.3,Medium
2026-01-26 20:55:00,47.31,979,20.96,87.14,0.32,Medium
2026-01-26 21:00:00,47.24,2689,20.83,87.65,0.3,Medium
2026-01-26 21:05:00,47.16,745,20.87,89.97,0.25,Medium
2026-01-26 21:10:00,47.1,2332,22.09,85.5,0.39,Medium
2026-01-26 21:15:00,47.07,2979,21.79,86.41,0.35,Medium
2026-01-26 21:20:00,47.0,2830,21.86,82.92,0.45,Medium
2026-01-26 21:25:00,46.96,0,20.5,90.12,0.24,Medium
2026-01-26 21:30:00,46.89,749,20.5,86.17,0.33,Medium
2026-01-26 21:35:00,46.82,2000,19.87,91.2,0.2,Medium
2026-01-26 21:40:00,46.77,588,20.66,89.21,0.26,Medium
2026-01-26 21:45:00,46.73,2756,19.79,92.43,0.17,Medium
2026-01-26 21:50:00,46.69,2098,19.74,89.98,0.23,Medium
2026-01-26 21:55:00,46.62,0,19.17,91.56,0.19,Medium
2026-01-26 22:00:00,46.55,0,19.31,93.43,0.15,Medium
2026-01-26 22:05:00,46.51,1095,20.59,86.88,0.32,Medium
2026-01-26 22:10:00,46.46,2198,19.14,92.75,0.16,Medium
2026-01-26 22:15:00,46.43,2858,19.01,91.23,0.19,Medium
2026-01-26 22:20:00,46.4,0,19.01,94.97,0.11,Medium
2026-01-26 22:25:00,46.32,2980,18.76,94.99,0.11,Medium
2026-01-26 22:30:00,46.25,2451,18.86,91.42,0.19,Medium
2026-01-26 22:35:00,46.17,0,20.11,88.18,0.28,Medium
2026-01-26 22:40:00,46.1,0,20.3,89.49,0.25,Medium
2026-01-26 22:45:00,46.03,97,18.86,92.28,0.17,Medium
2026-01-26 22:50:00,45.98,2309,19.57,91.51,0.19,Medium
2026-01-26 22:55:00,45.91,0,19.82,91.72,0.19,Medium
2026-01-26 23:00:00,45.84,157,18.93,90.1,0.22,Medium
2026-01-26 23:05:00,45.8,0,19.3,93.77,0.14,Medium
2026-01-26 23:10:00,45.73,0,19.22,94.38,0.13,Medium
2026-01-26 23:15:00,45.68,2208,19.33,89.14,0.24,Medium
2026-01-26 23:20:00,45.63,0,19.86,90.12,0.23,Medium
2026-01-26 23:25:00,45.58,155,19.15,93.3,0.15,Medium
2026-01-26 23:30:00,45.53,0,18.75,90.21,0.21,Medium
2026-01-26 23:35:00,45.47,1367,19.2,93.96,0.13,Medium
2026-01-26 23:40:00,45.42,0,19.72,90.65,0.21,Medium
2026-01-26 23:45:00,45.35,0,19.37,93.4,0.15,Medium
2026-01-26 23:50:00,45.27,0,19.03,93.66,0.14,Medium
2026-01-26 23:55:00,45.24,1422,19.69,90.77,0.21,Medium
2026-01-27 00:00:00,77.5,0,18.58,92.26,0.17,Low
2026-01-27 00:05:00,77.43,573,19.7,89.85,0.23,Low
2026-01-27 00:10:00,77.38,1799,19.21,94.42,0.12,Low
2026-01-27 00:15:00,77.33,64,18.68,95.0,0.11,Low
2026-01-27 00:20:00,77.26,984,19.45,90.94,0.2,Low
2026-01-27 00:25:00,77.2,1605,18.65,92.82,0.15,Low
2026-01-27 00:30:00,77.16,0,19.05,94.42,0.12,Low
2026-01-27 00:35:00,77.1,0,19.85,88.64,0.26,Low
2026-01-27 00:40:00,77.06,1419,19.82,92.28,0.18,Low
2026-01-27 00:45:00,77.03,694,19.35,88.61,0.26,Low
2026-01-27 00:50:00,76.95,0,18.76,92.04,0.17,Low
2026-01-27 00:55:00,76.9,0,19.32,92.68,0.16,Low
2026-01-27 01:00:00,76.86,2532,20.07,91.92,0.19,Low
2026-01-27 01:05:00,76.79,0,19.17,92.29,0.17,Low
2026-01-27 01:10:00,76.75,0,19.69,88.64,0.26,Low
2026-01-27 01:15:00,76.68,2409,18.87,95.0,0.11,Low
2026-01-27 01:20:00,76.65,0,19.34,92.91,0.16,Low
2026-01-27 01:25:00,76.57,1693,19.15,94.43,0.12,Low
2026-01-27 01:30:00,76.53,1077,19.59,90.33,0.22,Low
2026-01-27 01:35:00,76.49,0,18.8,91.96,0.17,Low
2026-01-27 01:40:00,76.41,0,20.0,89.97,0.23,Low
2026-01-27 01:45:00,76.37,0,20.46,87.63,0.3,Low
2026-01-27 01:50:00,76.3,1741,20.02,89.08,0.26,Low
2026-01-27 01:55:00,76.23,1984,19.66,93.33,0.15,Low
2026-01-27 02:00:00,76.16,0,20.99,88.08,0.3,Low
2026-01-27 02:05:00,76.09,0,19.59,93.76,0.14,Low
2026-01-27 02:10:00,76.04,2163,20.65,87.99,0.29,Low
2026-01-27 02:15:00,76.01,1693,20.47,88.06,0.29,Low
2026-01-27 02:20:00,75.95,1462,21.42,84.28,0.4,Low
2026-01-27 02:25:00,75.9,0,21.07,85.75,0.36,Low
2026-01-27 02:30:00,75.85,0,20.39,88.92,0.27,Low
2026-01-27 02:35:00,75.79,754,20.08,90.29,0.23,Low
2026-01-27 02:40:00,75.72,335,20.32,91.59,0.2,Low
2026-01-27 02:45:00,75.66,2793,21.22,89.42,0.27,Low
2026-01-27 02:50:00,75.59,141,20.94,90.57,0.23,Low
2026-01-27 02:55:00,75.56,277,22.19,85.85,0.38,Low
2026-01-27 03:00:00,75.5,0,20.52,90.55,0.23,Low
2026-01-27 03:05:00,75.46,0,21.66,85.39,0.38,Low
2026-01-27 03:10:00,75.4,0,20.68,85.72,0.35,Low
2026-01-27 03:15:00,75.36,1067,21.1,85.88,0.35,Low
2026-01-27 03:20:00,75.32,0,22.0,85.93,0.37,Low
2026-01-27 03:25:00,75.26,1014,21.0,86.12,0.35,Low
2026-01-27 03:30:00,75.18,0,22.03,86.27,0.36,Low
2026-01-27 03:35:00,75.14,689,22.39,84.68,0.41,Low
2026-01-27 03:40:00,75.09,118,23.29,83.95,0.46,Low
2026-01-27 03:45:00,75.04,0,22.46,85.83,0.39,Low
2026-01-27 03:50:00,75.0,0,23.39,79.25,0.6,Low
2026-01-27 03:55:00,74.93,0,22.87,82.15,0.5,Low
2026-01-27 04:00:00,74.87,0,22.81,82.21,0.49,Low
2026-01-27 04:05:00,74.81,0,22.98,80.33,0.55,Low
2026-01-27 04:10:00,74.75,1598,23.42,83.72,0.47,Low
2026-01-27 04:15:00,74.69,0,23.66,80.02,0.58,Low
2026-01-27 04:20:00,74.63,109,23.92,82.08,0.53,Low
2026-01-27 04:25:00,74.57,2128,23.67,80.21,0.58,Low
2026-01-27 04:30:00,74.53,158,23.56,82.79,0.5,Low
2026-01-27 04:35:00,74.45,0,25.0,79.16,0.66,Low
2026-01-27 04:40:00,74.38,1218,24.4,78.37,0.66,Low
2026-01-27 04:45:00,74.34,0,24.09,79.46,0.62,Low
2026-01-27 04:50:00,74.29,0,24.82,76.82,0.73,Low
2026-01-27 04:55:00,74.21,1554,25.35,79.78,0.65,Low
2026-01-27 05:00:00,74.16,0,25.54,79.99,0.65,Low
2026-01-27 05:05:00,74.09,2975,24.94,78.77,0.67,Low
2026-01-27 05:10:00,74.05,2918,24.51,77.71,0.69,Low
2026-01-27 05:15:00,73.99,0,26.0,77.18,0.77,Low
2026-01-27 05:20:00,73.93,873,26.56,73.51,0.92,Low
2026-01-27 05:25:00,73.89,2419,25.06,76.73,0.74,Low
2026-01-27 05:30:00,73.81,347,25.93,74.99,0.84,Low
2026-01-27 05:35:00,73.75,0,26.48,75.18,0.86,Low
2026-01-27 05:40:00,73.71,2299,25.9,76.54,0.78,Low
2026-01-27 05:45:00,73.66,0,26.48,73.69,0.91,Low
2026-01-27 05:50:00,73.62,1118,26.82,76.8,0.82,Low
2026-01-27 05:55:00,73.55,975,27.38,73.94,0.95,Low
2026-01-27 06:00:00,73.5,0,27.58,74.37,0.95,Low
2026-01-27 06:05:00,73.45,0,27.3,75.54,0.89,Low
2026-01-27 06:10:00,73.38,2152,28.05,70.86,1.1,Low
2026-01-27 06:15:00,73.32,5107,27.83,70.53,1.1,Low
2026-01-27 06:20:00,73.27,8200,27.13,71.95,1.01,Low
2026-01-27 06:25:00,73.22,8530,27.61,75.28,0.91,Low
2026-01-27 06:30:00,73.19,14850,28.81,67.8,1.28,Low
2026-01-27 06:35:00,73.14,18096,27.52,72.77,1.0,Low
2026-01-27 06:40:00,73.1,14963,28.3,70.12,1.15,Low
2026-01-27 06:45:00,73.02,20298,28.21,68.67,1.2,Low
2026-01-27 06:50:00,72.98,24308,28.43,67.75,1.25,Low
2026-01-27 06:55:00,72.9,21376,28.65,68.45,1.24,Low
